#
# There is insufficient memory for the Java Runtime Environment to continue.
# Native memory allocation (mmap) failed to map 65536 bytes for Failed to commit metaspace.
# Possible reasons:
#   The system is out of physical RAM or swap space
#   The process is running with CompressedOops enabled, and the Java Heap may be blocking the growth of the native heap
# Possible solutions:
#   Reduce memory load on the system
#   Increase physical memory or swap space
#   Check if swap backing store is full
#   Decrease Java heap size (-Xmx/-Xms)
#   Decrease number of Java threads
#   Decrease Java thread stack sizes (-Xss)
#   Set larger code cache with -XX:ReservedCodeCacheSize=
#   JVM is running with Zero Based Compressed Oops mode in which the Java heap is
#     placed in the first 32GB address space. The Java Heap base address is the
#     maximum limit for the native heap growth. Please use -XX:HeapBaseMinAddress
#     to set the Java Heap base and to place the Java Heap above 32GB virtual address.
# This output file may be truncated or incomplete.
#
#  Out of Memory Error (virtualSpaceNode.cpp:112), pid=21232, tid=27936
#
# JRE version: Java(TM) SE Runtime Environment (21.0.9+7) (build 21.0.9+7-LTS-338)
# Java VM: Java HotSpot(TM) 64-Bit Server VM (21.0.9+7-LTS-338, mixed mode, sharing, tiered, compressed oops, compressed class ptrs, g1 gc, windows-amd64)
# No core dump will be written. Minidumps are not enabled by default on client versions of Windows
#

---------------  S U M M A R Y ------------

Command Line: -javaagent:C:\\Users\\lmart\\.m2\\repository\\org\\jacoco\\org.jacoco.agent\\0.8.12\\org.jacoco.agent-0.8.12-runtime.jar=destfile=C:\\Users\\lmart\\Documents\\dev\\clinica_Backend\\target\\jacoco.exec,excludes=**/ClinicaApplication.*:**/config/**:**/dto/**:**/entity/**:**/*Request.*:**/*Response.* C:\Users\lmart\AppData\Local\Temp\surefire17812199034589778080\surefirebooter-20260904151303121_3.jar C:\Users\lmart\AppData\Local\Temp\surefire17812199034589778080 2026-09-04T15-13-02_241-jvmRun1 surefire-20260904151303121_1tmp surefire_0-20260904151303121_2tmp

Host: Intel(R) Core(TM) i5-8400 CPU @ 2.80GHz, 6 cores, 15G,  Windows 11 , 64 bit Build 26100 (10.0.26100.9168)
Time: Fri Sep  4 15:16:58 2026 Hora est. Pacífico, Sudamérica elapsed time: 234.119662 seconds (0d 0h 3m 54s)

---------------  T H R E A D  ---------------

Current thread (0x00000224dd0f9e70):  JavaThread "main"             [_thread_in_vm, id=27936, stack(0x0000005374300000,0x0000005374400000) (1024K)]

Stack: [0x0000005374300000,0x0000005374400000]
Native frames: (J=compiled Java code, j=interpreted, Vv=VM code, C=native code)
V  [jvm.dll+0x6cbf89]
V  [jvm.dll+0x858421]
V  [jvm.dll+0x85a94e]
V  [jvm.dll+0x85b023]
V  [jvm.dll+0x27ebc6]
V  [jvm.dll+0x85403e]
V  [jvm.dll+0x66fcf5]
V  [jvm.dll+0x1e4c4c]
V  [jvm.dll+0x1e4a1e]
V  [jvm.dll+0x672623]
V  [jvm.dll+0x672442]
V  [jvm.dll+0x6706ce]
V  [jvm.dll+0x26a340]
V  [jvm.dll+0x2163a7]
V  [jvm.dll+0x20bcfe]
V  [jvm.dll+0x5aec2c]
V  [jvm.dll+0x7d2486]
V  [jvm.dll+0x4725b6]
V  [jvm.dll+0x478438]
C  [java.dll+0x17ec]

Java frames: (J=compiled Java code, j=interpreted, Vv=VM code)
J 922  java.lang.ClassLoader.defineClass1(Ljava/lang/ClassLoader;Ljava/lang/String;[BIILjava/security/ProtectionDomain;Ljava/lang/String;)Ljava/lang/Class; java.base@21.0.9 (0 bytes) @ 0x00000224ed0c2691 [0x00000224ed0c25c0+0x00000000000000d1]
J 12607 c2 java.security.SecureClassLoader.defineClass(Ljava/lang/String;[BIILjava/security/CodeSource;)Ljava/lang/Class; java.base@21.0.9 (16 bytes) @ 0x00000224ed859d4c [0x00000224ed8596a0+0x00000000000006ac]
J 12511 c2 jdk.internal.loader.BuiltinClassLoader.findClassOnClassPathOrNull(Ljava/lang/String;)Ljava/lang/Class; java.base@21.0.9 (64 bytes) @ 0x00000224ed844e00 [0x00000224ed8420c0+0x0000000000002d40]
J 11742 c2 jdk.internal.loader.BuiltinClassLoader.loadClassOrNull(Ljava/lang/String;Z)Ljava/lang/Class; java.base@21.0.9 (143 bytes) @ 0x00000224ed1badf0 [0x00000224ed1ba180+0x0000000000000c70]
J 12106 c2 java.lang.ClassLoader.loadClass(Ljava/lang/String;)Ljava/lang/Class; java.base@21.0.9 (7 bytes) @ 0x00000224ed1f8114 [0x00000224ed1f80c0+0x0000000000000054]
v  ~StubRoutines::call_stub 0x00000224ecad100d
j  org.springframework.web.servlet.config.annotation.ResourceChainRegistration.<init>(Z)V+6
j  org.springframework.web.servlet.config.annotation.ResourceHandlerRegistration.resourceChain(Z)Lorg/springframework/web/servlet/config/annotation/ResourceChainRegistration;+6
j  org.springframework.boot.webmvc.autoconfigure.WebMvcAutoConfiguration$ResourceChainResourceHandlerRegistrationCustomizer.customize(Lorg/springframework/web/servlet/config/annotation/ResourceHandlerRegistration;)V+28
j  org.springframework.boot.webmvc.autoconfigure.WebMvcAutoConfiguration$WebMvcAutoConfigurationAdapter.customizeResourceHandlerRegistration(Lorg/springframework/web/servlet/config/annotation/ResourceHandlerRegistration;)V+32
j  org.springframework.boot.webmvc.autoconfigure.WebMvcAutoConfiguration$WebMvcAutoConfigurationAdapter.addResourceHandler(Lorg/springframework/web/servlet/config/annotation/ResourceHandlerRegistry;Ljava/lang/String;Ljava/util/function/Consumer;)V+181
j  org.springframework.boot.webmvc.autoconfigure.WebMvcAutoConfiguration$WebMvcAutoConfigurationAdapter.addResourceHandler(Lorg/springframework/web/servlet/config/annotation/ResourceHandlerRegistry;Ljava/lang/String;[Ljava/lang/String;)V+17
j  org.springframework.boot.webmvc.autoconfigure.WebMvcAutoConfiguration$WebMvcAutoConfigurationAdapter.addResourceHandlers(Lorg/springframework/web/servlet/config/annotation/ResourceHandlerRegistry;)V+58
j  org.springframework.web.servlet.config.annotation.WebMvcConfigurerComposite.addResourceHandlers(Lorg/springframework/web/servlet/config/annotation/ResourceHandlerRegistry;)V+31
j  org.springframework.web.servlet.config.annotation.DelegatingWebMvcConfiguration.addResourceHandlers(Lorg/springframework/web/servlet/config/annotation/ResourceHandlerRegistry;)V+5
j  org.springframework.web.servlet.config.annotation.WebMvcConfigurationSupport.resourceHandlerMapping(Lorg/springframework/web/accept/ContentNegotiationManager;Lorg/springframework/format/support/FormattingConversionService;Lorg/springframework/web/servlet/resource/ResourceUrlProvider;)Lorg/springframework/web/servlet/HandlerMapping;+68
j  java.lang.invoke.LambdaForm$DMH+0x0000022481a29400.invokeVirtual(Ljava/lang/Object;Ljava/lang/Object;Ljava/lang/Object;Ljava/lang/Object;Ljava/lang/Object;)Ljava/lang/Object;+16 java.base@21.0.9
j  java.lang.invoke.LambdaForm$MH+0x0000022481fd9400.invoke(Ljava/lang/Object;Ljava/lang/Object;Ljava/lang/Object;Ljava/lang/Object;Ljava/lang/Object;)Ljava/lang/Object;+93 java.base@21.0.9
J 14570 c2 java.lang.reflect.Method.invoke(Ljava/lang/Object;[Ljava/lang/Object;)Ljava/lang/Object; java.base@21.0.9 (108 bytes) @ 0x00000224ed92c4e8 [0x00000224ed92bc00+0x00000000000008e8]
j  org.springframework.beans.factory.support.SimpleInstantiationStrategy.lambda$instantiate$0(Ljava/lang/reflect/Method;Ljava/lang/Object;[Ljava/lang/Object;Lorg/springframework/beans/factory/support/RootBeanDefinition;Lorg/springframework/beans/factory/BeanFactory;)Ljava/lang/Object;+21
j  org.springframework.beans.factory.support.SimpleInstantiationStrategy$$Lambda+0x00000224819c2708.get()Ljava/lang/Object;+20
j  org.springframework.beans.factory.support.SimpleInstantiationStrategy.instantiateWithFactoryMethod(Ljava/lang/reflect/Method;Ljava/util/function/Supplier;)Ljava/lang/Object;+34
j  org.springframework.beans.factory.support.SimpleInstantiationStrategy.instantiate(Lorg/springframework/beans/factory/support/RootBeanDefinition;Ljava/lang/String;Lorg/springframework/beans/factory/BeanFactory;Ljava/lang/Object;Ljava/lang/reflect/Method;[Ljava/lang/Object;)Ljava/lang/Object;+23
j  org.springframework.beans.factory.support.ConstructorResolver.instantiate(Ljava/lang/String;Lorg/springframework/beans/factory/support/RootBeanDefinition;Ljava/lang/Object;Ljava/lang/reflect/Method;[Ljava/lang/Object;)Ljava/lang/Object;+26
j  org.springframework.beans.factory.support.ConstructorResolver.instantiateUsingFactoryMethod(Ljava/lang/String;Lorg/springframework/beans/factory/support/RootBeanDefinition;[Ljava/lang/Object;)Lorg/springframework/beans/BeanWrapper;+2779
j  org.springframework.beans.factory.support.AbstractAutowireCapableBeanFactory.instantiateUsingFactoryMethod(Ljava/lang/String;Lorg/springframework/beans/factory/support/RootBeanDefinition;[Ljava/lang/Object;)Lorg/springframework/beans/BeanWrapper;+19
J 21648 c1 org.springframework.beans.factory.support.AbstractAutowireCapableBeanFactory.createBeanInstance(Ljava/lang/String;Lorg/springframework/beans/factory/support/RootBeanDefinition;[Ljava/lang/Object;)Lorg/springframework/beans/BeanWrapper; (514 bytes) @ 0x00000224e5c368f4 [0x00000224e5c34f60+0x0000000000001994]
J 21818 c1 org.springframework.beans.factory.support.AbstractAutowireCapableBeanFactory.doCreateBean(Ljava/lang/String;Lorg/springframework/beans/factory/support/RootBeanDefinition;[Ljava/lang/Object;)Ljava/lang/Object; (911 bytes) @ 0x00000224e59c0a8c [0x00000224e59c04c0+0x00000000000005cc]
J 21824 c1 org.springframework.beans.factory.support.AbstractAutowireCapableBeanFactory.createBean(Ljava/lang/String;Lorg/springframework/beans/factory/support/RootBeanDefinition;[Ljava/lang/Object;)Ljava/lang/Object; (393 bytes) @ 0x00000224e59bdef4 [0x00000224e59bd200+0x0000000000000cf4]
j  org.springframework.beans.factory.support.AbstractBeanFactory.lambda$doGetBean$0(Ljava/lang/String;Lorg/springframework/beans/factory/support/RootBeanDefinition;[Ljava/lang/Object;)Ljava/lang/Object;+12
J 21914 c1 org.springframework.beans.factory.support.AbstractBeanFactory$$Lambda+0x00000224817f3728.getObject()Ljava/lang/Object; (20 bytes) @ 0x00000224e5c9cc6c [0x00000224e5c9cbc0+0x00000000000000ac]
J 21915 c1 org.springframework.beans.factory.support.DefaultSingletonBeanRegistry.getSingleton(Ljava/lang/String;Lorg/springframework/beans/factory/ObjectFactory;)Ljava/lang/Object; (2393 bytes) @ 0x00000224e5c9239c [0x00000224e5c8e100+0x000000000000429c]
J 22091 c1 org.springframework.beans.factory.support.AbstractBeanFactory.doGetBean(Ljava/lang/String;Ljava/lang/Class;[Ljava/lang/Object;Z)Ljava/lang/Object; (1321 bytes) @ 0x00000224e5f14db4 [0x00000224e5f13140+0x0000000000001c74]
J 22065 c1 org.springframework.beans.factory.support.AbstractBeanFactory.getBean(Ljava/lang/String;)Ljava/lang/Object; (21 bytes) @ 0x00000224e5f921dc [0x00000224e5f920c0+0x000000000000011c]
j  org.springframework.beans.factory.support.DefaultListableBeanFactory.instantiateSingleton(Ljava/lang/String;)V+111
j  org.springframework.beans.factory.support.DefaultListableBeanFactory.preInstantiateSingleton(Ljava/lang/String;Lorg/springframework/beans/factory/support/RootBeanDefinition;)Ljava/util/concurrent/CompletableFuture;+335
j  org.springframework.beans.factory.support.DefaultListableBeanFactory.preInstantiateSingletons()V+237
j  org.springframework.context.support.AbstractApplicationContext.finishBeanFactoryInitialization(Lorg/springframework/beans/factory/config/ConfigurableListableBeanFactory;)V+502
j  org.springframework.context.support.AbstractApplicationContext.refresh()V+184
j  org.springframework.boot.SpringApplication.refresh(Lorg/springframework/context/ConfigurableApplicationContext;)V+8
j  org.springframework.boot.SpringApplication.refreshContext(Lorg/springframework/context/ConfigurableApplicationContext;)V+44
j  org.springframework.boot.SpringApplication.run([Ljava/lang/String;)Lorg/springframework/context/ConfigurableApplicationContext;+198
j  org.springframework.boot.test.context.SpringBootContextLoader.lambda$loadContext$2(Lorg/springframework/boot/SpringApplication;[Ljava/lang/String;)Ljava/lang/Object;+9
j  org.springframework.boot.test.context.SpringBootContextLoader$$Lambda+0x000002248170fbb8.getWithException()Ljava/lang/Object;+8
j  org.springframework.util.function.ThrowingSupplier.get(Ljava/util/function/BiFunction;)Ljava/lang/Object;+7
j  org.springframework.util.function.ThrowingSupplier.get()Ljava/lang/Object;+12
j  org.springframework.boot.SpringApplication.withHook(Lorg/springframework/boot/SpringApplicationHook;Lorg/springframework/util/function/ThrowingSupplier;)Ljava/lang/Object;+21
j  org.springframework.boot.test.context.SpringBootContextLoader$ContextLoaderHook.run(Lorg/springframework/util/function/ThrowingSupplier;)Lorg/springframework/context/ApplicationContext;+8
j  org.springframework.boot.test.context.SpringBootContextLoader.loadContext(Lorg/springframework/test/context/MergedContextConfiguration;Lorg/springframework/boot/test/context/SpringBootContextLoader$Mode;Lorg/springframework/context/ApplicationContextInitializer;Lorg/springframework/aot/hint/RuntimeHints;)Lorg/springframework/context/ApplicationContext;+210
j  org.springframework.boot.test.context.SpringBootContextLoader.loadContext(Lorg/springframework/test/context/MergedContextConfiguration;)Lorg/springframework/context/ApplicationContext;+14
j  org.springframework.test.context.cache.DefaultCacheAwareContextLoaderDelegate.loadContextInternal(Lorg/springframework/test/context/MergedContextConfiguration;)Lorg/springframework/context/ApplicationContext;+37
j  org.springframework.test.context.cache.DefaultCacheAwareContextLoaderDelegate.lambda$loadContext$0(Lorg/springframework/test/context/MergedContextConfiguration;)Lorg/springframework/context/ApplicationContext;+43
j  org.springframework.test.context.cache.DefaultCacheAwareContextLoaderDelegate$$Lambda+0x00000224817018f0.loadContext(Lorg/springframework/test/context/MergedContextConfiguration;)Lorg/springframework/context/ApplicationContext;+5
j  org.springframework.test.context.cache.DefaultContextCache.put(Lorg/springframework/test/context/MergedContextConfiguration;Lorg/springframework/test/context/cache/ContextCache$LoadFunction;)Lorg/springframework/context/ApplicationContext;+55
j  org.springframework.test.context.cache.DefaultCacheAwareContextLoaderDelegate.loadContext(Lorg/springframework/test/context/MergedContextConfiguration;)Lorg/springframework/context/ApplicationContext;+224
j  org.springframework.test.context.support.DefaultTestContext.getApplicationContext()Lorg/springframework/context/ApplicationContext;+15
j  org.springframework.test.context.web.ServletTestExecutionListener.setUpRequestContextIfNecessary(Lorg/springframework/test/context/TestContext;)V+43
j  org.springframework.test.context.web.ServletTestExecutionListener.prepareTestInstance(Lorg/springframework/test/context/TestContext;)V+9
j  org.springframework.test.context.TestContextManager.prepareTestInstance(Ljava/lang/Object;)V+119
j  org.springframework.test.context.junit.jupiter.SpringExtension.postProcessTestInstance(Ljava/lang/Object;Lorg/junit/jupiter/api/extension/ExtensionContext;)V+72
j  org.junit.jupiter.engine.descriptor.ClassBasedTestDescriptor.lambda$invokeTestInstancePostProcessors$1(Lorg/junit/jupiter/api/extension/TestInstancePostProcessor;Ljava/lang/Object;Lorg/junit/jupiter/engine/execution/ExtensionContextSupplier;)V+17
j  org.junit.jupiter.engine.descriptor.ClassBasedTestDescriptor$$Lambda+0x0000022481700000.execute()V+12
j  org.junit.jupiter.engine.descriptor.ClassBasedTestDescriptor.executeAndMaskThrowable(Lorg/junit/jupiter/api/function/Executable;)V+8
j  org.junit.jupiter.engine.descriptor.ClassBasedTestDescriptor.lambda$invokeTestInstancePostProcessors$0(Ljava/lang/Object;Lorg/junit/jupiter/engine/execution/ExtensionContextSupplier;Lorg/junit/jupiter/api/extension/TestInstancePostProcessor;)V+17
j  org.junit.jupiter.engine.descriptor.ClassBasedTestDescriptor$$Lambda+0x0000022481152af8.accept(Ljava/lang/Object;)V+16
J 13549 c1 java.util.stream.ForEachOps$ForEachOp$OfRef.accept(Ljava/lang/Object;)V java.base@21.0.9 (11 bytes) @ 0x00000224e6c4a7d4 [0x00000224e6c4a6c0+0x0000000000000114]
J 6791 c2 java.util.stream.ReferencePipeline$3$1.accept(Ljava/lang/Object;)V java.base@21.0.9 (23 bytes) @ 0x00000224ed518da4 [0x00000224ed518d20+0x0000000000000084]
J 7417 c2 java.util.stream.ReferencePipeline$2$1.accept(Ljava/lang/Object;)V java.base@21.0.9 (27 bytes) @ 0x00000224ed5da92c [0x00000224ed5da8a0+0x000000000000008c]
J 6791 c2 java.util.stream.ReferencePipeline$3$1.accept(Ljava/lang/Object;)V java.base@21.0.9 (23 bytes) @ 0x00000224ed518da4 [0x00000224ed518d20+0x0000000000000084]
J 7156 c1 java.util.ArrayList$ArrayListSpliterator.forEachRemaining(Ljava/util/function/Consumer;)V java.base@21.0.9 (127 bytes) @ 0x00000224e637bb04 [0x00000224e637ba00+0x0000000000000104]
J 11414 c2 java.util.stream.AbstractPipeline.wrapAndCopyInto(Ljava/util/stream/Sink;Ljava/util/Spliterator;)Ljava/util/stream/Sink; java.base@21.0.9 (18 bytes) @ 0x00000224ed740964 [0x00000224ed7407e0+0x0000000000000184]
J 7298 c1 java.util.stream.ForEachOps$ForEachOp$OfRef.evaluateSequential(Ljava/util/stream/PipelineHelper;Ljava/util/Spliterator;)Ljava/lang/Object; java.base@21.0.9 (7 bytes) @ 0x00000224e63b183c [0x00000224e63b17c0+0x000000000000007c]
J 14464 c2 java.util.stream.AbstractPipeline.evaluate(Ljava/util/stream/TerminalOp;)Ljava/lang/Object; java.base@21.0.9 (94 bytes) @ 0x00000224ed917a58 [0x00000224ed917940+0x0000000000000118]
J 10365 c1 java.util.stream.ReferencePipeline.forEach(Ljava/util/function/Consumer;)V java.base@21.0.9 (11 bytes) @ 0x00000224e694e2e4 [0x00000224e694e080+0x0000000000000264]
j  org.junit.jupiter.engine.descriptor.ClassBasedTestDescriptor.invokeTestInstancePostProcessors(Ljava/lang/Object;Lorg/junit/jupiter/engine/extension/ExtensionRegistry;Lorg/junit/jupiter/engine/execution/ExtensionContextSupplier;)V+25
j  org.junit.jupiter.engine.descriptor.ClassBasedTestDescriptor.lambda$instantiateAndPostProcessTestInstance$0(Lorg/junit/jupiter/api/extension/TestInstances;Lorg/junit/jupiter/engine/extension/ExtensionRegistry;Lorg/junit/jupiter/engine/execution/ExtensionContextSupplier;Lorg/junit/jupiter/engine/execution/JupiterEngineExecutionContext;)V+17
j  org.junit.jupiter.engine.descriptor.ClassBasedTestDescriptor$$Lambda+0x00000224811528e0.execute()V+20
J 9577 c1 org.junit.platform.engine.support.hierarchical.ThrowableCollector.execute(Lorg/junit/platform/engine/support/hierarchical/ThrowableCollector$Executable;)V (50 bytes) @ 0x00000224e681a9d4 [0x00000224e681a960+0x0000000000000074]
j  org.junit.jupiter.engine.descriptor.ClassBasedTestDescriptor.instantiateAndPostProcessTestInstance(Lorg/junit/jupiter/engine/execution/JupiterEngineExecutionContext;Lorg/junit/jupiter/engine/descriptor/ClassExtensionContext;Lorg/junit/jupiter/engine/extension/ExtensionRegistry;Lorg/junit/jupiter/engine/execution/JupiterEngineExecutionContext;)Lorg/junit/jupiter/api/extension/TestInstances;+65
j  org.junit.jupiter.engine.descriptor.ClassBasedTestDescriptor.lambda$testInstancesProvider$1(Lorg/junit/jupiter/engine/execution/JupiterEngineExecutionContext;Lorg/junit/jupiter/engine/descriptor/ClassExtensionContext;Lorg/junit/jupiter/engine/extension/ExtensionRegistry;Lorg/junit/jupiter/engine/execution/JupiterEngineExecutionContext;)Lorg/junit/jupiter/api/extension/TestInstances;+14
j  org.junit.jupiter.engine.descriptor.ClassBasedTestDescriptor$$Lambda+0x0000022481155a90.get()Ljava/lang/Object;+20
J 7383 c1 java.util.Optional.orElseGet(Ljava/util/function/Supplier;)Ljava/lang/Object; java.base@21.0.9 (21 bytes) @ 0x00000224e63d8a44 [0x00000224e63d89c0+0x0000000000000084]
j  org.junit.jupiter.engine.descriptor.ClassBasedTestDescriptor.lambda$testInstancesProvider$0(Lorg/junit/jupiter/engine/descriptor/ClassExtensionContext;Lorg/junit/jupiter/engine/execution/JupiterEngineExecutionContext;Lorg/junit/jupiter/engine/extension/ExtensionRegistry;Lorg/junit/jupiter/engine/execution/JupiterEngineExecutionContext;)Lorg/junit/jupiter/api/extension/TestInstances;+23
j  org.junit.jupiter.engine.descriptor.ClassBasedTestDescriptor$$Lambda+0x000002248114a6a8.getTestInstances(Lorg/junit/jupiter/engine/extension/ExtensionRegistry;Lorg/junit/jupiter/engine/execution/JupiterEngineExecutionContext;)Lorg/junit/jupiter/api/extension/TestInstances;+14
j  org.junit.jupiter.engine.execution.TestInstancesProvider.getTestInstances(Lorg/junit/jupiter/engine/execution/JupiterEngineExecutionContext;)Lorg/junit/jupiter/api/extension/TestInstances;+12
j  org.junit.jupiter.engine.descriptor.TestMethodTestDescriptor.lambda$prepare$0(Lorg/junit/jupiter/engine/execution/JupiterEngineExecutionContext;Lorg/junit/jupiter/engine/descriptor/MethodExtensionContext;)V+13
j  org.junit.jupiter.engine.descriptor.TestMethodTestDescriptor$$Lambda+0x0000022481155878.execute()V+12
J 9577 c1 org.junit.platform.engine.support.hierarchical.ThrowableCollector.execute(Lorg/junit/platform/engine/support/hierarchical/ThrowableCollector$Executable;)V (50 bytes) @ 0x00000224e681a9d4 [0x00000224e681a960+0x0000000000000074]
j  org.junit.jupiter.engine.descriptor.TestMethodTestDescriptor.prepare(Lorg/junit/jupiter/engine/execution/JupiterEngineExecutionContext;)Lorg/junit/jupiter/engine/execution/JupiterEngineExecutionContext;+135
j  org.junit.jupiter.engine.descriptor.TestMethodTestDescriptor.prepare(Lorg/junit/platform/engine/support/hierarchical/EngineExecutionContext;)Lorg/junit/platform/engine/support/hierarchical/EngineExecutionContext;+12
j  org.junit.platform.engine.support.hierarchical.NodeTestTask.lambda$prepare$0()V+22
j  org.junit.platform.engine.support.hierarchical.NodeTestTask$$Lambda+0x0000022481132448.execute()V+4
J 9577 c1 org.junit.platform.engine.support.hierarchical.ThrowableCollector.execute(Lorg/junit/platform/engine/support/hierarchical/ThrowableCollector$Executable;)V (50 bytes) @ 0x00000224e681a9d4 [0x00000224e681a960+0x0000000000000074]
j  org.junit.platform.engine.support.hierarchical.NodeTestTask.prepare()V+17
j  org.junit.platform.engine.support.hierarchical.NodeTestTask.execute()V+57
j  org.junit.platform.engine.support.hierarchical.SameThreadHierarchicalTestExecutorService$$Lambda+0x000002248113aae8.accept(Ljava/lang/Object;)V+4
J 9496 c1 java.util.ArrayList.forEach(Ljava/util/function/Consumer;)V java.base@21.0.9 (74 bytes) @ 0x00000224e67f22d4 [0x00000224e67f2200+0x00000000000000d4]
j  org.junit.platform.engine.support.hierarchical.SameThreadHierarchicalTestExecutorService.invokeAll(Ljava/util/List;)V+12
j  org.junit.platform.engine.support.hierarchical.NodeTestTask.lambda$executeRecursively$2(Lorg/junit/platform/engine/support/hierarchical/ThrowableCollector;)V+176
j  org.junit.platform.engine.support.hierarchical.NodeTestTask$$Lambda+0x000002248113a020.execute()V+8
J 9577 c1 org.junit.platform.engine.support.hierarchical.ThrowableCollector.execute(Lorg/junit/platform/engine/support/hierarchical/ThrowableCollector$Executable;)V (50 bytes) @ 0x00000224e681a9d4 [0x00000224e681a960+0x0000000000000074]
j  org.junit.platform.engine.support.hierarchical.NodeTestTask.lambda$executeRecursively$1(Lorg/junit/platform/engine/support/hierarchical/ThrowableCollector;Lorg/junit/platform/engine/support/hierarchical/EngineExecutionContext;)V+27
j  org.junit.platform.engine.support.hierarchical.NodeTestTask$$Lambda+0x0000022481139e08.invoke(Lorg/junit/platform/engine/support/hierarchical/EngineExecutionContext;)V+9
j  org.junit.platform.engine.support.hierarchical.Node.around(Lorg/junit/platform/engine/support/hierarchical/EngineExecutionContext;Lorg/junit/platform/engine/support/hierarchical/Node$Invocation;)V+9
j  org.junit.platform.engine.support.hierarchical.NodeTestTask.lambda$executeRecursively$0(Lorg/junit/platform/engine/support/hierarchical/ThrowableCollector;)V+22
j  org.junit.platform.engine.support.hierarchical.NodeTestTask$$Lambda+0x0000022481139a00.execute()V+8
J 9577 c1 org.junit.platform.engine.support.hierarchical.ThrowableCollector.execute(Lorg/junit/platform/engine/support/hierarchical/ThrowableCollector$Executable;)V (50 bytes) @ 0x00000224e681a9d4 [0x00000224e681a960+0x0000000000000074]
j  org.junit.platform.engine.support.hierarchical.NodeTestTask.executeRecursively()V+51
j  org.junit.platform.engine.support.hierarchical.NodeTestTask.execute()V+148
j  org.junit.platform.engine.support.hierarchical.SameThreadHierarchicalTestExecutorService$$Lambda+0x000002248113aae8.accept(Ljava/lang/Object;)V+4
j  java.util.ArrayList.forEach(Ljava/util/function/Consumer;)V+46 java.base@21.0.9
j  org.junit.platform.engine.support.hierarchical.SameThreadHierarchicalTestExecutorService.invokeAll(Ljava/util/List;)V+12
j  org.junit.platform.engine.support.hierarchical.NodeTestTask.lambda$executeRecursively$2(Lorg/junit/platform/engine/support/hierarchical/ThrowableCollector;)V+176
j  org.junit.platform.engine.support.hierarchical.NodeTestTask$$Lambda+0x000002248113a020.execute()V+8
j  org.junit.platform.engine.support.hierarchical.ThrowableCollector.execute(Lorg/junit/platform/engine/support/hierarchical/ThrowableCollector$Executable;)V+7
j  org.junit.platform.engine.support.hierarchical.NodeTestTask.lambda$executeRecursively$1(Lorg/junit/platform/engine/support/hierarchical/ThrowableCollector;Lorg/junit/platform/engine/support/hierarchical/EngineExecutionContext;)V+27
j  org.junit.platform.engine.support.hierarchical.NodeTestTask$$Lambda+0x0000022481139e08.invoke(Lorg/junit/platform/engine/support/hierarchical/EngineExecutionContext;)V+9
j  org.junit.platform.engine.support.hierarchical.Node.around(Lorg/junit/platform/engine/support/hierarchical/EngineExecutionContext;Lorg/junit/platform/engine/support/hierarchical/Node$Invocation;)V+9
j  org.junit.platform.engine.support.hierarchical.NodeTestTask.lambda$executeRecursively$0(Lorg/junit/platform/engine/support/hierarchical/ThrowableCollector;)V+22
j  org.junit.platform.engine.support.hierarchical.NodeTestTask$$Lambda+0x0000022481139a00.execute()V+8
j  org.junit.platform.engine.support.hierarchical.ThrowableCollector.execute(Lorg/junit/platform/engine/support/hierarchical/ThrowableCollector$Executable;)V+7
j  org.junit.platform.engine.support.hierarchical.NodeTestTask.executeRecursively()V+51
j  org.junit.platform.engine.support.hierarchical.NodeTestTask.execute()V+148
j  org.junit.platform.engine.support.hierarchical.SameThreadHierarchicalTestExecutorService.submit(Lorg/junit/platform/engine/support/hierarchical/HierarchicalTestExecutorService$TestTask;)Ljava/util/concurrent/Future;+7
j  org.junit.platform.engine.support.hierarchical.HierarchicalTestExecutor.execute()Ljava/util/concurrent/Future;+14
j  org.junit.platform.engine.support.hierarchical.HierarchicalTestEngine.execute(Lorg/junit/platform/engine/ExecutionRequest;)V+57
j  org.junit.platform.launcher.core.EngineExecutionOrchestrator.executeEngine(Lorg/junit/platform/engine/TestDescriptor;Lorg/junit/platform/engine/EngineExecutionListener;Lorg/junit/platform/engine/ConfigurationParameters;Lorg/junit/platform/engine/TestEngine;Lorg/junit/platform/engine/OutputDirectoryCreator;Lorg/junit/platform/launcher/core/DiscoveryIssueNotifier;Lorg/junit/platform/engine/support/store/NamespacedHierarchicalStore;Lorg/junit/platform/engine/CancellationToken;)V+40
j  org.junit.platform.launcher.core.EngineExecutionOrchestrator.failOrExecuteEngine(Lorg/junit/platform/launcher/core/LauncherDiscoveryResult;Lorg/junit/platform/engine/EngineExecutionListener;Lorg/junit/platform/engine/TestEngine;Lorg/junit/platform/engine/support/store/NamespacedHierarchicalStore;Lorg/junit/platform/engine/CancellationToken;)V+308
j  org.junit.platform.launcher.core.EngineExecutionOrchestrator.execute(Lorg/junit/platform/launcher/core/LauncherDiscoveryResult;Lorg/junit/platform/engine/EngineExecutionListener;Lorg/junit/platform/engine/support/store/NamespacedHierarchicalStore;Lorg/junit/platform/engine/CancellationToken;)V+114
j  org.junit.platform.launcher.core.EngineExecutionOrchestrator.execute(Lorg/junit/platform/launcher/core/InternalTestPlan;Lorg/junit/platform/engine/EngineExecutionListener;Lorg/junit/platform/launcher/TestExecutionListener;Lorg/junit/platform/engine/support/store/NamespacedHierarchicalStore;Lorg/junit/platform/engine/CancellationToken;)V+115
j  org.junit.platform.launcher.core.EngineExecutionOrchestrator.lambda$execute$0(Lorg/junit/platform/launcher/core/InternalTestPlan;Lorg/junit/platform/engine/support/store/NamespacedHierarchicalStore;Lorg/junit/platform/engine/CancellationToken;Lorg/junit/platform/launcher/TestExecutionListener;)V+17
j  org.junit.platform.launcher.core.EngineExecutionOrchestrator$$Lambda+0x0000022481125718.accept(Ljava/lang/Object;)V+20
j  org.junit.platform.launcher.core.EngineExecutionOrchestrator.withInterceptedStreams(Lorg/junit/platform/engine/ConfigurationParameters;Lorg/junit/platform/launcher/core/ListenerRegistry;Ljava/util/function/Consumer;)V+83
j  org.junit.platform.launcher.core.EngineExecutionOrchestrator.execute(Lorg/junit/platform/launcher/core/InternalTestPlan;Lorg/junit/platform/engine/support/store/NamespacedHierarchicalStore;Ljava/util/Collection;Lorg/junit/platform/engine/CancellationToken;)V+46
j  org.junit.platform.launcher.core.DefaultLauncher.execute(Lorg/junit/platform/launcher/core/InternalTestPlan;Ljava/util/Collection;Lorg/junit/platform/engine/CancellationToken;)V+29
j  org.junit.platform.launcher.core.DefaultLauncher.execute(Lorg/junit/platform/launcher/LauncherExecutionRequest;)V+71
j  org.junit.platform.launcher.core.DelegatingLauncher.execute(Lorg/junit/platform/launcher/LauncherExecutionRequest;)V+11
j  org.junit.platform.launcher.core.InterceptingLauncher.lambda$execute$2(Lorg/junit/platform/launcher/LauncherExecutionRequest;)Ljava/lang/Object;+8
j  org.junit.platform.launcher.core.InterceptingLauncher$$Lambda+0x00000224811250b8.proceed()Ljava/lang/Object;+8
j  org.junit.platform.launcher.core.ClasspathAlignmentCheckingLauncherInterceptor.intercept(Lorg/junit/platform/launcher/LauncherInterceptor$Invocation;)Ljava/lang/Object;+7
j  org.junit.platform.launcher.core.InterceptingLauncher.execute(Lorg/junit/platform/launcher/LauncherExecutionRequest;)V+17
j  org.junit.platform.launcher.core.DelegatingLauncher.execute(Lorg/junit/platform/launcher/LauncherExecutionRequest;)V+11
j  java.lang.invoke.LambdaForm$DMH+0x00000224810b8800.invokeInterface(Ljava/lang/Object;Ljava/lang/Object;Ljava/lang/Object;)V+24 java.base@21.0.9
j  java.lang.invoke.LambdaForm$MH+0x0000022481128c00.invoke(Ljava/lang/Object;Ljava/lang/Object;Ljava/lang/Object;)Ljava/lang/Object;+52 java.base@21.0.9
j  java.lang.invoke.Invokers$Holder.invokeExact_MT(Ljava/lang/Object;Ljava/lang/Object;Ljava/lang/Object;Ljava/lang/Object;)Ljava/lang/Object;+20 java.base@21.0.9
j  jdk.internal.reflect.DirectMethodHandleAccessor.invokeImpl(Ljava/lang/Object;[Ljava/lang/Object;)Ljava/lang/Object;+55 java.base@21.0.9
j  jdk.internal.reflect.DirectMethodHandleAccessor.invoke(Ljava/lang/Object;[Ljava/lang/Object;)Ljava/lang/Object;+23 java.base@21.0.9
j  java.lang.reflect.Method.invoke(Ljava/lang/Object;[Ljava/lang/Object;)Ljava/lang/Object;+102 java.base@21.0.9
j  org.apache.maven.surefire.api.util.ReflectionUtils.invokeMethodWithArray(Ljava/lang/Object;Ljava/lang/reflect/Method;[Ljava/lang/Object;)Ljava/lang/Object;+8
j  org.apache.maven.surefire.junitplatform.LauncherAdapter.executeWithCancellationToken(Lorg/junit/platform/launcher/LauncherDiscoveryRequest;[Lorg/junit/platform/launcher/TestExecutionListener;)V+51
j  org.apache.maven.surefire.junitplatform.LauncherAdapter.execute(Lorg/junit/platform/launcher/LauncherDiscoveryRequest;[Lorg/junit/platform/launcher/TestExecutionListener;)V+34
j  org.apache.maven.surefire.junitplatform.JUnitPlatformProvider.execute(Lorg/apache/maven/surefire/junitplatform/LauncherAdapter;Lorg/apache/maven/surefire/api/util/TestsToRun;Lorg/apache/maven/surefire/junitplatform/RunListenerAdapter;)V+96
j  org.apache.maven.surefire.junitplatform.JUnitPlatformProvider.invokeAllTests(Lorg/apache/maven/surefire/junitplatform/LauncherAdapter;Lorg/apache/maven/surefire/api/util/TestsToRun;Lorg/apache/maven/surefire/junitplatform/RunListenerAdapter;)V+68
j  org.apache.maven.surefire.junitplatform.JUnitPlatformProvider.invoke(Ljava/lang/Object;)Lorg/apache/maven/surefire/api/suite/RunResult;+220
j  org.apache.maven.surefire.booter.ForkedBooter.runSuitesInProcess()V+12
j  org.apache.maven.surefire.booter.ForkedBooter.execute()V+5
j  org.apache.maven.surefire.booter.ForkedBooter.run(Lorg/apache/maven/surefire/booter/ForkedBooter;[Ljava/lang/String;)V+49
j  org.apache.maven.surefire.booter.ForkedBooter.main([Ljava/lang/String;)V+20
v  ~StubRoutines::call_stub 0x00000224ecad100d

Compiled method (n/a)  234217  922     n 0       java.lang.ClassLoader::defineClass1 (native)
 total in heap  [0x00000224ed0c2410,0x00000224ed0c2a70] = 1632
 relocation     [0x00000224ed0c2570,0x00000224ed0c25a8] = 56
 main code      [0x00000224ed0c25c0,0x00000224ed0c2a6f] = 1199
 stub code      [0x00000224ed0c2a6f,0x00000224ed0c2a70] = 1

[Constant Pool (empty)]

[MachCode]
[Entry Point]
  # {method} {0x000002248043a5f0} 'defineClass1' '(Ljava/lang/ClassLoader;Ljava/lang/String;[BIILjava/security/ProtectionDomain;Ljava/lang/String;)Ljava/lang/Class;' in 'java/lang/ClassLoader'
  # parm0:    rdx:rdx   = 'java/lang/ClassLoader'
  # parm1:    r8:r8     = 'java/lang/String'
  # parm2:    r9:r9     = '[B'
  # parm3:    rdi       = int
  # parm4:    rsi       = int
  # parm5:    rcx:rcx   = 'java/security/ProtectionDomain'
  # parm6:    [sp+0xa0]   = 'java/lang/String'  (sp of caller)
  0x00000224ed0c25c0: 448b 5208 | 49bb 0000 | 0080 2402 | 0000 4d03 | d349 3bc2 | 0f84 0600 

  0x00000224ed0c25d8: ;   {runtime_call ic_miss_stub}
  0x00000224ed0c25d8: 0000 e9a1 | c1a5 ff90 
[Verified Entry Point]
  0x00000224ed0c25e0: 8984 2400 | 80ff ff55 | 488b ec48 | 81ec 9000 | 0000 6690 | 4181 7f20 | 2700 0000 

  0x00000224ed0c25fc: ;   {runtime_call StubRoutines (final stubs)}
  0x00000224ed0c25fc: 7405 e85d | 27a4 ff48 | 837d 1000 | 488d 4510 | 480f 4445 | 1048 8944 | 2440 4889 | 4c24 7048 
  0x00000224ed0c261c: 83f9 0048 | 8d44 2470 | 480f 4444 | 2470 4889 | 4424 3848 | 8974 2430 | 4889 7c24 | 284c 894c 
  0x00000224ed0c263c: 2458 4983 | f900 488d | 4424 5848 | 0f44 4424 | 5848 8944 | 2420 4c89 | 4424 5049 | 83f8 004c 
  0x00000224ed0c265c: 8d4c 2450 | 4c0f 444c | 2450 4889 | 5424 4848 | 83fa 004c | 8d44 2448 | 4c0f 4444 

  0x00000224ed0c2678: ;   {oop(a 'java/lang/Class'{0x0000000702cd7338} = 'java/lang/ClassLoader')}
  0x00000224ed0c2678: 2448 49be | 3873 cd02 | 0700 0000 | 4c89 7424 | 784c 8d74 | 2478 498b | d6c5 f877 

  0x00000224ed0c2694: ;   {internal_word}
  0x00000224ed0c2694: 49ba 9126 | 0ced 2402 | 0000 4d89 | 97a8 0300 | 0049 89a7 | a003 0000 

  0x00000224ed0c26ac: ;   {external_word}
  0x00000224ed0c26ac: 49ba c087 | 1de6 fc7f | 0000 4180 | 3a00 0f84 | 4e00 0000 | 5241 5041 

  0x00000224ed0c26c4: ;   {metadata({method} {0x000002248043a5f0} 'defineClass1' '(Ljava/lang/ClassLoader;Ljava/lang/String;[BIILjava/security/ProtectionDomain;Ljava/lang/String;)Ljava/lang/Class;' in 'java/lang/ClassLoader')}
  0x00000224ed0c26c4: 5148 bae8 | a543 8024 | 0200 0049 | 8bcf 4883 | ec20 40f6 | c40f 0f84 | 1900 0000 | 4883 ec08 
  0x00000224ed0c26e4: ;   {runtime_call}
  0x00000224ed0c26e4: 48b8 901e | cee5 fc7f | 0000 ffd0 | 4883 c408 | e90c 0000 

  0x00000224ed0c26f8: ;   {runtime_call}
  0x00000224ed0c26f8: 0048 b890 | 1ece e5fc | 7f00 00ff | d048 83c4 | 2041 5941 | 585a 498d | 8fc0 0300 | 0041 c787 
  0x00000224ed0c2718: 4c04 0000 | 0400 0000 

  0x00000224ed0c2720: ;   {runtime_call}
  0x00000224ed0c2720: 48b8 ac16 | 4fa1 fd7f | 0000 ffd0 | c5f8 7741 | c787 4c04 | 0000 0500 | 0000 f083 | 4424 c000 
  0x00000224ed0c2740: 493b af50 | 0400 000f | 870e 0000 | 0041 83bf | 4804 0000 | 000f 842b | 0000 00c5 | f877 4889 
  0x00000224ed0c2760: 45f8 498b | cf4c 8be4 | 4883 ec20 | 4883 e4f0 

  0x00000224ed0c2770: ;   {runtime_call}
  0x00000224ed0c2770: 48b8 60cb | 99e5 fc7f | 0000 ffd0 | 498b e44d | 33e4 488b | 45f8 41c7 | 874c 0400 | 0008 0000 
  0x00000224ed0c2790: 0041 83bf | c804 0000 | 020f 84a3 

  0x00000224ed0c279c: ;   {external_word}
  0x00000224ed0c279c: 0200 0049 | bac0 871d | e6fc 7f00 | 0041 803a | 000f 844c | 0000 0048 

  0x00000224ed0c27b4: ;   {metadata({method} {0x000002248043a5f0} 'defineClass1' '(Ljava/lang/ClassLoader;Ljava/lang/String;[BIILjava/security/ProtectionDomain;Ljava/lang/String;)Ljava/lang/Class;' in 'java/lang/ClassLoader')}
  0x00000224ed0c27b4: 8945 f848 | bae8 a543 | 8024 0200 | 0049 8bcf | 4883 ec20 | 40f6 c40f | 0f84 1900 | 0000 4883 
  0x00000224ed0c27d4: ;   {runtime_call}
  0x00000224ed0c27d4: ec08 48b8 | 901e cee5 | fc7f 0000 | ffd0 4883 | c408 e90c 

  0x00000224ed0c27e8: ;   {runtime_call}
  0x00000224ed0c27e8: 0000 0048 | b890 1ece | e5fc 7f00 | 00ff d048 | 83c4 2048 | 8b45 f849 | c787 a003 | 0000 0000 
  0x00000224ed0c2808: 0000 49c7 | 87a8 0300 | 0000 0000 | 00c5 f877 | 4885 c00f | 84fe 0100 | 00a8 030f | 8508 0000 
  0x00000224ed0c2828: 0048 8b00 | e9ee 0100 | 00a8 010f | 8509 0000 | 0048 8b40 | fee9 dd01 | 0000 488b | 40ff 4180 
  0x00000224ed0c2848: 7f40 000f | 84ce 0100 | 0048 83f8 | 000f 84c4 | 0100 0049 | 8b4f 2848 | 83f9 000f | 8414 0000 
  0x00000224ed0c2868: 0048 83e9 | 0849 894f | 2849 034f | 3848 8901 | e9a2 0100 | 0048 81ec | d000 0000 | 4889 0424 
  0x00000224ed0c2888: 4889 4c24 | 0848 8954 | 2410 4889 | 7424 1848 | 897c 2420 | 4c89 4424 | 284c 894c | 2430 4c89 
  0x00000224ed0c28a8: 5424 384c | 895c 2440 | c5fb 1144 | 2450 c5fb | 114c 2458 | c5fb 1154 | 2460 c5fb | 115c 2468 
  0x00000224ed0c28c8: c5fb 1164 | 2470 c5fb | 116c 2478 | c5fb 11b4 | 2480 0000 | 00c5 fb11 | bc24 8800 | 0000 c57b 
  0x00000224ed0c28e8: ;   {no_reloc}
  0x00000224ed0c28e8: 1184 2490 | 0000 00c5 | 7b11 8c24 | 9800 0000 | c57b 1194 | 24a0 0000 | 00c5 7b11 | 9c24 a800 
  0x00000224ed0c2908: 0000 c57b | 11a4 24b0 | 0000 00c5 | 7b11 ac24 | b800 0000 | c57b 11b4 | 24c0 0000 | 00c5 7b11 
  0x00000224ed0c2928: bc24 c800 | 0000 498b | d748 8bc8 | 4883 ec20 | 40f6 c40f | 0f84 1900 | 0000 4883 

  0x00000224ed0c2944: ;   {runtime_call}
  0x00000224ed0c2944: ec08 48b8 | d001 8de5 | fc7f 0000 | ffd0 4883 | c408 e90c 

  0x00000224ed0c2958: ;   {runtime_call}
  0x00000224ed0c2958: 0000 0048 | b8d0 018d | e5fc 7f00 | 00ff d048 | 83c4 20c5 | 7b10 bc24 | c800 0000 | c57b 10b4 
  0x00000224ed0c2978: 24c0 0000 | 00c5 7b10 | ac24 b800 | 0000 c57b | 10a4 24b0 | 0000 00c5 | 7b10 9c24 | a800 0000 
  0x00000224ed0c2998: c57b 1094 | 24a0 0000 | 00c5 7b10 | 8c24 9800 | 0000 c57b | 1084 2490 | 0000 00c5 | fb10 bc24 
  0x00000224ed0c29b8: 8800 0000 | c5fb 10b4 | 2480 0000 | 00c5 fb10 | 6c24 78c5 | fb10 6424 | 70c5 fb10 | 5c24 68c5 
  0x00000224ed0c29d8: fb10 5424 | 60c5 fb10 | 4c24 58c5 | fb10 4424 | 504c 8b5c | 2440 4c8b | 5424 384c | 8b4c 2430 
  0x00000224ed0c29f8: 4c8b 4424 | 2848 8b7c | 2420 488b | 7424 1848 | 8b54 2410 | 488b 4c24 | 0848 8b04 | 2448 81c4 
  0x00000224ed0c2a18: d000 0000 | c5f8 7749 | 8b8f 3004 | 0000 c781 | 0001 0000 | 0000 0000 | c949 837f | 0800 0f85 
  0x00000224ed0c2a38: 0100 0000 

  0x00000224ed0c2a3c: ;   {runtime_call StubRoutines (initial stubs)}
  0x00000224ed0c2a3c: c3e9 bee4 | a0ff c5f8 | 7748 8945 | f84c 8be4 | 4883 ec20 | 4883 e4f0 

  0x00000224ed0c2a54: ;   {runtime_call}
  0x00000224ed0c2a54: 48b8 4056 | cee5 fc7f | 0000 ffd0 | 498b e44d | 33e4 488b | 45f8 e930 | fdff fff4 
[/MachCode]


Compiled method (c2)  234258 12607       4       java.security.SecureClassLoader::defineClass (16 bytes)
 total in heap  [0x00000224ed859410,0x00000224ed85b570] = 8544
 relocation     [0x00000224ed859570,0x00000224ed859698] = 296
 main code      [0x00000224ed8596a0,0x00000224ed85a7d0] = 4400
 stub code      [0x00000224ed85a7d0,0x00000224ed85a830] = 96
 oops           [0x00000224ed85a830,0x00000224ed85a848] = 24
 metadata       [0x00000224ed85a848,0x00000224ed85aa10] = 456
 scopes data    [0x00000224ed85aa10,0x00000224ed85b138] = 1832
 scopes pcs     [0x00000224ed85b138,0x00000224ed85b3d8] = 672
 dependencies   [0x00000224ed85b3d8,0x00000224ed85b448] = 112
 handler table  [0x00000224ed85b448,0x00000224ed85b538] = 240
 nul chk table  [0x00000224ed85b538,0x00000224ed85b570] = 56

[Constant Pool (empty)]

[MachCode]
[Entry Point]
  # {method} {0x000002248004d188} 'defineClass' '(Ljava/lang/String;[BIILjava/security/CodeSource;)Ljava/lang/Class;' in 'java/security/SecureClassLoader'
  # this:     rdx:rdx   = 'java/security/SecureClassLoader'
  # parm0:    r8:r8     = 'java/lang/String'
  # parm1:    r9:r9     = '[B'
  # parm2:    rdi       = int
  # parm3:    rsi       = int
  # parm4:    rcx:rcx   = 'java/security/CodeSource'
  #           [sp+0xc0]  (sp of caller)
  0x00000224ed8596a0: 448b 5208 | 49bb 0000 | 0080 2402 | 0000 4d03 | d349 3bc2 

  0x00000224ed8596b4: ;   {runtime_call ic_miss_stub}
  0x00000224ed8596b4: 0f85 c650 | 2cff 6690 | 0f1f 4000 
[Verified Entry Point]
  0x00000224ed8596c0: 8984 2400 | 80ff ff55 | 4881 ecb0 | 0000 0090 | 4181 7f20 | 2700 0000 | 0f85 e810 | 0000 8974 
  0x00000224ed8596e0: 2444 897c | 2440 4c89 | 4c24 384c | 8944 2430 | 4889 5424 | 2848 8be9 | 4885 c90f | 1f44 0000 
  0x00000224ed859700: 0f84 260c | 0000 4d8b | 87b8 0100 | 004d 8bd0 | 4983 c210 | 0f1f 8400 | 0000 0000 | 6666 6690 
  0x00000224ed859720: 4d3b 97c8 | 0100 000f | 834c 0800 | 004d 8997 | b801 0000 | 410f 0d8a | 0001 0000 | 49c7 0001 
  0x00000224ed859740: ;   {metadata('java/security/SecureClassLoader$CodeSourceKey')}
  0x00000224ed859740: 0000 0041 | c740 0898 | db11 004c | 8bd5 49c1 | ea03 4589 | 500c 4d8b | 8fb8 0100 | 004c 8b54 
  0x00000224ed859760: 2428 418b | 6a50 4d8b | d149 83c2 | 104d 3b97 | c801 0000 | 0f83 d207 | 0000 4d89 | 97b8 0100 
  0x00000224ed859780: 0041 0f0d | 8a00 0100 | 0049 c701 | 0100 0000 

  0x00000224ed859790: ;   {metadata('java/security/SecureClassLoader$1')}
  0x00000224ed859790: 41c7 4108 | 20e1 1100 | 4c8b 5424 | 2849 c1ea | 0345 8951 | 0c45 8b54 

  0x00000224ed8597a8: ;   {metadata('java/util/concurrent/ConcurrentHashMap')}
  0x00000224ed8597a8: ec08 4181 | fa58 4d06 | 000f 85f1 | 0900 0049 | 8d14 ec90 

  0x00000224ed8597bc: ;   {optimized virtual_call}
  0x00000224ed8597bc: c5f8 77e8 

  0x00000224ed8597c0: ; ImmutableOopMap {[40]=Oop [48]=Oop [56]=Oop }
                      ;*invokeinterface computeIfAbsent {reexecute=0 rethrow=0 return_oop=1}
                      ; - java.security.SecureClassLoader::getProtectionDomain@28 (line 222)
                      ; - java.security.SecureClassLoader::defineClass@9 (line 150)
  0x00000224ed8597c0: bc3d aeff 

  0x00000224ed8597c4: ;   {other}
  0x00000224ed8597c4: 0f1f 8400 | b403 0000 

  0x00000224ed8597cc: ; implicit exception: dispatches to 0x00000224ed85a624
  0x00000224ed8597cc: 448b 5808 

  0x00000224ed8597d0: ;   {metadata('java/security/ProtectionDomain')}
  0x00000224ed8597d0: 4181 fba8 | 5700 000f | 85ab 0d00 | 0048 8944 | 2448 4c8b | 5424 3045 | 8b5a 1447 | 8b44 dc0c 
  0x00000224ed8597f0: 4585 c00f | 8613 0a00 | 0045 0fbe | 5210 6690 | 4585 d20f | 859c 0a00 | 00c4 422a | f7d0 453b 
  0x00000224ed859810: d041 8bda | 410f 4fd8 | 4f8d 0cdc | 4f8d 6cdc | 1085 db0f | 8ecf 0000 | 0044 3bc3 | 0f82 3a0a 
  0x00000224ed859830: 0000 b82f | 0000 0049 | 8bfd 8bd3 | 488b df83 | fa10 0f8c | 7900 0000 | 83fa 200f | 8c36 0000 
  0x00000224ed859850: 00c5 f96e | d0c4 e27d | 78d2 c5fd | efc0 8bca | 83e1 e083 | e21f c5fe | 6f0b c5f5 | 74ca c4e2 
  0x00000224ed859870: 7d17 c10f | 8369 0000 | 0048 83c3 | 2083 e920 | 75e4 e90d | 0000 00c5 | f96e d0c5 | f9ef c0c4 
  0x00000224ed859890: e269 00d0 | 83fa 100f | 8c24 0000 | 008b ca83 | e1f0 83e2 | 0fc5 fa6f | 0bc5 f174 | cac4 e279 
  0x00000224ed8598b0: 17c1 0f83 | 2a00 0000 | 4883 c310 | 83e9 1075 | e485 d20f | 8412 0000 | 000f b60b 

  0x00000224ed8598cc: ;   {no_reloc}
  0x00000224ed8598cc: 3bc1 741c | 4883 c301 | 83ea 0174 | 02eb eebb | ffff ffff | eb0d c5fd | d7c9 0fbc | c148 03d8 
  0x00000224ed8598ec: 482b df83 | fbff 0f85 | 140a 0000 | 410f b66d | 0066 6690 | 83fd 5b0f | 8457 0a00 | 0041 8d5a 
  0x00000224ed85990c: fb85 db7c | 0e41 0fbe | 4d00 83f9 | 6a0f 8471 | 0400 0048 | ff74 2428 | 488f 4424 | 5848 8b4c 
  0x00000224ed85992c: 2448 448b | 7110 418b | c8ff c941 | 8bda ffcb | 3bd9 0f4f | d985 db0f | 8cdd 0000 | 0041 3bd8 
  0x00000224ed85994c: 0f83 1208 | 0000 85db | 0f8e ce08 | 0000 8bfb | ffcf 33f6 | 410f be54 | 1910 83fa | 2e0f 848b 
  0x00000224ed85996c: 0400 00ff | cb3b df7f | eb83 fb02 | 0f8e 8b00 | 0000 bfa0 | 0f00 008d | 43fe 83fb | 020f 4cc6 
  0x00000224ed85998c: 3da0 0f00 | 000f 47c7 | 8bd3 2bd0 | 0f1f 8400 | 0000 0000 | 4863 c341 | 0fbe 4c01 | 1083 f92e 
  0x00000224ed8599ac: 0f84 7b00 | 0000 410f | be4c 010f | 83f9 2e0f | 1f44 0000 | 0f84 6b00 | 0000 8d4b | fe41 0fbe 
  0x00000224ed8599cc: ;   {no_reloc}
  0x00000224ed8599cc: 6c09 1083 | fd2e 0f84 | 5d00 0000 | 8d4b fd41 | 0fbe 6c09 | 1083 fd2e | 0f84 4b00 | 0000 83c3 
  0x00000224ed8599ec: fc3b da7f | af49 8baf 

  0x00000224ed8599f4: ; ImmutableOopMap {r11=NarrowOop r9=Oop r13=Derived_oop_r9 r14=NarrowOop [40]=Oop [48]=Oop [56]=Oop [72]=Oop [88]=Oop }
                      ;*goto {reexecute=1 rethrow=0 return_oop=0}
                      ; - (reexecute) java.lang.StringLatin1::lastIndexOf@35 (line 285)
                      ; - java.lang.String::lastIndexOf@13 (line 2573)
                      ; - java.lang.String::lastIndexOf@8 (line 2535)
                      ; - java.lang.ClassLoader::checkCerts@3 (line 1163)
                      ; - java.lang.ClassLoader::preDefineClass@113 (line 917)
                      ; - java.lang.ClassLoader::defineClass@4 (line 1025)
                      ; - java.security.SecureClassLoader::defineClass@12 (line 150)
  0x00000224ed8599f4: 5804 0000 

  0x00000224ed8599f8: ;   {poll}
  0x00000224ed8599f8: 8545 000f | 1f44 0000 | 83fb 020f | 8f7a ffff | ff83 fbff | 7e18 6690 | 410f be4c | 1910 83f9 
  0x00000224ed859a18: 2e0f 847d | 0800 00ff | cb83 fbff | 7fea b9ff | ffff ffeb | 088b cbeb | 048b cbff | c983 f9ff 
  0x00000224ed859a38: 0f84 3a09 | 0000 6690 | 85c9 0f8c | 9008 0000 | 413b ca0f | 8f57 0900 | 0041 3bca | 750f 488b 
  0x00000224ed859a58: 5c24 300f | 1f44 0000 | e905 0200 | 0085 c90f | 8498 0300 | 0049 8b9f | b801 0000 | 4c8b d349 
  0x00000224ed859a78: 83c2 180f | 1f44 0000 | 4d3b 97c8 | 0100 000f | 831b 0500 | 004d 8997 | b801 0000 | 410f 0d8a 
  0x00000224ed859a98: 0001 0000 | 48c7 0301 

  0x00000224ed859aa0: ;   {metadata('java/lang/String')}
  0x00000224ed859aa0: 0000 00c7 | 4308 58e5 | 0000 4489 | 630c 4c89 | 6310 413b | c80f 8594 | 0000 0049 | 63f8 6690 
  0x00000224ed859ac0: 4181 f800 | 0010 000f | 87e9 0500 | 0049 8bb7 | b801 0000 | 4c8d 5717 | 4983 e2f8 | 488b ce49 
  0x00000224ed859ae0: 03ca 493b | 8fc8 0100 | 000f 83c7 | 0500 0049 | 898f b801 | 0000 0f0d | 8900 0100 | 0048 c706 
  0x00000224ed859b00: 0100 0000 | 0f0d 8940 

  0x00000224ed859b08: ;   {metadata({type array byte})}
  0x00000224ed859b08: 0100 00c7 | 4608 6822 | 0000 4489 | 460c 0f0d | 8980 0100 | 0048 8bd6 | 4883 c210 | 4883 c707 
  0x00000224ed859b28: 48c1 ef03 | 498b cd4c | 8bc7 c5f8 | 7749 ba60 | 33b0 ec24 | 0200 0041 

  0x00000224ed859b40: ;   {other}
  0x00000224ed859b40: ffd2 0f1f | 8400 0000 | 0000 e9cf | 0000 0081 | f900 0010 | 000f 870d | 0900 004c | 63d1 443b 
  0x00000224ed859b60: c141 8be8 | 0f4f e944 | 3bc5 0f82 | 6c09 0000 | 3bcd 0f82 | 6409 0000 | 4983 c217 | 4d8b c249 
  0x00000224ed859b80: 83e0 f881 | f900 0010 | 000f 87a7 | 0400 0049 | 8bb7 b801 | 0000 4c8b | de4d 03d8 | 0f1f 4000 
  0x00000224ed859ba0: 4d3b 9fc8 | 0100 000f | 8389 0400 | 004d 899f | b801 0000 | 410f 0d8b | 0001 0000 | 48c7 0601 
  0x00000224ed859bc0: 0000 0041 | 0f0d 8b40 

  0x00000224ed859bc8: ;   {metadata({type array byte})}
  0x00000224ed859bc8: 0100 00c7 | 4608 6822 | 0000 894e | 0c41 0f0d | 8b80 0100 | 004c 8bde | 4983 c310 | 49c1 ea03 
  0x00000224ed859be8: 85ed 0f84 | 8008 0000 | 3be9 0f8c | ad02 0000 | 4983 c0f0 | 49c1 e803 | 498b cd49 | 8bd3 c5f8 
  0x00000224ed859c08: 7749 ba60 | 33b0 ec24 | 0200 0041 

  0x00000224ed859c14: ;   {other}
  0x00000224ed859c14: ffd2 0f1f | 8400 0000 | 0000 6690 | 4180 7f40 | 000f 85e9 | 0100 004c | 8bd3 4c8b | c649 c1e8 
  0x00000224ed859c34: 0344 8943 | 144c 8bde | 4d33 da49 | c1eb 154d | 85db 741e | 49c1 ea09 | 48b9 0090 | 6af1 2402 
  0x00000224ed859c54: 0000 4903 | ca80 3902 | 0f1f 4000 | 0f85 ea01 | 0000 4488 | 6310 438b | 6cf4 1485 | ed0f 8569 
  0x00000224ed859c74: 0700 0043 | 8b6c f410 | 0f1f 4000 | 85ed 0f85 | 8c07 0000 | 4c8b 5424 | 5845 8b5a | 2c45 85db 
  0x00000224ed859c94: 0f84 9a04 | 0000 4b8d | 14dc bf01 

  0x00000224ed859ca0: ;   {oop(a 'java/security/cert/Certificate'[0] {0x0000000702cd73b8})}
  0x00000224ed859ca0: 0000 0049 | b9b8 73cd | 0207 0000 | 004c 8bc3 

  0x00000224ed859cb0: ;   {optimized virtual_call}
  0x00000224ed859cb0: c5f8 77e8 

  0x00000224ed859cb4: ; ImmutableOopMap {[40]=Oop [48]=Oop [56]=Oop [72]=Oop [88]=Oop }
                      ;*invokevirtual putVal {reexecute=0 rethrow=0 return_oop=1}
                      ; - java.util.concurrent.ConcurrentHashMap::putIfAbsent@4 (line 1541)
                      ; - java.lang.ClassLoader::checkCerts@62 (line 1171)
                      ; - java.lang.ClassLoader::preDefineClass@113 (line 917)
                      ; - java.lang.ClassLoader::defineClass@4 (line 1025)
                      ; - java.security.SecureClassLoader::defineClass@12 (line 150)
  0x00000224ed859cb4: 0829 b3ff 

  0x00000224ed859cb8: ;   {other}
  0x00000224ed859cb8: 0f1f 8400 | a808 0002 | 4885 c074 | 2144 8b50 

  0x00000224ed859cc8: ;   {metadata('java/security/cert/Certificate'[])}
  0x00000224ed859cc8: 0841 81fa | 8053 1000 | 0f85 e608 | 0000 8b68 | 0c85 ed0f | 1f44 0000 | 0f87 6207 | 0000 4c8b 
  0x00000224ed859ce8: 5424 4845 | 8b5a 1043 | 8b6c dc0c | 85ed 0f84 | 4902 0000 | 458b 54ec | 3845 85d2 | 0f84 4204 
  0x00000224ed859d08: 0000 4b8d | 14d4 4d8d | 04ec 6690 

  0x00000224ed859d14: ;   {optimized virtual_call}
  0x00000224ed859d14: c5f8 77e8 

  0x00000224ed859d18: ; ImmutableOopMap {[40]=Oop [48]=Oop [56]=Oop [72]=Oop }
                      ;*invokevirtual toExternalForm {reexecute=0 rethrow=0 return_oop=1}
                      ; - java.net.URL::toExternalForm@5 (line 1203)
                      ; - java.net.URL::toString@1 (line 1189)
                      ; - java.lang.ClassLoader::defineClassSourceLocation@22 (line 927)
                      ; - java.lang.ClassLoader::defineClass@12 (line 1026)
                      ; - java.security.SecureClassLoader::defineClass@12 (line 150)
  0x00000224ed859d18: 840e 45f9 

  0x00000224ed859d1c: ;   {other}
  0x00000224ed859d1c: 0f1f 8400 | 0c09 0003 | 488b 5424 | 284c 8b44 | 2430 4c8b | 4c24 388b | 7c24 408b | 7424 4448 
  0x00000224ed859d3c: 8b4c 2448 | 4889 0424 

  0x00000224ed859d44: ;   {static_call}
  0x00000224ed859d44: c5f8 77e8 

  0x00000224ed859d48: ; ImmutableOopMap {[40]=Oop [72]=Oop }
                      ;*invokestatic defineClass1 {reexecute=0 rethrow=0 return_oop=1}
                      ; - java.lang.ClassLoader::defineClass@27 (line 1027)
                      ; - java.security.SecureClassLoader::defineClass@12 (line 150)
  0x00000224ed859d48: 9488 86ff 

  0x00000224ed859d4c: ;   {other}
  0x00000224ed859d4c: 0f1f 8400 | 3c09 0004 | 488b e848 | 8b54 2428 | 4c8b c04c | 8b4c 2448 

  0x00000224ed859d64: ;   {optimized virtual_call}
  0x00000224ed859d64: c5f8 77e8 

  0x00000224ed859d68: ; ImmutableOopMap {rbp=Oop }
                      ;*invokevirtual postDefineClass {reexecute=0 rethrow=0 return_oop=0}
                      ; - java.lang.ClassLoader::defineClass@37 (line 1028)
                      ; - java.security.SecureClassLoader::defineClass@12 (line 150)
  0x00000224ed859d68: f4c2 ffff 

  0x00000224ed859d6c: ;   {other}
  0x00000224ed859d6c: 0f1f 8400 | 5c09 0005 | 488b c5c5 | f877 4881 | c4b0 0000 

  0x00000224ed859d80: ;   {poll_return}
  0x00000224ed859d80: 005d 493b | a750 0400 | 000f 8721 | 0a00 00c3 | 4183 f804 | 0f86 ab07 | 0000 660f | 1f44 0000 
  0x00000224ed859da0: 4380 7cdc | 1161 0f85 | 73fb ffff | 4380 7cdc | 1276 0f85 | 67fb ffff | 0f1f 8400 | 0000 0000 
  0x00000224ed859dc0: 4380 7cdc | 1361 0f85 | 53fb ffff | 4380 7cdc | 142e 0f85 | 47fb ffff 

  0x00000224ed859dd8: ;   {oop(a 'jdk/internal/loader/ClassLoaders$PlatformClassLoader'{0x0000000702cd73c8})}
  0x00000224ed859dd8: 48b9 c873 | cd02 0700 | 0000 488b | 5c24 2848 | 3bd9 0f85 | 7407 0000 | 4889 4c24 | 58e9 2ffb 
  0x00000224ed859df8: ffff 8bcb | 0f1f 4000 | e930 fcff 

  0x00000224ed859e04: ;   {oop(""{0x0000000702cd44f8})}
  0x00000224ed859e04: ff48 bbf8 | 44cd 0207 | 0000 00e9 | 56fe ffff | 448b 5314 | 4585 d20f | 1f44 0000 | 0f84 05fe 
  0x00000224ed859e24: ffff 4d8b | 5f28 498b | ca48 c1e1 | 034d 85db | 0f84 ea06 | 0000 4d8b | 5738 4b89 | 4c1a f849 
  0x00000224ed859e44: 83c3 f84d | 895f 28e9 | dbfd ffff | 4d8b 5748 | 4d8b 5f58 | f083 4424 | c000 6690 | 8039 000f 
  0x00000224ed859e64: 84fd fdff | ff44 8821 | 4d85 d275 | 2049 8bd7 | c5f8 7749 | bab0 018d | e5fc 7f00 | 0041 ffd2 
  0x00000224ed859e84: ;   {other}
  0x00000224ed859e84: 0f1f 8400 | 0000 0000 | e9d5 fdff | ff4b 894c | 13f8 4983 | c2f8 4d89 | 5748 6690 | e9c1 fdff 
  0x00000224ed859ea4: ff4c 63c5 | 4d8d 4810 | 498b c948 | 83e1 f848 | 8bfe 4803 | f949 c1e9 | 034d 2bd1 | 498b ca48 
  0x00000224ed859ec4: 33c0 4883 | f908 7f10 | 48ff c978 | 4f48 8904 | cf48 ffc9 | 7df7 eb44 | c5fd efc0 | e90d 0000 
  0x00000224ed859ee4: 00c5 fe7f | 07c5 fe7f | 4720 4883 | c740 4883 | e908 7ded | 4883 c104 | 7c0c c5fe | 7f07 4883 
  0x00000224ed859f04: c720 4883 | e904 4883 | c104 7e10 | 48ff c9c5 | f9d6 0748 | 83c7 0848 | ffc9 7df3 | 498b cd49 
  0x00000224ed859f24: 8bd3 c5f8 | 7749 bac0 | 2cb0 ec24 | 0200 0041 

  0x00000224ed859f34: ;   {other}
  0x00000224ed859f34: ffd2 0f1f | 8400 0000 | 0000 6690 | e9d9 fcff | ff33 c0e9 | d8fd ffff 

  0x00000224ed859f4c: ;   {metadata('java/security/SecureClassLoader$1')}
  0x00000224ed859f4c: 48ba 20e1 | 1180 2402 | 0000 4c89 | 4424 5090 

  0x00000224ed859f5c: ;   {runtime_call _new_instance_Java}
  0x00000224ed859f5c: c5f8 77e8 

  0x00000224ed859f60: ; ImmutableOopMap {rbp=NarrowOop [40]=Oop [48]=Oop [56]=Oop [80]=Oop }
                      ;*new {reexecute=0 rethrow=0 return_oop=1}
                      ; - java.security.SecureClassLoader::getProtectionDomain@20 (line 222)
                      ; - java.security.SecureClassLoader::defineClass@9 (line 150)
  0x00000224ed859f60: 1cfc 38ff 

  0x00000224ed859f64: ;   {other}
  0x00000224ed859f64: 0f1f 8400 | 540b 0006 | 4c8b c84c | 8b44 2450 | e91f f8ff 

  0x00000224ed859f78: ;   {metadata('java/security/SecureClassLoader$CodeSourceKey')}
  0x00000224ed859f78: ff48 ba98 | db11 8024 | 0200 0048 | ff74 2428 | 488f 4424 | 2066 6690 

  0x00000224ed859f90: ;   {runtime_call _new_instance_Java}
  0x00000224ed859f90: c5f8 77e8 

  0x00000224ed859f94: ; ImmutableOopMap {rbp=Oop [32]=Oop [40]=Oop [48]=Oop [56]=Oop }
                      ;*new {reexecute=0 rethrow=0 return_oop=1}
                      ; - java.security.SecureClassLoader::getProtectionDomain@6 (line 221)
                      ; - java.security.SecureClassLoader::defineClass@9 (line 150)
  0x00000224ed859f94: e8fb 38ff 

  0x00000224ed859f98: ;   {other}
  0x00000224ed859f98: 0f1f 8400 | 880b 0007 | 4c8b c0e9 | a3f7 ffff | 894c 2474 | 4489 7424 | 7048 ff74 | 2458 488f 
  0x00000224ed859fb8: 4424 684c | 896c 2460 | 4c89 4c24 | 5844 8944 | 2454 4489 | 5c24 5048 | ff74 2430 | 488f 4424 
  0x00000224ed859fd8: 2048 8b6c 

  0x00000224ed859fdc: ;   {metadata('java/lang/String')}
  0x00000224ed859fdc: 2428 48ba | 58e5 0080 | 2402 0000 

  0x00000224ed859fe8: ;   {runtime_call _new_instance_Java}
  0x00000224ed859fe8: c5f8 77e8 

  0x00000224ed859fec: ; ImmutableOopMap {rbp=Oop [32]=Oop [56]=Oop [72]=Oop [80]=NarrowOop [88]=Oop [96]=Derived_oop_[88] [104]=Oop [112]=NarrowOop }
                      ;*new {reexecute=0 rethrow=0 return_oop=1}
                      ; - java.lang.StringLatin1::newString@7 (line 752)
                      ; - java.lang.String::substring@41 (line 2839)
                      ; - java.lang.ClassLoader::checkCerts@21 (line 1164)
                      ; - java.lang.ClassLoader::preDefineClass@113 (line 917)
                      ; - java.lang.ClassLoader::defineClass@4 (line 1025)
                      ; - java.security.SecureClassLoader::defineClass@12 (line 150)
  0x00000224ed859fec: 90fb 38ff 

  0x00000224ed859ff0: ;   {other}
  0x00000224ed859ff0: 0f1f 8400 | e00b 0008 | 4889 6c24 | 2848 ff74 | 2420 488f | 4424 3044 | 8b5c 2450 | 448b 4424 
  0x00000224ed85a010: 544c 8b4c | 2458 4c8b | 6c24 6048 | ff74 2468 | 488f 4424 | 5844 8b74 | 2470 8b4c | 2474 488b 
  0x00000224ed85a030: d8e9 7cfa | ffff 4c89 | 8424 8000 | 0000 4c89 | 5424 7848 | 895c 2470 | 894c 246c | 4489 7424 
  0x00000224ed85a050: 6848 ff74 | 2458 488f | 4424 604c | 896c 2458 

  0x00000224ed85a060: ;   {metadata({type array byte})}
  0x00000224ed85a060: 48ba 6822 | 0080 2402 | 0000 4c89 | 4c24 5044 | 8bc1 6690 

  0x00000224ed85a074: ;   {runtime_call _new_array_nozero_Java}
  0x00000224ed85a074: c5f8 77e8 

  0x00000224ed85a078: ; ImmutableOopMap {[40]=Oop [48]=Oop [56]=Oop [72]=Oop [80]=Oop [88]=Derived_oop_[80] [96]=Oop [104]=NarrowOop [112]=Oop }
                      ;*newarray {reexecute=0 rethrow=0 return_oop=1}
                      ; - java.util.Arrays::copyOfRangeByte@10 (line 3863)
                      ; - java.util.Arrays::copyOfRange@13 (line 3854)
                      ; - java.lang.StringLatin1::newString@16 (line 752)
                      ; - java.lang.String::substring@41 (line 2839)
                      ; - java.lang.ClassLoader::checkCerts@21 (line 1164)
                      ; - java.lang.ClassLoader::preDefineClass@113 (line 917)
                      ; - java.lang.ClassLoader::defineClass@4 (line 1025)
                      ; - java.security.SecureClassLoader::defineClass@12 (line 150)
  0x00000224ed85a078: 044a 39ff 

  0x00000224ed85a07c: ;   {other}
  0x00000224ed85a07c: 0f1f 8400 | 6c0c 0009 | 4c8b 6c24 | 5848 ff74 | 2460 488f | 4424 5844 | 8b74 2468 | 8b4c 246c 
  0x00000224ed85a09c: 488b 5c24 | 704c 8b54 | 2478 4c8b | 8424 8000 | 0000 488b | f0e9 27fb | ffff 4889 | 7c24 7048 
  0x00000224ed85a0bc: 895c 2468 | 4489 7424 | 5448 ff74 | 2458 488f | 4424 604c | 896c 2458 | 4489 5c24 | 5048 ff74 
  0x00000224ed85a0dc: 2428 488f 

  0x00000224ed85a0e0: ;   {metadata({type array byte})}
  0x00000224ed85a0e0: 4424 2048 | ba68 2200 | 8024 0200 | 004c 894c | 2428 6690 

  0x00000224ed85a0f4: ;   {runtime_call _new_array_nozero_Java}
  0x00000224ed85a0f4: c5f8 77e8 

  0x00000224ed85a0f8: ; ImmutableOopMap {[32]=Oop [40]=Oop [88]=Derived_oop_[40] [48]=Oop [56]=Oop [72]=Oop [80]=NarrowOop [84]=NarrowOop [96]=Oop [104]=Oop }
                      ;*invokevirtual clone {reexecute=1 rethrow=0 return_oop=1}
                      ; - (reexecute) java.util.Arrays::copyOfRange@18 (line 3856)
                      ; - java.lang.StringLatin1::newString@16 (line 752)
                      ; - java.lang.String::substring@41 (line 2839)
                      ; - java.lang.ClassLoader::checkCerts@21 (line 1164)
                      ; - java.lang.ClassLoader::preDefineClass@113 (line 917)
                      ; - java.lang.ClassLoader::defineClass@4 (line 1025)
                      ; - java.security.SecureClassLoader::defineClass@12 (line 150)
  0x00000224ed85a0f8: 8449 39ff 

  0x00000224ed85a0fc: ;   {other}
  0x00000224ed85a0fc: 0f1f 8400 | ec0c 000a | 48ff 7424 | 2048 8f44 | 2428 4c8b | 6c24 5848 | ff74 2460 | 488f 4424 
  0x00000224ed85a11c: 5844 8b74 | 2454 488b | 5c24 6848 | 8b7c 2470 | 488b f0e9 | e9f9 ffff | baf6 ffff | ff48 8beb 
  0x00000224ed85a13c: ;   {runtime_call UncommonTrapBlob}
  0x00000224ed85a13c: c5f8 77e8 

  0x00000224ed85a140: ; ImmutableOopMap {rbp=Oop }
                      ;*invokevirtual putIfAbsent {reexecute=0 rethrow=0 return_oop=0}
                      ; - java.lang.ClassLoader::checkCerts@62 (line 1171)
                      ; - java.lang.ClassLoader::preDefineClass@113 (line 917)
                      ; - java.lang.ClassLoader::defineClass@4 (line 1025)
                      ; - java.security.SecureClassLoader::defineClass@12 (line 150)
  0x00000224ed85a140: bca4 2cff 

  0x00000224ed85a144: ;   {other}
  0x00000224ed85a144: 0f1f 8400 | 340d 000b | baf6 ffff | ff66 6690 

  0x00000224ed85a154: ;   {runtime_call UncommonTrapBlob}
  0x00000224ed85a154: c5f8 77e8 

  0x00000224ed85a158: ; ImmutableOopMap {rbp=NarrowOop }
                      ;*invokevirtual toExternalForm {reexecute=0 rethrow=0 return_oop=0}
                      ; - java.net.URL::toExternalForm@5 (line 1203)
                      ; - java.net.URL::toString@1 (line 1189)
                      ; - java.lang.ClassLoader::defineClassSourceLocation@22 (line 927)
                      ; - java.lang.ClassLoader::defineClass@12 (line 1026)
                      ; - java.security.SecureClassLoader::defineClass@12 (line 150)
  0x00000224ed85a158: a4a4 2cff 

  0x00000224ed85a15c: ;   {other}
  0x00000224ed85a15c: 0f1f 8400 | 4c0d 000c | ba76 ffff | ff89 5c24 | 2044 8b54 | 2440 4489 | 5424 2444 | 8b44 2444 
  0x00000224ed85a17c: 4489 4424 | 4048 ff74 | 2458 488f | 4424 5044 | 8974 2444 | 4489 5c24 | 6066 6690 

  0x00000224ed85a198: ;   {runtime_call UncommonTrapBlob}
  0x00000224ed85a198: c5f8 77e8 

  0x00000224ed85a19c: ; ImmutableOopMap {[40]=Oop [48]=Oop [56]=Oop [68]=NarrowOop [72]=Oop [80]=Oop [96]=NarrowOop }
                      ;*iflt {reexecute=1 rethrow=0 return_oop=0}
                      ; - (reexecute) java.lang.StringLatin1::lastIndexOf@19 (line 285)
                      ; - java.lang.String::lastIndexOf@13 (line 2573)
                      ; - java.lang.String::lastIndexOf@8 (line 2535)
                      ; - java.lang.ClassLoader::checkCerts@3 (line 1163)
                      ; - java.lang.ClassLoader::preDefineClass@113 (line 917)
                      ; - java.lang.ClassLoader::defineClass@4 (line 1025)
                      ; - java.security.SecureClassLoader::defineClass@12 (line 150)
  0x00000224ed85a19c: 60a4 2cff 

  0x00000224ed85a1a0: ;   {other}
  0x00000224ed85a1a0: 0f1f 8400 | 900d 000d | bade ffff | ff48 ff74 | 2428 488f | 4424 2048 | ff74 2430 | 488f 4424 
  0x00000224ed85a1c0: 2848 ff74 | 2438 488f | 4424 3048 | 8944 24f8 | 8b44 2440 | 8944 2438 | 488b 4424 | f848 8944 
  0x00000224ed85a1e0: 24f8 8b44 | 2444 8944 | 243c 488b | 4424 f84c | 8944 2440 | 4c89 4c24 | 4866 6690 

  0x00000224ed85a1fc: ;   {runtime_call UncommonTrapBlob}
  0x00000224ed85a1fc: c5f8 77e8 

  0x00000224ed85a200: ; ImmutableOopMap {rbp=NarrowOop [32]=Oop [40]=Oop [48]=Oop [64]=Oop [72]=Oop }
                      ;*invokeinterface computeIfAbsent {reexecute=0 rethrow=0 return_oop=0}
                      ; - java.security.SecureClassLoader::getProtectionDomain@28 (line 222)
                      ; - java.security.SecureClassLoader::defineClass@9 (line 150)
  0x00000224ed85a200: fca3 2cff 

  0x00000224ed85a204: ;   {other}
  0x00000224ed85a204: 0f1f 8400 | f40d 000e | ba45 ffff | ff48 8b6c | 2428 6690 

  0x00000224ed85a218: ;   {runtime_call UncommonTrapBlob}
  0x00000224ed85a218: c5f8 77e8 

  0x00000224ed85a21c: ; ImmutableOopMap {rbp=Oop [48]=Oop [56]=Oop [72]=Oop }
                      ;*ifeq {reexecute=1 rethrow=0 return_oop=0}
                      ; - (reexecute) java.lang.ClassLoader::checkName@8 (line 1155)
                      ; - java.lang.ClassLoader::preDefineClass@1 (line 900)
                      ; - java.lang.ClassLoader::defineClass@4 (line 1025)
                      ; - java.security.SecureClassLoader::defineClass@12 (line 150)
  0x00000224ed85a21c: e0a3 2cff 

  0x00000224ed85a220: ;   {other}
  0x00000224ed85a220: 0f1f 8400 | 100e 000f | ba6e ffff | ff89 5c24 | 2044 8b54 | 2440 4489 | 5424 2444 | 8b44 2444 
  0x00000224ed85a240: 4489 4424 | 4048 ff74 | 2458 488f | 4424 5044 | 8974 2444 | 4489 5c24 | 6066 6690 

  0x00000224ed85a25c: ;   {runtime_call UncommonTrapBlob}
  0x00000224ed85a25c: c5f8 77e8 

  0x00000224ed85a260: ; ImmutableOopMap {[40]=Oop [48]=Oop [56]=Oop [68]=NarrowOop [72]=Oop [80]=Oop [96]=NarrowOop }
                      ;*iflt {reexecute=1 rethrow=0 return_oop=0}
                      ; - (reexecute) java.lang.StringLatin1::lastIndexOf@19 (line 285)
                      ; - java.lang.String::lastIndexOf@13 (line 2573)
                      ; - java.lang.String::lastIndexOf@8 (line 2535)
                      ; - java.lang.ClassLoader::checkCerts@3 (line 1163)
                      ; - java.lang.ClassLoader::preDefineClass@113 (line 917)
                      ; - java.lang.ClassLoader::defineClass@4 (line 1025)
                      ; - java.security.SecureClassLoader::defineClass@12 (line 150)
  0x00000224ed85a260: 9ca3 2cff 

  0x00000224ed85a264: ;   {other}
  0x00000224ed85a264: 0f1f 8400 | 540e 0010 | bace ffff | ff48 8b6c | 2428 48ff | 7424 3048 | 8f44 2420 | 4489 5c24 
  0x00000224ed85a284: 5889 5c24 | 5c66 6690 

  0x00000224ed85a28c: ;   {runtime_call UncommonTrapBlob}
  0x00000224ed85a28c: c5f8 77e8 

  0x00000224ed85a290: ; ImmutableOopMap {rbp=Oop [32]=Oop [56]=Oop [72]=Oop [88]=NarrowOop }
                      ;*invokestatic indexOfChar {reexecute=0 rethrow=0 return_oop=0}
                      ; - java.lang.StringLatin1::indexOf@33 (line 204)
                      ; - java.lang.String::indexOf@17 (line 2461)
                      ; - java.lang.String::indexOf@3 (line 2405)
                      ; - java.lang.ClassLoader::checkName@16 (line 1157)
                      ; - java.lang.ClassLoader::preDefineClass@1 (line 900)
                      ; - java.lang.ClassLoader::defineClass@4 (line 1025)
                      ; - java.security.SecureClassLoader::defineClass@12 (line 150)
  0x00000224ed85a290: 6ca3 2cff 

  0x00000224ed85a294: ;   {other}
  0x00000224ed85a294: 0f1f 8400 | 840e 0011 | 8bcb 6690 | e990 f7ff | ff45 33db | 4585 d241 | 0f94 c3ba | 45ff ffff 
  0x00000224ed85a2b4: 488b 6c24 | 2848 ff74 | 2430 488f | 4424 2044 | 895c 2460 

  0x00000224ed85a2c8: ;   {runtime_call UncommonTrapBlob}
  0x00000224ed85a2c8: c5f8 77e8 

  0x00000224ed85a2cc: ; ImmutableOopMap {rbp=Oop [32]=Oop [56]=Oop [72]=Oop }
                      ;*ifeq {reexecute=1 rethrow=0 return_oop=0}
                      ; - (reexecute) java.lang.String::indexOf@4 (line 2461)
                      ; - java.lang.String::indexOf@3 (line 2405)
                      ; - java.lang.ClassLoader::checkName@16 (line 1157)
                      ; - java.lang.ClassLoader::preDefineClass@1 (line 900)
                      ; - java.lang.ClassLoader::defineClass@4 (line 1025)
                      ; - java.security.SecureClassLoader::defineClass@12 (line 150)
  0x00000224ed85a2cc: 30a3 2cff 

  0x00000224ed85a2d0: ;   {other}
  0x00000224ed85a2d0: 0f1f 8400 | c00e 0012 | ba45 ffff | ff89 4c24 | 2089 4c24 | 2448 ff74 | 2458 488f | 4424 5044 
  0x00000224ed85a2f0: 8974 2460 | 4489 5424 | 7066 6690 

  0x00000224ed85a2fc: ;   {runtime_call UncommonTrapBlob}
  0x00000224ed85a2fc: c5f8 77e8 

  0x00000224ed85a300: ; ImmutableOopMap {[40]=Oop [48]=Oop [56]=Oop [72]=Oop [80]=Oop [96]=NarrowOop }
                      ;*if_icmpgt {reexecute=1 rethrow=0 return_oop=0}
                      ; - (reexecute) jdk.internal.util.Preconditions::checkFromToIndex@6 (line 348)
                      ; - java.lang.String::checkBoundsBeginEnd@6 (line 4865)
                      ; - java.lang.String::substring@8 (line 2834)
                      ; - java.lang.ClassLoader::checkCerts@21 (line 1164)
                      ; - java.lang.ClassLoader::preDefineClass@113 (line 917)
                      ; - java.lang.ClassLoader::defineClass@4 (line 1025)
                      ; - java.security.SecureClassLoader::defineClass@12 (line 150)
  0x00000224ed85a300: fca2 2cff 

  0x00000224ed85a304: ;   {other}
  0x00000224ed85a304: 0f1f 8400 | f40e 0013 | ba45 ffff | ff48 8b6c | 2428 895c | 2450 6690 

  0x00000224ed85a31c: ;   {runtime_call UncommonTrapBlob}
  0x00000224ed85a31c: c5f8 77e8 

  0x00000224ed85a320: ; ImmutableOopMap {rbp=Oop [48]=Oop [56]=Oop [72]=Oop }
                      ;*if_icmpne {reexecute=1 rethrow=0 return_oop=0}
                      ; - (reexecute) java.lang.ClassLoader::checkName@20 (line 1157)
                      ; - java.lang.ClassLoader::preDefineClass@1 (line 900)
                      ; - java.lang.ClassLoader::defineClass@4 (line 1025)
                      ; - java.security.SecureClassLoader::defineClass@12 (line 150)
  0x00000224ed85a320: dca2 2cff 

  0x00000224ed85a324: ;   {other}
  0x00000224ed85a324: 0f1f 8400 | 140f 0014 | ba45 ffff | ff48 ff74 | 2428 488f | 4424 204c | 8944 2428 | 4c89 4c24 
  0x00000224ed85a344: 3089 7c24 | 3889 7424 | 3c66 6690 

  0x00000224ed85a350: ;   {runtime_call UncommonTrapBlob}
  0x00000224ed85a350: c5f8 77e8 

  0x00000224ed85a354: ; ImmutableOopMap {rbp=Oop [32]=Oop [40]=Oop [48]=Oop }
                      ;*ifnonnull {reexecute=1 rethrow=0 return_oop=0}
                      ; - (reexecute) java.security.SecureClassLoader::getProtectionDomain@1 (line 213)
                      ; - java.security.SecureClassLoader::defineClass@9 (line 150)
  0x00000224ed85a354: a8a2 2cff 

  0x00000224ed85a358: ;   {other}
  0x00000224ed85a358: 0f1f 8400 | 480f 0015 | ba45 ffff | ff66 6690 

  0x00000224ed85a368: ;   {runtime_call UncommonTrapBlob}
  0x00000224ed85a368: c5f8 77e8 

  0x00000224ed85a36c: ; ImmutableOopMap {[40]=Oop [48]=Oop [56]=Oop [72]=Oop }
                      ;*if_icmpne {reexecute=1 rethrow=0 return_oop=0}
                      ; - (reexecute) java.lang.ClassLoader::checkName@30 (line 1157)
                      ; - java.lang.ClassLoader::preDefineClass@1 (line 900)
                      ; - java.lang.ClassLoader::defineClass@4 (line 1025)
                      ; - java.security.SecureClassLoader::defineClass@12 (line 150)
  0x00000224ed85a36c: 90a2 2cff 

  0x00000224ed85a370: ;   {other}
  0x00000224ed85a370: 0f1f 8400 | 600f 0016 | ba45 ffff | ff8b e948 | ff74 2428 | 488f 4424 | 2048 ff74 | 2458 488f 
  0x00000224ed85a390: 4424 5044 | 8974 2458 

  0x00000224ed85a398: ;   {runtime_call UncommonTrapBlob}
  0x00000224ed85a398: c5f8 77e8 

  0x00000224ed85a39c: ; ImmutableOopMap {[32]=Oop [48]=Oop [56]=Oop [72]=Oop [80]=Oop [88]=NarrowOop }
                      ;*if_icmpne {reexecute=1 rethrow=0 return_oop=0}
                      ; - (reexecute) java.lang.ClassLoader::checkCerts@9 (line 1164)
                      ; - java.lang.ClassLoader::preDefineClass@113 (line 917)
                      ; - java.lang.ClassLoader::defineClass@4 (line 1025)
                      ; - java.security.SecureClassLoader::defineClass@12 (line 150)
  0x00000224ed85a39c: 60a2 2cff 

  0x00000224ed85a3a0: ;   {other}
  0x00000224ed85a3a0: 0f1f 8400 | 900f 0017 | ba45 ffff | ff89 4c24 | 2089 4c24 | 2448 ff74 | 2458 488f | 4424 5044 
  0x00000224ed85a3c0: 8974 2460 | 4489 5424 | 7044 8954 | 2474 6690 

  0x00000224ed85a3d0: ;   {runtime_call UncommonTrapBlob}
  0x00000224ed85a3d0: c5f8 77e8 

  0x00000224ed85a3d4: ; ImmutableOopMap {[40]=Oop [48]=Oop [56]=Oop [72]=Oop [80]=Oop [96]=NarrowOop }
                      ;*if_icmple {reexecute=1 rethrow=0 return_oop=0}
                      ; - (reexecute) jdk.internal.util.Preconditions::checkFromToIndex@11 (line 348)
                      ; - java.lang.String::checkBoundsBeginEnd@6 (line 4865)
                      ; - java.lang.String::substring@8 (line 2834)
                      ; - java.lang.ClassLoader::checkCerts@21 (line 1164)
                      ; - java.lang.ClassLoader::preDefineClass@113 (line 917)
                      ; - java.lang.ClassLoader::defineClass@4 (line 1025)
                      ; - java.security.SecureClassLoader::defineClass@12 (line 150)
  0x00000224ed85a3d4: 28a2 2cff 

  0x00000224ed85a3d8: ;   {other}
  0x00000224ed85a3d8: 0f1f 8400 | c80f 0018 | ba45 ffff | ff48 ff74 | 2428 488f | 4424 2048 | ff74 2458 | 488f 4424 
  0x00000224ed85a3f8: 5048 895c | 2458 4489 | 7424 6090 

  0x00000224ed85a404: ;   {runtime_call UncommonTrapBlob}
  0x00000224ed85a404: c5f8 77e8 

  0x00000224ed85a408: ; ImmutableOopMap {rbp=NarrowOop [32]=Oop [48]=Oop [56]=Oop [72]=Oop [80]=Oop [88]=Oop [96]=NarrowOop }
                      ;*ifnull {reexecute=1 rethrow=0 return_oop=0}
                      ; - (reexecute) java.security.CodeSource::getCertificates@4 (line 204)
                      ; - java.lang.ClassLoader::checkCerts@34 (line 1168)
                      ; - java.lang.ClassLoader::preDefineClass@113 (line 917)
                      ; - java.lang.ClassLoader::defineClass@4 (line 1025)
                      ; - java.security.SecureClassLoader::defineClass@12 (line 150)
  0x00000224ed85a408: f4a1 2cff 

  0x00000224ed85a40c: ;   {other}
  0x00000224ed85a40c: 0f1f 8400 | fc0f 0019 | ba45 ffff | ff48 ff74 | 2428 488f | 4424 2048 | ff74 2458 | 488f 4424 
  0x00000224ed85a42c: 5048 895c | 2458 4489 | 7424 6090 

  0x00000224ed85a438: ;   {runtime_call UncommonTrapBlob}
  0x00000224ed85a438: c5f8 77e8 

  0x00000224ed85a43c: ; ImmutableOopMap {rbp=NarrowOop [32]=Oop [48]=Oop [56]=Oop [72]=Oop [80]=Oop [88]=Oop [96]=NarrowOop }
                      ;*ifnull {reexecute=1 rethrow=0 return_oop=0}
                      ; - (reexecute) java.security.CodeSource::getCertificates@22 (line 207)
                      ; - java.lang.ClassLoader::checkCerts@34 (line 1168)
                      ; - java.lang.ClassLoader::preDefineClass@113 (line 917)
                      ; - java.lang.ClassLoader::defineClass@4 (line 1025)
                      ; - java.security.SecureClassLoader::defineClass@12 (line 150)
  0x00000224ed85a43c: c0a1 2cff 

  0x00000224ed85a440: ;   {other}
  0x00000224ed85a440: 0f1f 8400 | 3010 001a | ba45 ffff | ff48 ff74 | 2428 488f | 4424 2090 

  0x00000224ed85a458: ;   {runtime_call UncommonTrapBlob}
  0x00000224ed85a458: c5f8 77e8 

  0x00000224ed85a45c: ; ImmutableOopMap {[32]=Oop [48]=Oop [56]=Oop [72]=Oop }
                      ;*ifne {reexecute=1 rethrow=0 return_oop=0}
                      ; - (reexecute) java.lang.ClassLoader::compareCerts@7 (line 1186)
                      ; - java.lang.ClassLoader::checkCerts@80 (line 1172)
                      ; - java.lang.ClassLoader::preDefineClass@113 (line 917)
                      ; - java.lang.ClassLoader::defineClass@4 (line 1025)
                      ; - java.security.SecureClassLoader::defineClass@12 (line 150)
  0x00000224ed85a45c: a0a1 2cff 

  0x00000224ed85a460: ;   {other}
  0x00000224ed85a460: 0f1f 8400 | 5010 001b | 4c63 d1e9 | eef6 ffff | 4983 c2fe | 498b ca49 | 8bfb 4833 | c048 83f9 
  0x00000224ed85a480: 087f 1048 | ffc9 784f | 4889 04cf | 48ff c97d | f7eb 44c5 | fdef c0e9 | 0d00 0000 | c5fe 7f07 
  0x00000224ed85a4a0: c5fe 7f47 | 2048 83c7 | 4048 83e9 | 087d ed48 | 83c1 047c | 0cc5 fe7f | 0748 83c7 | 2048 83e9 
  0x00000224ed85a4c0: 0448 83c1 | 047e 1048 | ffc9 c5f9 | d607 4883 | c708 48ff | c97d f3e9 | 42f7 ffff | bacc ffff 
  0x00000224ed85a4e0: ff89 4c24 | 2044 8b54 | 2440 4489 | 5424 2444 | 8b44 2444 | 4489 4424 | 4048 ff74 | 2458 488f 
  0x00000224ed85a500: 4424 5044 | 8974 2444 | 4889 5c24 | 6844 895c | 2470 6690 

  0x00000224ed85a514: ;   {runtime_call UncommonTrapBlob}
  0x00000224ed85a514: c5f8 77e8 

  0x00000224ed85a518: ; ImmutableOopMap {[40]=Oop [48]=Oop [56]=Oop [68]=NarrowOop [72]=Oop [80]=Oop [104]=Oop [112]=NarrowOop }
                      ;*newarray {reexecute=1 rethrow=0 return_oop=0}
                      ; - (reexecute) java.util.Arrays::copyOfRangeByte@10 (line 3863)
                      ; - java.util.Arrays::copyOfRange@13 (line 3854)
                      ; - java.lang.StringLatin1::newString@16 (line 752)
                      ; - java.lang.String::substring@41 (line 2839)
                      ; - java.lang.ClassLoader::checkCerts@21 (line 1164)
                      ; - java.lang.ClassLoader::preDefineClass@113 (line 917)
                      ; - java.lang.ClassLoader::defineClass@4 (line 1025)
                      ; - java.security.SecureClassLoader::defineClass@12 (line 150)
  0x00000224ed85a518: e4a0 2cff 

  0x00000224ed85a51c: ;   {other}
  0x00000224ed85a51c: 0f1f 8400 | 0c11 001c | 498b d7c5 | f877 49ba | d001 8de5 | fc7f 0000 

  0x00000224ed85a534: ;   {other}
  0x00000224ed85a534: 41ff d20f | 1f84 0000 | 0000 0090 | e9e6 f6ff | ffba e4ff | ffff 488b | 6c24 2844 | 895c 2454 
  0x00000224ed85a554: ;   {runtime_call UncommonTrapBlob}
  0x00000224ed85a554: c5f8 77e8 

  0x00000224ed85a558: ; ImmutableOopMap {rbp=Oop [48]=Oop [56]=Oop [72]=Oop [84]=NarrowOop }
                      ;*baload {reexecute=0 rethrow=0 return_oop=0}
                      ; - jdk.internal.util.ArraysSupport::mismatch@82 (line 402)
                      ; - java.lang.String::startsWith@70 (line 2297)
                      ; - java.lang.String::startsWith@3 (line 2327)
                      ; - java.lang.ClassLoader::preDefineClass@43 (line 906)
                      ; - java.lang.ClassLoader::defineClass@4 (line 1025)
                      ; - java.security.SecureClassLoader::defineClass@12 (line 150)
  0x00000224ed85a558: a4a0 2cff 

  0x00000224ed85a55c: ;   {other}
  0x00000224ed85a55c: 0f1f 8400 | 4c11 001d | ba37 0100 | 0048 8beb | 4c8b 5424 | 384c 8954 | 2428 6690 

  0x00000224ed85a578: ;   {runtime_call UncommonTrapBlob}
  0x00000224ed85a578: c5f8 77e8 

  0x00000224ed85a57c: ; ImmutableOopMap {rbp=Oop [40]=Oop [48]=Oop }
                      ;*new {reexecute=0 rethrow=0 return_oop=0}
                      ; - java.lang.ClassLoader::preDefineClass@56 (line 908)
                      ; - java.lang.ClassLoader::defineClass@4 (line 1025)
                      ; - java.security.SecureClassLoader::defineClass@12 (line 150)
  0x00000224ed85a57c: 80a0 2cff 

  0x00000224ed85a580: ;   {other}
  0x00000224ed85a580: 0f1f 8400 | 7011 001e | bade ffff | ff48 8b6c | 2428 4c8b | 5424 304c | 8954 2420 | 4c8b 5424 
  0x00000224ed85a5a0: 384c 8954 | 2428 4889 | 4424 3890 

  0x00000224ed85a5ac: ;   {runtime_call UncommonTrapBlob}
  0x00000224ed85a5ac: c5f8 77e8 

  0x00000224ed85a5b0: ; ImmutableOopMap {rbp=Oop [32]=Oop [40]=Oop [56]=Oop }
                      ;*checkcast {reexecute=0 rethrow=0 return_oop=0}
                      ; - java.security.SecureClassLoader::getProtectionDomain@33 (line 222)
                      ; - java.security.SecureClassLoader::defineClass@9 (line 150)
  0x00000224ed85a5b0: 4ca0 2cff 

  0x00000224ed85a5b4: ;   {other}
  0x00000224ed85a5b4: 0f1f 8400 | a411 001f | bade ffff | ff48 8b6c | 2428 4c8b | 5424 384c | 8954 2428 | 448b 5424 
  0x00000224ed85a5d4: 4044 8954 | 2438 448b | 5c24 4444 | 895c 243c | 48ff 7424 | 4848 8f44 | 2440 4889 | 4424 5090 
  0x00000224ed85a5f4: ;   {runtime_call UncommonTrapBlob}
  0x00000224ed85a5f4: c5f8 77e8 

  0x00000224ed85a5f8: ; ImmutableOopMap {rbp=Oop [40]=Oop [48]=Oop [64]=Oop [80]=Oop [88]=Oop }
                      ;*checkcast {reexecute=0 rethrow=0 return_oop=0}
                      ; - java.lang.ClassLoader::checkCerts@65 (line 1171)
                      ; - java.lang.ClassLoader::preDefineClass@113 (line 917)
                      ; - java.lang.ClassLoader::defineClass@4 (line 1025)
                      ; - java.security.SecureClassLoader::defineClass@12 (line 150)
  0x00000224ed85a5f8: 04a0 2cff 

  0x00000224ed85a5fc: ;   {other}
  0x00000224ed85a5fc: 0f1f 8400 | ec11 0020 | baf6 ffff | ff49 8be8 | 4c89 4c24 | 2066 6690 

  0x00000224ed85a614: ;   {runtime_call UncommonTrapBlob}
  0x00000224ed85a614: c5f8 77e8 

  0x00000224ed85a618: ; ImmutableOopMap {rbp=Oop [32]=Oop }
                      ;*invokeinterface computeIfAbsent {reexecute=0 rethrow=0 return_oop=0}
                      ; - java.security.SecureClassLoader::getProtectionDomain@28 (line 222)
                      ; - java.security.SecureClassLoader::defineClass@9 (line 150)
  0x00000224ed85a618: e49f 2cff 

  0x00000224ed85a61c: ;   {other}
  0x00000224ed85a61c: 0f1f 8400 | 0c12 0021 | baf4 ffff | ff48 8b6c | 2428 4c8b | 5424 304c | 8954 2420 

  0x00000224ed85a638: ;   {runtime_call UncommonTrapBlob}
  0x00000224ed85a638: c5f8 77e8 

  0x00000224ed85a63c: ; ImmutableOopMap {rbp=Oop [32]=Oop [56]=Oop }
                      ;*checkcast {reexecute=0 rethrow=0 return_oop=0}
                      ; - java.security.SecureClassLoader::getProtectionDomain@33 (line 222)
                      ; - java.security.SecureClassLoader::defineClass@9 (line 150)
  0x00000224ed85a63c: c09f 2cff 

  0x00000224ed85a640: ;   {other}
  0x00000224ed85a640: 0f1f 8400 | 3012 0022 | baf6 ffff | ff66 6690 

  0x00000224ed85a650: ;   {runtime_call UncommonTrapBlob}
  0x00000224ed85a650: c5f8 77e8 

  0x00000224ed85a654: ; ImmutableOopMap {}
                      ;*arraylength {reexecute=0 rethrow=0 return_oop=0}
                      ; - java.lang.String::isEmpty@4 (line 1532)
                      ; - java.lang.ClassLoader::checkName@5 (line 1155)
                      ; - java.lang.ClassLoader::preDefineClass@1 (line 900)
                      ; - java.lang.ClassLoader::defineClass@4 (line 1025)
                      ; - java.security.SecureClassLoader::defineClass@12 (line 150)
  0x00000224ed85a654: a89f 2cff 

  0x00000224ed85a658: ;   {other}
  0x00000224ed85a658: 0f1f 8400 | 4812 0023 | ba45 ffff | ff48 8b6c | 2428 4c89 | 5424 2090 

  0x00000224ed85a670: ;   {runtime_call UncommonTrapBlob}
  0x00000224ed85a670: c5f8 77e8 

  0x00000224ed85a674: ; ImmutableOopMap {rbp=Oop [32]=Oop [56]=Oop [72]=Oop }
                      ;*ifnull {reexecute=1 rethrow=0 return_oop=0}
                      ; - (reexecute) java.lang.ClassLoader::checkName@1 (line 1155)
                      ; - java.lang.ClassLoader::preDefineClass@1 (line 900)
                      ; - java.lang.ClassLoader::defineClass@4 (line 1025)
                      ; - java.security.SecureClassLoader::defineClass@12 (line 150)
  0x00000224ed85a674: 889f 2cff 

  0x00000224ed85a678: ;   {other}
  0x00000224ed85a678: 0f1f 8400 | 6812 0024 | ba45 ffff | ff48 8b6c | 2428 4c8b | 5424 384c | 8954 2428 | 448b 5c24 
  0x00000224ed85a698: 4044 895c | 2438 448b | 5424 4444 | 8954 243c | 48ff 7424 | 4848 8f44 | 2440 48ff | 7424 5848 
  0x00000224ed85a6b8: 8f44 2448 | 4889 5c24 | 5844 8974 | 2454 6690 

  0x00000224ed85a6c8: ;   {runtime_call UncommonTrapBlob}
  0x00000224ed85a6c8: c5f8 77e8 

  0x00000224ed85a6cc: ; ImmutableOopMap {rbp=Oop [40]=Oop [48]=Oop [64]=Oop [72]=Oop [84]=NarrowOop [88]=Oop }
                      ;*ifnull {reexecute=1 rethrow=0 return_oop=0}
                      ; - (reexecute) java.lang.ClassLoader::checkCerts@30 (line 1167)
                      ; - java.lang.ClassLoader::preDefineClass@113 (line 917)
                      ; - java.lang.ClassLoader::defineClass@4 (line 1025)
                      ; - java.security.SecureClassLoader::defineClass@12 (line 150)
  0x00000224ed85a6cc: 309f 2cff 

  0x00000224ed85a6d0: ;   {other}
  0x00000224ed85a6d0: 0f1f 8400 | c012 0025 | ba45 ffff | ff48 8b6c | 2428 48ff | 7424 3048 | 8f44 2420 | 4c8b 5424 
  0x00000224ed85a6f0: 384c 8954 | 2428 448b | 5424 4044 | 8954 2430 | 448b 4424 | 4444 8944 | 2434 4489 | 5c24 4490 
  0x00000224ed85a710: ;   {runtime_call UncommonTrapBlob}
  0x00000224ed85a710: c5f8 77e8 

  0x00000224ed85a714: ; ImmutableOopMap {rbp=Oop [32]=Oop [40]=Oop [68]=NarrowOop [72]=Oop }
                      ;*ifnull {reexecute=1 rethrow=0 return_oop=0}
                      ; - (reexecute) java.lang.ClassLoader::defineClassSourceLocation@8 (line 926)
                      ; - java.lang.ClassLoader::defineClass@12 (line 1026)
                      ; - java.security.SecureClassLoader::defineClass@12 (line 150)
  0x00000224ed85a714: e89e 2cff 

  0x00000224ed85a718: ;   {other}
  0x00000224ed85a718: 0f1f 8400 | 0813 0026 | e90c 0000 | 00eb 0aeb | 0deb 0beb | 04eb 02eb | 0048 8bd0 | eb03 488b 
  0x00000224ed85a738: d0c5 f877 | 4881 c4b0 | 0000 005d 

  0x00000224ed85a744: ;   {runtime_call _rethrow_Java}
  0x00000224ed85a744: e937 6a39 | ffba 97ff | ffff 488b | 6c24 2048 | ff74 2438 | 488f 4424 | 2848 8944 | 24f8 8b44 
  0x00000224ed85a764: 2440 8944 | 2438 488b | 4424 f848 | 8944 24f8 | 8b44 2444 | 8944 243c | 488b 4424 | f848 ff74 
  0x00000224ed85a784: 2448 488f | 4424 404c | 8b54 2460 | 4c89 5424 | 484c 8b54 | 2468 4c89 | 5424 6090 

  0x00000224ed85a7a0: ;   {runtime_call UncommonTrapBlob}
  0x00000224ed85a7a0: c5f8 77e8 

  0x00000224ed85a7a4: ; ImmutableOopMap {rbp=Oop [40]=Oop [48]=Oop [64]=Oop [72]=Oop [80]=NarrowOop [84]=NarrowOop [96]=Oop [104]=Oop }
                      ;*invokevirtual clone {reexecute=1 rethrow=0 return_oop=0}
                      ; - (reexecute) java.util.Arrays::copyOfRange@18 (line 3856)
                      ; - java.lang.StringLatin1::newString@16 (line 752)
                      ; - java.lang.String::substring@41 (line 2839)
                      ; - java.lang.ClassLoader::checkCerts@21 (line 1164)
                      ; - java.lang.ClassLoader::preDefineClass@113 (line 917)
                      ; - java.lang.ClassLoader::defineClass@4 (line 1025)
                      ; - java.security.SecureClassLoader::defineClass@12 (line 150)
  0x00000224ed85a7a4: 589e 2cff 

  0x00000224ed85a7a8: ;   {other}
  0x00000224ed85a7a8: 0f1f 8400 | 9813 0027 

  0x00000224ed85a7b0: ;   {internal_word}
  0x00000224ed85a7b0: 49ba 829d | 85ed 2402 | 0000 4d89 | 9768 0400 

  0x00000224ed85a7c0: ;   {runtime_call SafepointBlob}
  0x00000224ed85a7c0: 00e9 3aaf 

  0x00000224ed85a7c4: ;   {runtime_call StubRoutines (final stubs)}
  0x00000224ed85a7c4: 2cff e895 | a52a ffe9 | 0eef ffff 
[Stub Code]
  0x00000224ed85a7d0: ;   {no_reloc}
  0x00000224ed85a7d0: 48bb c060 | 0680 2402 

  0x00000224ed85a7d8: ;   {runtime_call I2C/C2I adapters}
  0x00000224ed85a7d8: 0000 e98c 

  0x00000224ed85a7dc: ;   {static_stub}
  0x00000224ed85a7dc: 052c ff48 | bbd0 8616 | 8024 0200 

  0x00000224ed85a7e8: ;   {runtime_call I2C/C2I adapters}
  0x00000224ed85a7e8: 00e9 f999 

  0x00000224ed85a7ec: ;   {static_stub}
  0x00000224ed85a7ec: 2cff 48bb | c8b6 4080 | 2402 0000 

  0x00000224ed85a7f8: ;   {runtime_call I2C/C2I adapters}
  0x00000224ed85a7f8: e971 8829 

  0x00000224ed85a7fc: ;   {static_stub}
  0x00000224ed85a7fc: ff48 bb00 | 0000 0000 

  0x00000224ed85a804: ;   {runtime_call}
  0x00000224ed85a804: 0000 00e9 | fbff ffff 

  0x00000224ed85a80c: ;   {static_stub}
  0x00000224ed85a80c: 48bb 0000 | 0000 0000 

  0x00000224ed85a814: ;   {runtime_call}
  0x00000224ed85a814: 0000 e9fb 

  0x00000224ed85a818: ;   {runtime_call ExceptionBlob}
  0x00000224ed85a818: ffff ffe9 | e0fc 38ff 
[Deopt Handler Code]
  0x00000224ed85a820: e800 0000 | 0048 832c 

  0x00000224ed85a828: ;   {runtime_call DeoptimizationBlob}
  0x00000224ed85a828: 2405 e971 | a12c fff4 
[/MachCode]


Compiled method (c2)  234396 12511   !   4       jdk.internal.loader.BuiltinClassLoader::findClassOnClassPathOrNull (64 bytes)
 total in heap  [0x00000224ed841690,0x00000224ed8517e8] = 65880
 relocation     [0x00000224ed8417f0,0x00000224ed8420c0] = 2256
 main code      [0x00000224ed8420c0,0x00000224ed84ba28] = 39272
 stub code      [0x00000224ed84ba28,0x00000224ed84bcf0] = 712
 oops           [0x00000224ed84bcf0,0x00000224ed84bd50] = 96
 metadata       [0x00000224ed84bd50,0x00000224ed84c350] = 1536
 scopes data    [0x00000224ed84c350,0x00000224ed84faf8] = 14248
 scopes pcs     [0x00000224ed84faf8,0x00000224ed850bf8] = 4352
 dependencies   [0x00000224ed850bf8,0x00000224ed850d90] = 408
 handler table  [0x00000224ed850d90,0x00000224ed8516a8] = 2328
 nul chk table  [0x00000224ed8516a8,0x00000224ed8517e8] = 320

[Constant Pool (empty)]

[MachCode]
[Entry Point]
  # {method} {0x0000022480069db8} 'findClassOnClassPathOrNull' '(Ljava/lang/String;)Ljava/lang/Class;' in 'jdk/internal/loader/BuiltinClassLoader'
  # this:     rdx:rdx   = 'jdk/internal/loader/BuiltinClassLoader'
  # parm0:    r8:r8     = 'java/lang/String'
  #           [sp+0x130]  (sp of caller)
  0x00000224ed8420c0: 448b 5208 | 49bb 0000 | 0080 2402 | 0000 4d03 | d349 3bc2 

  0x00000224ed8420d4: ;   {runtime_call ic_miss_stub}
  0x00000224ed8420d4: 0f85 a6c6 | 2dff 6690 | 0f1f 4000 
[Verified Entry Point]
  0x00000224ed8420e0: 8984 2400 | 80ff ff55 | 4881 ec20 | 0100 0090 | 4181 7f20 | 2700 0000 | 0f85 1d99 | 0000 4889 
  0x00000224ed842100: 5424 384c | 8944 2448 

  0x00000224ed842108: ; implicit exception: dispatches to 0x00000224ed84a887
  0x00000224ed842108: 450f be58 | 1045 85db | 0f85 5a67 | 0000 458b | 4014 660f | 1f44 0000 

  0x00000224ed842120: ; implicit exception: dispatches to 0x00000224ed84a8a4
  0x00000224ed842120: 478b 54c4 | 0c45 85d2 | 0f86 df03 | 0000 458b | ca41 ffc9 | 453b ca0f | 83cb 6200 | 0041 8d4a 
  0x00000224ed842140: fd4b 8d14 | c443 807c | c410 2e0f | 8466 3200 | 0083 f901 | 0f8e 8b03 | 0000 bd01 | 0000 0041 
  0x00000224ed842160: 8bf2 2bf5 | 83c6 fd45 | 33db 3bcd | 410f 4cf3 | 81fe a00f | 0000 41bb | a00f 0000 | 410f 47f3 
  0x00000224ed842180: 03f5 eb0e | 0f1f 8400 | 0000 0000 | 6666 6690 | 8beb 4c63 | dd42 0fbe | 5c1a 100f | 1f44 0000 
  0x00000224ed8421a0: 83fb 2e0f | 845c 0000 | 0042 0fbe | 5c1a 1183 | fb2e 0f84 | 4600 0000 | 420f be5c | 1a12 6690 
  0x00000224ed8421c0: 83fb 2e0f | 8439 0000 | 0042 0fbe | 7c1a 1383 

  0x00000224ed8421d0: ;   {no_reloc}
  0x00000224ed8421d0: ff2e 7427 | 8d5d 043b | de7c b549 | 8b87 5804 | 0000 83c5 | 034c 8b5c 

  0x00000224ed8421e8: ; ImmutableOopMap {r11=Oop r8=NarrowOop rdx=Oop [56]=Oop [72]=Oop }
                      ;*if_icmpne {reexecute=1 rethrow=0 return_oop=0}
                      ; - (reexecute) java.lang.StringLatin1::replace@28 (line 298)
                      ; - java.lang.String::replace@18 (line 2933)
                      ; - jdk.internal.loader.BuiltinClassLoader::findClassOnClassPathOrNull@5 (line 755)
                      ;   {poll}
  0x00000224ed8421e8: 2448 8500 | 3bd9 0f8d | f602 0000 | 8beb e964 | ffff ff83 | c502 ffc5 | eb03 83c5 | 0241 3bea 
  0x00000224ed842208: 0f8d ff02 | 0000 4181 | fa00 0010 | 000f 87d3 | 5000 004d | 8b9f b801 | 0000 4963 | da48 83c3 
  0x00000224ed842228: 1748 83e3 | f849 8bfb | 4803 fb66 | 0f1f 8400 | 0000 0000 | 6666 6690 | 493b bfc8 | 0100 000f 
  0x00000224ed842248: 83a1 5000 | 0049 89bf | b801 0000 | 0f0d 8f00 | 0100 0049 | c703 0100 | 0000 0f0d | 8f40 0100 
  0x00000224ed842268: ;   {metadata({type array byte})}
  0x00000224ed842268: 0041 c743 | 0868 2200 | 0045 8953 | 0c0f 0d8f | 8001 0000 | 0f1f 4000 | 85ed 0f8e | a300 0000 
  0x00000224ed842288: 8bf5 ffce | 413b f20f | 831f 6400 | 0045 85d2 | 0f86 1664 | 0000 430f | be5c c410 | 4188 5b10 
  0x00000224ed8422a8: 83fe 010f | 8e3b 6400 | 00bb 0100 | 0000 8bfd | 2bfb ffcf | 33c0 3bf3 | 0f4c f881 | ffd0 0700 
  0x00000224ed8422c8: 00b8 d007 | 0000 0f47 | f803 fb66 | 0f1f 8400 | 0000 0000 | 6666 6690 | 4c63 f342 | 0fbe 4432 
  0x00000224ed8422e8: 1043 8844 | 3310 460f | be6c 3211 | 4788 6c33 | 1183 c302 | 0f1f 4000 | 3bdf 7cdc | 498b bf58 
  0x00000224ed842308: ; ImmutableOopMap {r11=Oop r8=NarrowOop rdx=Oop [56]=Oop [72]=Oop }
                      ;*goto {reexecute=1 rethrow=0 return_oop=0}
                      ; - (reexecute) java.lang.StringLatin1::replace@76 (line 305)
                      ; - java.lang.String::replace@18 (line 2933)
                      ; - jdk.internal.loader.BuiltinClassLoader::findClassOnClassPathOrNull@5 (line 755)
                      ;   {poll}
  0x00000224ed842308: 0400 0085 | 073b de7c | a53b dd7d | 1666 6690 | 4863 fb0f | be44 3a10 | 4188 443b | 10ff c33b 
  0x00000224ed842328: dd7c ed41 | 3bea 0f8d | 6301 0000 | 413b ea0f | 833f 6300 | 0066 6690 | 453b ca0f | 8333 6300 
  0x00000224ed842348: 0044 8bcd | 41ff c14c | 63c5 420f | be7c 0210 | 83ff 2e0f | 1f44 0000 | 0f84 df2d | 0000 4388 
  0x00000224ed842368: 7c03 108b | ddff c341 | 3bd9 7d04 | 8beb ebd7 | 3bd9 660f | 1f44 0000 | 0f8d ea00 | 0000 ffc5 
  0x00000224ed842388: e998 0000 | 00bf 2f00 | 0000 6666 | 0f1f 8400 | 0000 0000 | 6666 6690 | 4388 7c03 | 1383 c504 
  0x00000224ed8423a8: 3beb 0f8d | 6200 0000 | 4c63 c546 | 0fbe 4c02 | 100f 1f80 | 0000 0000 | 4183 f92e | 0f84 3900 
  0x00000224ed8423c8: 0000 4788 | 4c03 1042 | 0fbe 7c02 | 1183 ff2e | 7422 4388 | 7c03 1142 | 0fbe 7c02 | 1283 ff2e 
  0x00000224ed8423e8: 7421 4388 | 7c03 1242 | 0fbe 7c02 | 1383 ff2e | 75a6 eb91 | bf2f 0000 | 00eb d741 | b92f 0000 
  0x00000224ed842408: ;   {no_reloc}
  0x00000224ed842408: 00eb bfbf | 2f00 0000 | ebd8 4d8b | 8f58 0400 | 004c 8b44 

  0x00000224ed84241c: ; ImmutableOopMap {r11=Oop r8=Oop rdx=Oop [56]=Oop [72]=Oop }
                      ;*goto {reexecute=1 rethrow=0 return_oop=0}
                      ; - (reexecute) java.lang.StringLatin1::replace@113 (line 312)
                      ; - java.lang.String::replace@18 (line 2933)
                      ; - jdk.internal.loader.BuiltinClassLoader::findClassOnClassPathOrNull@5 (line 755)
                      ;   {poll}
  0x00000224ed84241c: 2448 4185 | 013b e97d | 4d41 8bda | 2bdd 83c3 | fd45 33c9 | 3bcd 410f | 4cd9 81fb | a00f 0000 
  0x00000224ed84243c: 41b9 a00f | 0000 410f | 47d9 03dd | e963 ffff | ffc6 4413 | 102e c644 | 1311 63c6 | 4413 126c 
  0x00000224ed84245c: c644 1313 | 61c6 4413 | 1473 c644 | 1315 73e9 | a201 0000 | 8beb 413b | ea7d 2090 | 4c63 c546 
  0x00000224ed84247c: 0fbe 4c02 | 1041 83f9 | 2e0f 8403 | 2e00 0047 | 884c 0310 | ffc5 413b | ea7c e14d | 8b8f b801 
  0x00000224ed84249c: 0000 4d8b | d149 83c2 | 184d 3b97 | c801 0000 | 0f83 9e4e | 0000 4d89 | 97b8 0100 | 0041 0f0d 
  0x00000224ed8424bc: 8a00 0100 | 0049 c701 | 0100 0000 

  0x00000224ed8424c8: ;   {metadata('java/lang/String')}
  0x00000224ed8424c8: 41c7 4108 | 58e5 0000 | 4589 610c | 4d89 6110 | 4d8b d349 | c1ea 0345 | 8951 14eb | 34bb 0100 
  0x00000224ed8424e8: 0000 413b | da7d 1e90 | 440f be5c | 1a10 4183 | fb2e 660f | 1f44 0000 | 0f84 8754 | 0000 ffc3 
  0x00000224ed842508: 413b da7c | e34d 8bd8 | 49c1 e303 | 4c8b 4c24 | 4841 8b7b | 0c66 6690 | 85ff 0f86 | b62b 0000 
  0x00000224ed842528: 450f be41 | 10c4 e23a | f7cf 4863 | f141 83f8 | 010f 84d5 | 6a00 0090 | 85c9 0f8c | 606a 0000 
  0x00000224ed842548: 488d 4606 | 8be8 85ed | 0f8c 766a | 0000 4c8b | d049 c1fa | 2041 8bda | c462 61f7 | d545 85d2 
  0x00000224ed842568: 0f8c d26a | 0000 4181 | fa00 0010 | 000f 8799 | 6000 0049 | 63d2 6690 | 4181 fa00 | 0010 000f 
  0x00000224ed842588: 87bb 4c00 | 0049 8b9f | b801 0000 | 4883 c217 | 4883 e2f8 | 488b eb48 | 03ea 493b | afc8 0100 
  0x00000224ed8425a8: 000f 8399 | 4c00 0049 | 89af b801 | 0000 0f0d | 8d00 0100 | 0048 c703 | 0100 0000 

  0x00000224ed8425c4: ;   {no_reloc}
  0x00000224ed8425c4: 0f0d 8d40 

  0x00000224ed8425c8: ;   {metadata({type array byte})}
  0x00000224ed8425c8: 0100 00c7 | 4308 6822 | 0000 4489 | 530c 0f0d | 8d80 0100 | 008d 4106 | 443b d00f | 8233 6000 
  0x00000224ed8425e8: 0048 63d1 | 85c9 0f8e | 59fe ffff | c644 1315 | 73c6 4413 | 1473 c644 | 1313 61c6 | 4413 126c 
  0x00000224ed842608: c644 1311 | 63c6 4413 | 102e 4585 | c00f 85cd | 6900 000f | 1f44 0000 | 443b d70f | 822b 6000 
  0x00000224ed842628: 0085 ff76 | 2949 83c3 | 1048 8bd3 | 4883 c210 | 4c63 c749 | 8bcb c5f8 | 7749 bac0 | 2cb0 ec24 
  0x00000224ed842648: 0200 0041 

  0x00000224ed84264c: ;   {other}
  0x00000224ed84264c: ffd2 0f1f | 8400 0000 | 0000 498b | 87b8 0100 | 004c 8bd0 | 4983 c218 | 4d3b 97c8 | 0100 000f 
  0x00000224ed84266c: 8354 4c00 | 004d 8997 | b801 0000 | 410f 0d8a | 0001 0000 | 48c7 0001 

  0x00000224ed842684: ;   {metadata('java/lang/String')}
  0x00000224ed842684: 0000 00c7 | 4008 58e5 | 0000 4489 | 600c 4489 | 6010 4c8b | d349 c1ea | 0344 8950 | 144c 8b54 
  0x00000224ed8426a4: 2438 458b | 5258 4585 | d20f 8489 | 5c00 004b | 8d14 d44c | 8bc0 4533 | c966 6690 

  0x00000224ed8426c0: ;   {optimized virtual_call}
  0x00000224ed8426c0: c5f8 77e8 

  0x00000224ed8426c4: ; ImmutableOopMap {[56]=Oop [72]=Oop }
                      ;*invokevirtual getResource {reexecute=0 rethrow=0 return_oop=1}
                      ; - jdk.internal.loader.BuiltinClassLoader::findClassOnClassPathOrNull@26 (line 757)
  0x00000224ed8426c4: 3820 f3ff 

  0x00000224ed8426c8: ;   {other}
  0x00000224ed8426c8: 0f1f 8400 | 3810 0003 | 4889 4424 | 7048 85c0 | 0f84 813c | 0000 448b 

  0x00000224ed8426e0: ;   {metadata('jdk/internal/loader/URLClassPath$JarLoader$2')}
  0x00000224ed8426e0: 5008 4181 | fa58 4521 | 000f 85da | 2c00 004c | 8bd0 458b | 5220 6666 | 0f1f 8400 | 0000 0000 
  0x00000224ed842700: ; implicit exception: dispatches to 0x00000224ed84a908
  0x00000224ed842700: 478b 54d4 | 1c44 8954 | 2478 4c8b | 5424 4845 | 8b52 1443 | 8b7c d40c | 4c8b 5c24 | 4845 0fbe 
  0x00000224ed842720: 4b10 c4e2 | 32f7 cf44 | 8bc1 41ff | c845 85c9 | 0f85 5e61 | 0000 448b | cf41 ffc9 | 453b c845 
  0x00000224ed842740: 0f4f c84b | 8d2c d445 | 85c9 0f8c | 0901 0000 | 85ff 0f86 | 8c5c 0000 | 443b cf0f | 1f44 0000 
  0x00000224ed842760: 0f83 7e5c | 0000 4585 | c90f 8e79 | 5d00 0045 | 8bd9 41ff | cb46 0fbe | 440d 100f | 1f44 0000 
  0x00000224ed842780: 4183 f82e | 0f84 fc2a | 0000 41ff | c945 3bcb | 7fe3 4183 | f902 0f8e | 9b00 0000 | 458d 41fe 
  0x00000224ed8427a0: 33db 4183 | f902 440f | 4cc3 4181 | f8a0 0f00 | 00bb a00f | 0000 440f | 47c3 418b | d141 2bd0 
  0x00000224ed8427c0: 4d63 d946 | 0fbe 441d | 1041 83f8 | 2e0f 848f | 0000 0046 | 0fbe 5c1d | 0f0f 1f80 | 0000 0000 
  0x00000224ed8427e0: ;   {no_reloc}
  0x00000224ed8427e0: 4183 fb2e | 0f84 7d00 | 0000 458d | 59fe 420f | be5c 1d10 | 83fb 2e0f | 8470 0000 | 0045 8d59 
  0x00000224ed842800: fd46 0fbe | 441d 1041 | 83f8 2e0f | 845c 0000 | 0041 83c1 | fc44 3bca | 7fa6 498b | 9758 0400 
  0x00000224ed842820: 004c 8b5c | 2438 488b 

  0x00000224ed842828: ; ImmutableOopMap {r10=NarrowOop r11=Oop rbx=Oop rbp=Oop [56]=Oop [72]=Oop [112]=Oop [120]=NarrowOop }
                      ;*goto {reexecute=1 rethrow=0 return_oop=0}
                      ; - (reexecute) java.lang.StringLatin1::lastIndexOf@35 (line 285)
                      ; - java.lang.String::lastIndexOf@13 (line 2573)
                      ; - java.lang.String::lastIndexOf@8 (line 2535)
                      ; - jdk.internal.loader.BuiltinClassLoader::defineClass@8 (line 845)
                      ; - jdk.internal.loader.BuiltinClassLoader::findClassOnClassPathOrNull@37 (line 760)
                      ;   {poll}
  0x00000224ed842828: 5c24 7085 | 0241 83f9 | 020f 8f65 | ffff ff41 | 83f9 ff7e | 1c66 6690 | 460f be5c | 0d10 4183 
  0x00000224ed842848: fb2e 0f84 | a65e 0000 | 41ff c941 | 83f9 ff7f | e741 bbff | ffff ff90 | eb0b 458b | d9eb 0645 
  0x00000224ed842868: 8bd9 41ff | cb41 83fb | ff0f 849d | 6500 0045 | 85db 660f | 1f44 0000 | 0f8c 3e60 | 0000 443b 
  0x00000224ed842888: d90f 8fa5 | 6500 0044 | 3bd9 7512 | 4c8b 5424 | 484c 8994 | 2480 0000 | 00e9 2f02 | 0000 4585 
  0x00000224ed8428a8: db0f 84b6 | 3b00 0049 | 8b9f b801 | 0000 4c8b | c349 83c0 | 1866 6690 | 4d3b 87c8 | 0100 000f 
  0x00000224ed8428c8: 8301 4b00 | 004d 8987 | b801 0000 | 410f 0d88 | 0001 0000 | 48c7 0301 

  0x00000224ed8428e0: ;   {metadata('java/lang/String')}
  0x00000224ed8428e0: 0000 00c7 | 4308 58e5 | 0000 4489 | 630c 4c89 | 6310 4f8d | 4cd4 1044 | 3bdf 660f | 1f44 0000 
  0x00000224ed842900: 0f85 9300 | 0000 4863 | c781 ff00 | 0010 000f | 8720 5100 | 0049 8bb7 | b801 0000 | 4c8d 5817 
  0x00000224ed842920: 4983 e3f8 | 4c8b c64d | 03c3 4d3b | 87c8 0100 | 000f 83fe | 5000 004d | 8987 b801 | 0000 410f 
  0x00000224ed842940: 0d88 0001 | 0000 48c7 | 0601 0000 | 0041 0f0d | 8840 0100 

  0x00000224ed842954: ;   {metadata({type array byte})}
  0x00000224ed842954: 00c7 4608 | 6822 0000 | 897e 0c41 | 0f0d 8880 | 0100 0048 | 8bd6 4883 | c210 4883 | c007 48c1 
  0x00000224ed842974: e803 498b | c94c 8bc0 | c5f8 7749 | ba60 33b0 | ec24 0200 | 0041 ffd2 

  0x00000224ed84298c: ;   {other}
  0x00000224ed84298c: 0f1f 8400 | 0000 0000 | e9eb 0000 | 000f 1f80 | 0000 0000 | 4181 fb00 | 0010 000f | 8743 6700 
  0x00000224ed8429ac: 0049 63cb | 413b fb44 | 8bc7 450f | 4fc3 4489 | 4424 7c90 | 413b f80f | 829c 6700 | 0045 3bd8 
  0x00000224ed8429cc: 0f82 9367 | 0000 4883 | c117 4c8b | c149 83e0 | f866 6690 | 4181 fb00 | 0010 000f | 87cb 4d00 
  0x00000224ed8429ec: 0049 8bb7 | b801 0000 | 4c8b d64d | 03d0 660f | 1f44 0000 | 4d3b 97c8 | 0100 000f | 83ab 4d00 
  0x00000224ed842a0c: 004d 8997 | b801 0000 | 410f 0d8a | 0001 0000 | 48c7 0601 | 0000 0041 | 0f0d 8a40 

  0x00000224ed842a28: ;   {metadata({type array byte})}
  0x00000224ed842a28: 0100 00c7 | 4608 6822 | 0000 4489 | 5e0c 410f | 0d8a 8001 | 0000 4c8b | d649 83c2 | 1048 c1e9 
  0x00000224ed842a48: 038b 6c24 | 7c85 ed0f | 84a3 6600 | 0041 3beb | 0f8c e740 | 0000 4983 | c0f0 49c1 | e803 498b 
  0x00000224ed842a68: c949 8bd2 | c5f8 7749 | ba60 33b0 | ec24 0200 | 0041 ffd2 

  0x00000224ed842a7c: ;   {other}
  0x00000224ed842a7c: 0f1f 8400 | 0000 0000 | 4180 7f40 | 000f 8517 | 3a00 004c | 8bd3 4c8b | c649 c1e8 | 0344 8943 
  0x00000224ed842a9c: 144c 8bde | 4d33 da49 | c1eb 154d | 85db 741d | 49c1 ea09 | 48b9 0090 | 6af1 2402 | 0000 4903 
  0x00000224ed842abc: ca66 6690 | 8039 020f | 8516 3a00 | 0044 8863 | 1048 899c | 2480 0000 | 004c 8b54 | 2470 458b 
  0x00000224ed842adc: 5a08 6690 

  0x00000224ed842ae0: ;   {metadata('jdk/internal/loader/URLClassPath$JarLoader$2')}
  0x00000224ed842ae0: 4181 fb58 | 4521 000f | 8502 2900 

  0x00000224ed842aec: ;   {oop(a 'java/lang/Class'{0x0000000702cd4350} = 'jdk/internal/access/SharedSecrets')}
  0x00000224ed842aec: 0049 bb50 | 43cd 0207 | 0000 0045 | 8b83 d400 | 0000 6690 

  0x00000224ed842b00: ; implicit exception: dispatches to 0x00000224ed84ad54
  0x00000224ed842b00: 438b 4cc4 | 0845 8b5a | 2047 8b5c 

  0x00000224ed842b0c: ;   {metadata('java/util/jar/JavaUtilJarAccessImpl')}
  0x00000224ed842b0c: dc18 81f9 | b894 3100 | 0f85 0a5a | 0000 660f | 1f44 0000 | 4585 db0f | 84e3 5900 | 004f 8d0c 
  0x00000224ed842b2c: dc48 8d9c | 24f0 0000 | 0049 8b01 | a802 0f85 | 2300 0000 | 4883 c801 | 4889 03f0 | 490f b119 
  0x00000224ed842b4c: 0f84 3700 | 0000 482b | c448 2507 | f0ff ff48 | 8903 e924 | 0000 004c | 8bc0 4833 | c0f0 4d0f 
  0x00000224ed842b6c: b178 3e48 | c703 0300 | 0000 7411 | 4c3b f875 | 1549 ff80 | 8600 0000 | 4833 c075 | 0949 ff87 
  0x00000224ed842b8c: 5005 0000 | 33c0 0f85 | c059 0000 | 438b 6cdc | 3066 6690 | 85ed 0f85 | f262 0000 | 470f b644 
  0x00000224ed842bac: dc12 4585 | c00f 85e2 | 3400 0048 | 8d84 24f0 | 0000 0048 | 8338 000f | 8479 0000 | 004d 8b19 
  0x00000224ed842bcc: 41f6 c302 | 0f84 6200 | 0000 4983 | bb86 0000 | 0000 7409 | 49ff 8b86 | 0000 00eb | 4b49 8b83 
  0x00000224ed842bec: 9600 0000 | 490b 838e | 0000 0075 | 0a49 c743 | 3e00 0000 | 00eb 3d49 | 83bb 9e00 | 0000 0074 
  0x00000224ed842c0c: ;   {no_reloc}
  0x00000224ed842c0c: 2248 33c0 | 49c7 433e | 0000 0000 | f083 0424 | 0049 83bb | 9e00 0000 | 0075 0df0 | 4d0f b17b 
  0x00000224ed842c2c: 3e75 0583 | c801 eb0c | a800 eb08 | 4c8b 18f0 | 4d0f b119 | 750a 49ff | 8f50 0500 | 0045 33db 
  0x00000224ed842c4c: 0f85 6d59 | 0000 458b | 4220 6666 | 0f1f 8400 | 0000 0000 

  0x00000224ed842c60: ; implicit exception: dispatches to 0x00000224ed84a938
  0x00000224ed842c60: 438b 6cc4 | 1845 8b5c 

  0x00000224ed842c68: ;   {metadata('java/util/jar/JarFile')}
  0x00000224ed842c68: ec08 4181 | fbd0 e816 | 000f 8579 | 5900 004d | 8d1c ec49 | 8bdb 8b73 | 2885 f60f | 84a6 2c00 
  0x00000224ed842c88: 0041 8b6c | f40c 4180 | 7f40 000f | 85db 3700 | 000f 1f80 | 0000 0000 

  0x00000224ed842ca0: ; implicit exception: dispatches to 0x00000224ed84a968
  0x00000224ed842ca0: 458b 44ec | 084d 8b5c 

  0x00000224ed842ca8: ;   {oop(a 'java/lang/Class'{0x0000000702cd4450} = 'java/lang/ref/SoftReference')}
  0x00000224ed842ca8: f420 49b9 | 5044 cd02 | 0700 0000 | 4d8b 4970 | 4d3b d90f | 1f44 0000 | 0f85 9327 

  0x00000224ed842cc4: ;   {metadata('java/util/jar/Manifest')}
  0x00000224ed842cc4: 0000 4181 | f880 ee04 | 000f 8509 | 7b00 004d | 8d14 ec4c | 8994 2488 | 0000 004c | 8b54 2438 
  0x00000224ed842ce4: 458b 5a08 

  0x00000224ed842ce8: ;   {metadata('jdk/internal/loader/ClassLoaders$AppClassLoader')}
  0x00000224ed842ce8: 4181 fbd8 | 9f06 000f | 8543 5700 | 004c 8994 | 2490 0000 | 0045 8b52 | 3845 85d2 | 0f84 9b56 
  0x00000224ed842d08: 0000 4c8b | 9c24 8000 | 0000 418b | 430c 85c0 | 0f84 5123 | 0000 478b | 44d4 2844 | 8b5c 2478 
  0x00000224ed842d28: 4d8b cb49 | c1e1 0345 | 85c0 0f84 | de2b 0000 | 478b 54c4 | 0c66 6690 | 4585 d20f | 86af 5b00 
  0x00000224ed842d48: 0044 8bd8 | 41c1 eb10 | 4433 d849 | c1e0 0341 | 81e3 ffff | ff7f 41ff | ca45 23d3 | 4d63 d247 
  0x00000224ed842d68: 8b54 9010 | 4585 d20f | 8400 0f00 | 0043 8b4c | d40c 660f | 1f44 0000 | 413b cb0f | 8481 0100 
  0x00000224ed842d88: 0085 c90f | 8ca9 4300 | 0047 8b54 | d418 4585 | d275 0f48 | be00 906a | f124 0200 | 00e9 d50e 
  0x00000224ed842da8: 0000 4b8d | 0cd4 48be | 0090 6af1 | 2402 0000 | 8b79 0c49 | 8baf 5804 | 0000 4c8b | 9424 9000 
  0x00000224ed842dc8: ; ImmutableOopMap {r10=Oop r9=Oop rcx=Oop [72]=Oop [112]=Oop [120]=NarrowOop [128]=Oop [136]=Oop [144]=Oop }
                      ;*if_icmpne {reexecute=1 rethrow=0 return_oop=0}
                      ; - (reexecute) java.util.concurrent.ConcurrentHashMap::get@127 (line 946)
                      ; - java.lang.ClassLoader::getDefinedPackage@13 (line 2263)
                      ; - jdk.internal.loader.BuiltinClassLoader::getAndVerifyPackage@2 (line 902)
                      ; - jdk.internal.loader.BuiltinClassLoader::defineOrCheckPackage@4 (line 877)
                      ; - jdk.internal.loader.ClassLoaders$AppClassLoader::defineOrCheckPackage@4 (line 211)
                      ; - jdk.internal.loader.BuiltinClassLoader::defineClass@40 (line 849)
                      ; - jdk.internal.loader.BuiltinClassLoader::findClassOnClassPathOrNull@37 (line 760)
                      ;   {poll}
  0x00000224ed842dc8: 0000 8545 | 0041 3bfb | 7413 448b | 4118 4585 | c00f 84a0 | 0e00 004b | 8d0c c4eb | d38b 6910 
  0x00000224ed842de8: 4c8b d549 | c1e2 034c | 8b84 2480 | 0000 004d | 3bd0 660f | 1f44 0000 | 0f84 db00 | 0000 85ed 
  0x00000224ed842e08: 0f84 e26f | 0000 4889 | 8c24 9800 | 0000 4489 | 5c24 6c4c | 894c 2458 | 4c8b 9424 | 9000 0000 
  0x00000224ed842e28: 4c89 5424 | 504c 8b94 | 2488 0000 | 004c 8954 | 2460 4c89 | 4424 4048 | 8974 2438 | 448b 5424 
  0x00000224ed842e48: 7844 8954 | 2430 4c8b | 5424 704c | 8954 2428 | 4c8b 5424 | 484c 8954 | 2420 4d8d | 04ec 488b 
  0x00000224ed842e68: 9424 8000 | 0000 488b | 6c24 5090 

  0x00000224ed842e74: ;   {optimized virtual_call}
  0x00000224ed842e74: c5f8 77e8 

  0x00000224ed842e78: ; ImmutableOopMap {rbp=Oop [32]=Oop [40]=Oop [48]=NarrowOop [64]=Oop [88]=Oop [96]=Oop [152]=Oop }
                      ;*invokevirtual equals {reexecute=0 rethrow=0 return_oop=0}
                      ; - java.util.concurrent.ConcurrentHashMap::get@149 (line 947)
                      ; - java.lang.ClassLoader::getDefinedPackage@13 (line 2263)
                      ; - jdk.internal.loader.BuiltinClassLoader::getAndVerifyPackage@2 (line 902)
                      ; - jdk.internal.loader.BuiltinClassLoader::defineOrCheckPackage@4 (line 877)
                      ; - jdk.internal.loader.ClassLoaders$AppClassLoader::defineOrCheckPackage@4 (line 211)
                      ; - jdk.internal.loader.BuiltinClassLoader::defineClass@40 (line 849)
                      ; - jdk.internal.loader.BuiltinClassLoader::findClassOnClassPathOrNull@37 (line 760)
  0x00000224ed842e78: c44e d8ff 

  0x00000224ed842e7c: ;   {other}
  0x00000224ed842e7c: 0f1f 8400 | ec17 0006 | 85c0 0f84 | c46f 0000 | 4c8b 5424 | 204c 8954 | 2448 4c8b | 5424 284c 
  0x00000224ed842e9c: 8954 2470 | 448b 5c24 | 3044 895c | 2478 488b | 7424 384c | 8b54 2440 | 4c89 9424 | 8000 0000 
  0x00000224ed842ebc: 4c8b 5424 | 604c 8994 | 2488 0000 | 004c 8bd5 | 4c89 9424 | 9000 0000 | 488b 8c24 | 9800 0000 
  0x00000224ed842edc: 4c8b 4c24 | 588b 6914 | 85ed 0f84 | 930d 0000 | 4c8b 9424 | 8000 0000 | 450f b652 | 114c 8b9c 
  0x00000224ed842efc: 2480 0000 | 0041 8b43 | 0ce9 a000 | 0000 438b | 6cd4 104c | 8bc5 49c1 | e003 488b | 8c24 8000 
  0x00000224ed842f1c: 0000 6690 | 4c3b c10f | 8459 0000 | 0085 ed0f | 8486 6c00 | 0044 895c | 2428 4c89 | 4c24 204d 
  0x00000224ed842f3c: 8d04 ec4b | 8d2c d444 | 8954 242c | 488b 9424 | 8000 0000 | 4c8b 9424 | 9000 0000 | 4c89 5424 
  0x00000224ed842f5c: 3066 6690 

  0x00000224ed842f60: ;   {optimized virtual_call}
  0x00000224ed842f60: c5f8 77e8 

  0x00000224ed842f64: ; ImmutableOopMap {rbp=Oop [32]=Oop [44]=NarrowOop [48]=Oop [72]=Oop [112]=Oop [120]=NarrowOop [128]=Oop [136]=Oop [144]=Oop }
                      ;*invokevirtual equals {reexecute=0 rethrow=0 return_oop=0}
                      ; - java.util.concurrent.ConcurrentHashMap::get@73 (line 940)
                      ; - java.lang.ClassLoader::getDefinedPackage@13 (line 2263)
                      ; - jdk.internal.loader.BuiltinClassLoader::getAndVerifyPackage@2 (line 902)
                      ; - jdk.internal.loader.BuiltinClassLoader::defineOrCheckPackage@4 (line 877)
                      ; - jdk.internal.loader.ClassLoaders$AppClassLoader::defineOrCheckPackage@4 (line 211)
                      ; - jdk.internal.loader.BuiltinClassLoader::defineClass@40 (line 849)
                      ; - jdk.internal.loader.BuiltinClassLoader::findClassOnClassPathOrNull@37 (line 760)
  0x00000224ed842f64: d84d d8ff 

  0x00000224ed842f68: ;   {other}
  0x00000224ed842f68: 0f1f 8400 | d818 0007 | 85c0 0f84 | af3d 0000 | 448b 5424 | 2c4c 8b4c | 2420 438b | 6cd4 1485 
  0x00000224ed842f88: ed0f 84a2 | 3b00 004c | 8b94 2480 | 0000 0041 | 8b42 0c45 | 0fb6 5211 | 48be 0090 | 6af1 2402 
  0x00000224ed842fa8: 0000 458b 

  0x00000224ed842fac: ;   {metadata('java/lang/Package')}
  0x00000224ed842fac: 44ec 0841 | 81f8 d0b7 | 0100 0f85 | d876 0000 | 4c8b 9c24 | 8000 0000 | 458b 4314 

  0x00000224ed842fc8: ; implicit exception: dispatches to 0x00000224ed84a98c
  0x00000224ed842fc8: 438b 5cc4 | 0c4d 8d1c | ec41 8b4b | 1085 db0f | 8643 5700 | 004c 8b9c | 2490 0000 | 0041 8b5b 
  0x00000224ed842fe8: 3885 db0f | 840d 5700 | 0085 c00f | 8456 2100 | 0041 8b5c | dc28 6690 | 85db 0f84 | 4902 0000 
  0x00000224ed843008: 458b 5cdc | 0c45 85db | 0f86 7662 | 0000 448b | c041 c1e8 | 1044 33c0 | 4d8d 14dc | 4181 e0ff 
  0x00000224ed843028: ffff 7f41 | ffcb 4523 | d84d 63db | 438b 7c9a | 1085 ff0f | 1f44 0000 | 0f84 0b02 | 0000 458b 
  0x00000224ed843048: 5cfc 0c45 | 3bd8 0f84 | 4a01 0000 | 4585 db0f | 8ce2 0100 | 0045 8b54 | fc18 4585 | d20f 84e6 
  0x00000224ed843068: 0100 004b | 8d1c d48b | 7b0c 4d8b | b758 0400 

  0x00000224ed843078: ; ImmutableOopMap {r9=Oop rcx=NarrowOop rbx=Oop [72]=Oop [112]=Oop [120]=NarrowOop [128]=Oop [136]=Oop [144]=Oop }
                      ;*if_icmpne {reexecute=1 rethrow=0 return_oop=0}
                      ; - (reexecute) java.util.concurrent.ConcurrentHashMap::get@127 (line 946)
                      ; - java.lang.ClassLoader::definePackage@47 (line 2125)
                      ; - java.lang.ClassLoader::getDefinedPackage@32 (line 2267)
                      ; - jdk.internal.loader.BuiltinClassLoader::getAndVerifyPackage@2 (line 902)
                      ; - jdk.internal.loader.BuiltinClassLoader::defineOrCheckPackage@4 (line 877)
                      ; - jdk.internal.loader.ClassLoaders$AppClassLoader::defineOrCheckPackage@4 (line 211)
                      ; - jdk.internal.loader.BuiltinClassLoader::defineClass@40 (line 849)
                      ; - jdk.internal.loader.BuiltinClassLoader::findClassOnClassPathOrNull@37 (line 760)
                      ;   {poll}
  0x00000224ed843078: 0041 8506 | 0f1f 4000 | 413b f874 | 1344 8b53 | 1845 85d2 | 0f84 bf01 | 0000 4b8d | 1cd4 ebd7 
  0x00000224ed843098: 8b6b 104c | 8bd5 49c1 | e203 4c8b | 9c24 8000 | 0000 4d3b | d30f 84db | 0000 0085 | ed0f 8475 
  0x00000224ed8430b8: 6e00 0048 | 899c 24a0 | 0000 0044 | 8984 2498 | 0000 0089 | 4c24 6c4c | 894c 2458 | 4c8b 9424 
  0x00000224ed8430d8: 8800 0000 | 4c89 5424 | 604c 895c | 2440 4889 | 7424 3844 | 8b54 2478 | 4489 5424 | 304c 8b54 
  0x00000224ed8430f8: 2470 4c89 | 5424 284c | 8b54 2448 | 4c89 5424 | 204d 8d04 | ec48 8b94 | 2480 0000 | 0048 8bac 
  0x00000224ed843118: 2490 0000 | 0066 6690 

  0x00000224ed843120: ;   {optimized virtual_call}
  0x00000224ed843120: c5f8 77e8 

  0x00000224ed843124: ; ImmutableOopMap {rbp=Oop [32]=Oop [40]=Oop [48]=NarrowOop [64]=Oop [88]=Oop [96]=Oop [108]=NarrowOop [160]=Oop }
                      ;*invokevirtual equals {reexecute=0 rethrow=0 return_oop=0}
                      ; - java.util.concurrent.ConcurrentHashMap::get@149 (line 947)
                      ; - java.lang.ClassLoader::definePackage@47 (line 2125)
                      ; - java.lang.ClassLoader::getDefinedPackage@32 (line 2267)
                      ; - jdk.internal.loader.BuiltinClassLoader::getAndVerifyPackage@2 (line 902)
                      ; - jdk.internal.loader.BuiltinClassLoader::defineOrCheckPackage@4 (line 877)
                      ; - jdk.internal.loader.ClassLoaders$AppClassLoader::defineOrCheckPackage@4 (line 211)
                      ; - jdk.internal.loader.BuiltinClassLoader::defineClass@40 (line 849)
                      ; - jdk.internal.loader.BuiltinClassLoader::findClassOnClassPathOrNull@37 (line 760)
  0x00000224ed843124: 184c d8ff 

  0x00000224ed843128: ;   {other}
  0x00000224ed843128: 0f1f 8400 | 981a 0009 | 85c0 0f84 | 706e 0000 | 4c8b 5424 | 204c 8954 | 2448 4c8b | 5424 284c 
  0x00000224ed843148: 8954 2470 | 448b 5424 | 3044 8954 | 2478 488b | 7424 384c | 8b54 2440 | 4c89 9424 | 8000 0000 
  0x00000224ed843168: 4c8b 5424 | 604c 8994 | 2488 0000 | 0048 89ac | 2490 0000 | 008b 4c24 | 6c48 8b9c | 24a0 0000 
  0x00000224ed843188: 004c 8b4c | 2458 8b6b | 1485 ed0f | 858b 0000 | 00e9 b300 | 0000 418b | 6cfc 104c | 8bd5 49c1 
  0x00000224ed8431a8: e203 4c8b | 9c24 8000 | 0000 4d3b | d30f 845f | 0000 0085 | ed66 6690 | 0f84 b26a | 0000 4489 
  0x00000224ed8431c8: 4424 3489 | 4c24 304c | 894c 2428 | 4889 7424 | 204d 8d04 | ec49 8d2c | fc89 7c24 | 3848 8b94 
  0x00000224ed8431e8: 2480 0000 | 0066 6690 

  0x00000224ed8431f0: ;   {optimized virtual_call}
  0x00000224ed8431f0: c5f8 77e8 

  0x00000224ed8431f4: ; ImmutableOopMap {rbp=Oop [40]=Oop [48]=NarrowOop [56]=NarrowOop [72]=Oop [112]=Oop [120]=NarrowOop [128]=Oop [136]=Oop [144]=Oop }
                      ;*invokevirtual equals {reexecute=0 rethrow=0 return_oop=0}
                      ; - java.util.concurrent.ConcurrentHashMap::get@73 (line 940)
                      ; - java.lang.ClassLoader::definePackage@47 (line 2125)
                      ; - java.lang.ClassLoader::getDefinedPackage@32 (line 2267)
                      ; - jdk.internal.loader.BuiltinClassLoader::getAndVerifyPackage@2 (line 902)
                      ; - jdk.internal.loader.BuiltinClassLoader::defineOrCheckPackage@4 (line 877)
                      ; - jdk.internal.loader.ClassLoaders$AppClassLoader::defineOrCheckPackage@4 (line 211)
                      ; - jdk.internal.loader.BuiltinClassLoader::defineClass@40 (line 849)
                      ; - jdk.internal.loader.BuiltinClassLoader::findClassOnClassPathOrNull@37 (line 760)
  0x00000224ed8431f4: 484b d8ff 

  0x00000224ed8431f8: ;   {other}
  0x00000224ed8431f8: 0f1f 8400 | 681b 000a | 85c0 0f84 | 543f 0000 | 488b 7424 | 208b 4c24 | 308b 7c24 | 384c 8b4c 
  0x00000224ed843218: 2428 418b | 6cfc 1490 | 85ed 742d | 458b 5cec 

  0x00000224ed843228: ;   {metadata('java/lang/Package')}
  0x00000224ed843228: 0841 81fb | d0b7 0100 | 0f85 6a75 | 0000 4d8d | 1cec e9c3 | 0000 0045 | 8b5c fc08 

  0x00000224ed843244: ;   {metadata('java/util/concurrent/ConcurrentHashMap$ReservationNode')}
  0x00000224ed843244: 4181 fb60 | b417 000f | 85d7 7200 | 004c 8b94 | 2490 0000 | 0041 8b6a | 384d 8b97 | b801 0000 
  0x00000224ed843264: 4d8b da49 | 83c3 184d | 3b9f c801 | 0000 0f83 | 1c47 0000 | 4d89 9fb8 | 0100 0041 | 0f0d 8b00 
  0x00000224ed843284: 0100 0049 | c702 0100 

  0x00000224ed84328c: ;   {metadata('java/lang/ClassLoader$$Lambda+0x000002248104e3b8')}
  0x00000224ed84328c: 0000 41c7 | 4208 b8e3 | 0401 4d89 | 6210 4c8b | 9c24 9000 | 0000 4d8b | c349 c1e8 | 0345 8942 
  0x00000224ed8432ac: 0c41 894a | 1085 ed0f | 848f 6000 | 004c 894c | 2428 4889 | 7424 2049 | 8d14 ec4c | 8b84 2480 
  0x00000224ed8432cc: 0000 004d | 8bca 6690 

  0x00000224ed8432d4: ;   {optimized virtual_call}
  0x00000224ed8432d4: c5f8 77e8 

  0x00000224ed8432d8: ; ImmutableOopMap {[40]=Oop [72]=Oop [112]=Oop [120]=NarrowOop [128]=Oop [136]=Oop [144]=Oop }
                      ;*invokevirtual compute {reexecute=0 rethrow=0 return_oop=1}
                      ; - java.lang.ClassLoader::definePackage@78 (line 2129)
                      ; - java.lang.ClassLoader::getDefinedPackage@32 (line 2267)
                      ; - jdk.internal.loader.BuiltinClassLoader::getAndVerifyPackage@2 (line 902)
                      ; - jdk.internal.loader.BuiltinClassLoader::defineOrCheckPackage@4 (line 877)
                      ; - jdk.internal.loader.ClassLoaders$AppClassLoader::defineOrCheckPackage@4 (line 211)
                      ; - jdk.internal.loader.BuiltinClassLoader::defineClass@40 (line 849)
                      ; - jdk.internal.loader.BuiltinClassLoader::findClassOnClassPathOrNull@37 (line 760)
  0x00000224ed8432d8: a4b7 2dff 

  0x00000224ed8432dc: ;   {other}
  0x00000224ed8432dc: 0f1f 8400 | 4c1c 000b 

  0x00000224ed8432e4: ; implicit exception: dispatches to 0x00000224ed84adb6
  0x00000224ed8432e4: 448b 5808 

  0x00000224ed8432e8: ;   {metadata('java/lang/Package')}
  0x00000224ed8432e8: 4181 fbd0 | b701 000f | 85d7 7300 | 004c 8bd8 | 488b 7424 | 204c 8b4c | 2428 458b | 4310 478b 
  0x00000224ed843308: 54c4 1c45 | 85d2 0f85 | 325f 0000 | 458b 5314 | 0f1f 8400 | 0000 0000 

  0x00000224ed843320: ; implicit exception: dispatches to 0x00000224ed84a9cc
  0x00000224ed843320: 438b 6cd4 | 2485 ed0f | 853f 6000 | 004c 8b94 | 2488 0000 | 004d 85d2 | 0f84 a009 

  0x00000224ed84333c: ;   {oop(a 'java/lang/Class'{0x0000000702cd4350} = 'jdk/internal/access/SharedSecrets')}
  0x00000224ed84333c: 0000 49ba | 5043 cd02 | 0700 0000 | 458b 92d4 | 0000 0043 | 8b7c d408 | 4c8b 8424 | 8000 0000 
  0x00000224ed84335c: 410f be48 | 1085 c90f | 8583 5f00 | 0045 8b40 | 1443 8b4c | c40c 4c89 | 4c24 284f | 8d0c d485 
  0x00000224ed84337c: c966 6690 | 0f86 9704 | 0000 8bd9 | ffcb 3bd9 | 0f83 ca53 | 0000 8d51 | fd4b 8d04 | c40f 1f80 
  0x00000224ed84339c: 0000 0000 | 4380 7cc4 | 102e 0f84 | f920 0000 | 83fa 010f | 8eb5 3800 | 0048 8944 | 2450 8954 
  0x00000224ed8433bc: 2440 895c | 2434 4c89 | 4c24 3889 | 8c24 a000 | 0000 4489 | 8424 9c00 | 0000 897c | 2430 4489 
  0x00000224ed8433dc: 9424 9800 | 0000 4c89 | 5c24 6048 | 8974 2420 | bd01 0000 | 0044 8b94 | 24a0 0000 | 0044 2bd5 
  0x00000224ed8433fc: 4183 c2fd | 448b 5c24 | 4045 33c9 | 443b dd45 | 0f4c d141 | 81fa a00f | 0000 41bb | a00f 0000 
  0x00000224ed84341c: 450f 47d3 | 4403 d5eb | 0e66 6666 | 0f1f 8400 | 0000 0000 | 418b eb4c | 63cd 4c8b | 5c24 5047 
  0x00000224ed84343c: ;   {no_reloc}
  0x00000224ed84343c: 0fbe 440b | 1041 83f8 | 2e0f 8464 | 0000 0047 | 0fbe 5c0b | 1141 83fb | 2e0f 844d | 0000 004c 
  0x00000224ed84345c: 8b5c 2450 | 470f be44 | 0b12 4183 | f82e 0f84 | 3c00 0000 | 470f be44 | 0b13 4183 | f82e 7429 
  0x00000224ed84347c: 448d 5d04 | 453b da7c | ab4d 8b97 | 5804 0000 

  0x00000224ed84348c: ; ImmutableOopMap {[40]=Oop [56]=Oop [72]=Oop [80]=Oop [96]=Oop [112]=Oop [120]=NarrowOop [128]=Oop [136]=Oop [144]=Oop [152]=NarrowOop [156]=NarrowOop }
                      ;*if_icmpne {reexecute=1 rethrow=0 return_oop=0}
                      ; - (reexecute) java.lang.StringLatin1::replace@28 (line 298)
                      ; - java.lang.String::replace@18 (line 2933)
                      ; - jdk.internal.loader.BuiltinClassLoader::isSealed@9 (line 992)
                      ; - jdk.internal.loader.BuiltinClassLoader::getAndVerifyPackage@70 (line 911)
                      ; - jdk.internal.loader.BuiltinClassLoader::defineOrCheckPackage@4 (line 877)
                      ; - jdk.internal.loader.ClassLoaders$AppClassLoader::defineOrCheckPackage@4 (line 211)
                      ; - jdk.internal.loader.BuiltinClassLoader::defineClass@40 (line 849)
                      ; - jdk.internal.loader.BuiltinClassLoader::findClassOnClassPathOrNull@37 (line 760)
                      ;   {poll}
  0x00000224ed84348c: 83c5 0341 | 8502 443b | 5c24 400f | 8d0a 3800 | 0041 8beb | e94c ffff | ff83 c502 | ffc5 eb03 
  0x00000224ed8434ac: 83c5 023b | ac24 a000 | 0000 0f8d | 3e03 0000 | 448b 9c24 | a000 0000 | 4181 fb00 | 0010 000f 
  0x00000224ed8434cc: 8795 4200 | 004d 8b87 | b801 0000 | 4c63 9424 | a000 0000 | 4983 c217 | 4983 e2f8 | 4d8b d84d 
  0x00000224ed8434ec: 03da 4d3b | 9fc8 0100 | 000f 836b | 4200 004d | 899f b801 | 0000 410f | 0d8b 0001 | 0000 49c7 
  0x00000224ed84350c: 0001 0000 | 0041 0f0d | 8b40 0100 

  0x00000224ed843518: ;   {metadata({type array byte})}
  0x00000224ed843518: 0041 c740 | 0868 2200 | 0044 8b94 | 24a0 0000 | 0045 8950 | 0c41 0f0d | 8b80 0100 | 0085 ed0f 
  0x00000224ed843538: 8eb4 0000 | 008b ddff | cb3b 9c24 | a000 0000 | 0f83 585c | 0000 448b | 9c24 a000 | 0000 4585 
  0x00000224ed843558: db0f 8647 | 5c00 0044 | 8b94 249c | 0000 0047 | 0fbe 5cd4 | 1045 8858 | 1083 fb01 | 0f8e a25c 
  0x00000224ed843578: 0000 b901 | 0000 008b | fd2b f9ff | cf45 33c9 | 3bd9 410f | 4cf9 81ff | d007 0000 | 41bb d007 
  0x00000224ed843598: 0000 410f | 47fb 03f9 | 4c63 d14c | 8b5c 2450 | 470f be4c | 1310 4788 | 4c10 1047 | 0fbe 5c13 
  0x00000224ed8435b8: 1147 885c | 1011 83c1 | 023b cf7c | db4d 8b97 

  0x00000224ed8435c8: ; ImmutableOopMap {r8=Oop [40]=Oop [56]=Oop [72]=Oop [80]=Oop [96]=Oop [112]=Oop [120]=NarrowOop [128]=Oop [136]=Oop [144]=Oop [152]=NarrowOop [156]=NarrowOop }
                      ;*goto {reexecute=1 rethrow=0 return_oop=0}
                      ; - (reexecute) java.lang.StringLatin1::replace@76 (line 305)
                      ; - java.lang.String::replace@18 (line 2933)
                      ; - jdk.internal.loader.BuiltinClassLoader::isSealed@9 (line 992)
                      ; - jdk.internal.loader.BuiltinClassLoader::getAndVerifyPackage@70 (line 911)
                      ; - jdk.internal.loader.BuiltinClassLoader::defineOrCheckPackage@4 (line 877)
                      ; - jdk.internal.loader.ClassLoaders$AppClassLoader::defineOrCheckPackage@4 (line 211)
                      ; - jdk.internal.loader.BuiltinClassLoader::defineClass@40 (line 849)
                      ; - jdk.internal.loader.BuiltinClassLoader::findClassOnClassPathOrNull@37 (line 760)
  0x00000224ed8435c8: 5804 0000 

  0x00000224ed8435cc: ;   {poll}
  0x00000224ed8435cc: 4185 023b | cb7c ac3b | cd7d 1a90 | 4c63 d14c | 8b5c 2450 | 470f be5c | 1310 4788 | 5c10 10ff 
  0x00000224ed8435ec: c13b cd7c | e73b ac24 | a000 0000 | 0f8d 3f2b | 0000 6690 | 3bac 24a0 | 0000 000f | 835f 5a00 
  0x00000224ed84360c: 0044 8b5c | 2434 6666 | 0f1f 8400 | 0000 0000 | 6666 6690 | 443b 9c24 | a000 0000 | 0f83 3e5a 
  0x00000224ed84362c: 0000 448b | d541 ffc2 | 4c63 dd4c | 8b4c 2450 | 470f be4c | 1910 4183 | f92e 0f84 | 2f1c 0000 
  0x00000224ed84364c: 4788 4c18 | 1044 8bdd | 41ff c345 | 3bda 7d06 | 418b eb90 | ebd2 443b | 5c24 400f | 8d05 0100 
  0x00000224ed84366c: 00ff c5e9 | a200 0000 | 41bb 2f00 | 0000 660f | 1f44 0000 | 4788 5c08 | 1047 0fbe | 5c0a 1141 
  0x00000224ed84368c: 83fb 2e0f | 8463 0000 | 0047 885c | 0811 470f | be5c 0a12 | 4183 fb2e | 0f84 3e00 | 0000 4788 
  0x00000224ed8436ac: 5c08 1247 | 0fbe 5c0a | 1341 83fb | 2e0f 8431 | 0000 0047 | 885c 0813 | 83c5 043b 

  0x00000224ed8436c8: ;   {no_reloc}
  0x00000224ed8436c8: e90f 8d33 | 0000 004c | 63cd 4c8b | 5424 5047 | 0fbe 5c0a | 1066 6690 | 4183 fb2e | 759a eb8c 
  0x00000224ed8436e8: 41bb 2f00 | 0000 ebba | 41bb 2f00 | 0000 ebc7 | 41bb 2f00 | 0000 6690 | eb93 4d8b | 9758 0400 
  0x00000224ed843708: ; ImmutableOopMap {r8=Oop [40]=Oop [56]=Oop [72]=Oop [80]=Oop [96]=Oop [112]=Oop [120]=NarrowOop [128]=Oop [136]=Oop [144]=Oop [152]=NarrowOop }
                      ;*goto {reexecute=1 rethrow=0 return_oop=0}
                      ; - (reexecute) java.lang.StringLatin1::replace@113 (line 312)
                      ; - java.lang.String::replace@18 (line 2933)
                      ; - jdk.internal.loader.BuiltinClassLoader::isSealed@9 (line 992)
                      ; - jdk.internal.loader.BuiltinClassLoader::getAndVerifyPackage@70 (line 911)
                      ; - jdk.internal.loader.BuiltinClassLoader::defineOrCheckPackage@4 (line 877)
                      ; - jdk.internal.loader.ClassLoaders$AppClassLoader::defineOrCheckPackage@4 (line 211)
                      ; - jdk.internal.loader.BuiltinClassLoader::defineClass@40 (line 849)
                      ; - jdk.internal.loader.BuiltinClassLoader::findClassOnClassPathOrNull@37 (line 760)
                      ;   {poll}
  0x00000224ed843708: 0041 8502 | 3b6c 2440 | 0f8d 5f00 | 0000 8b8c | 24a0 0000 | 002b cd83 | c1fd 448b | 5424 4045 
  0x00000224ed843728: 33c9 443b | d541 0f4c | c981 f9a0 | 0f00 0041 | b9a0 0f00 | 0041 0f47 | c903 cdeb | 8a4c 63d5 
  0x00000224ed843748: 4c8b 4c24 | 5047 0fbe | 5c11 1041 | 83fb 2e0f | 8461 1c00 | 0049 8bd0 | 4788 5c10 | 10ff c53b 
  0x00000224ed843768: ac24 a000 | 0000 7cd5 | eb1a 418b | eb66 6666 | 0f1f 8400 | 0000 0000 | 3bac 24a0 | 0000 007c 
  0x00000224ed843788: bc49 8bd0 | 498b 87b8 | 0100 004c | 8bd0 4983 | c218 660f | 1f44 0000 | 4d3b 97c8 | 0100 000f 
  0x00000224ed8437a8: 83e3 3f00 | 004d 8997 | b801 0000 | 410f 0d8a | 0001 0000 | 48c7 0001 

  0x00000224ed8437c0: ;   {metadata('java/lang/String')}
  0x00000224ed8437c0: 0000 00c7 | 4008 58e5 | 0000 4489 | 600c 4c89 | 6010 4c8b | d249 c1ea | 0344 8950 | 1448 8b74 
  0x00000224ed8437e0: 2420 4c8b | 5c24 6044 | 8b94 2498 | 0000 008b | 7c24 304c | 8b4c 2438 | eb32 488b | 7424 204c 
  0x00000224ed843800: 8b5c 2460 | 448b 9424 | 9800 0000 | 8b7c 2430 | 448b 8424 | 9c00 0000 | 4c8b 4c24 | 3849 8bd0 
  0x00000224ed843820: 48c1 e203 | 488b 8424 | 8000 0000 | 448b 420c | 4585 c00f | 86dc 1900 | 000f be48 | 10c4 c272 
  0x00000224ed843840: f7d8 4c63 | eb83 f901 | 0f84 1261 | 0000 85db | 0f8c 8e5f | 0000 4d8d | 7501 418b | ee66 6690 
  0x00000224ed843860: 85ed 0f8c | c45f 0000 | 4c89 ac24 | b000 0000 | 899c 24ac | 0000 0089 | 4c24 3444 | 8984 24a8 
  0x00000224ed843880: 0000 0048 | 8984 24a0 | 0000 0048 | 8994 2498 | 0000 004c | 894c 2438 | 897c 2430 | 4489 5424 
  0x00000224ed8438a0: 7c4c 895c | 2458 4889 | 7424 204d | 8bd6 49c1 | fa20 458b | d2c4 6229 | f7d5 660f | 1f44 0000 
  0x00000224ed8438c0: ;   {no_reloc}
  0x00000224ed8438c0: 4585 d20f | 8cf3 6000 | 0041 81fa | 0000 1000 | 0f87 fa55 | 0000 4d63 | da0f 1f80 | 0000 0000 
  0x00000224ed8438e0: 4181 fa00 | 0010 000f | 871a 3e00 | 0041 8bea | 498b 9fb8 | 0100 0049 | 83c3 1749 | 83e3 f84c 
  0x00000224ed843900: 8bd3 4d03 | d34d 3b97 | c801 0000 | 0f83 f83d | 0000 4d89 | 97b8 0100 | 0041 0f0d | 8a00 0100 
  0x00000224ed843920: 0048 c703 | 0100 0000 | 410f 0d8a | 4001 0000 

  0x00000224ed843930: ;   {metadata({type array byte})}
  0x00000224ed843930: c743 0868 | 2200 0089 | 6b0c 410f | 0d8a 8001 | 0000 448b | 9424 ac00 | 0000 41ff | c241 3bea 
  0x00000224ed843950: 0f82 8255 | 0000 448b | 9c24 ac00 | 0000 42c6 | 441b 102f | 448b 4424 | 3445 85c0 | 0f85 0e5f 
  0x00000224ed843970: 0000 6666 | 0f1f 8400 | 0000 0000 | 6666 6690 | 3bac 24a8 | 0000 000f | 82b7 5500 | 008b ac24 
  0x00000224ed843990: a800 0000 | 85ed 7631 | 4c8b 9424 | 9800 0000 | 4983 c210 | 488b d348 | 83c2 104c | 63c5 498b 
  0x00000224ed8439b0: cac5 f877 | 49ba c02c | b0ec 2402 | 0000 41ff 

  0x00000224ed8439c0: ;   {other}
  0x00000224ed8439c0: d20f 1f84 | 0000 0000 | 0049 8b87 | b801 0000 | 4c8b d049 | 83c2 1866 | 0f1f 8400 | 0000 0000 
  0x00000224ed8439e0: 4d3b 97c8 | 0100 000f | 834b 3d00 | 004d 8997 | b801 0000 | 410f 0d8a | 0001 0000 | 48c7 0001 
  0x00000224ed843a00: ;   {metadata('java/lang/String')}
  0x00000224ed843a00: 0000 00c7 | 4008 58e5 | 0000 4489 | 600c 4489 | 6010 4c8b | db49 c1eb | 0344 8958 | 1448 8b74 
  0x00000224ed843a20: 2420 4c8b | 5c24 5844 | 8b54 247c | 8b7c 2430 

  0x00000224ed843a30: ;   {metadata('java/util/jar/JavaUtilJarAccessImpl')}
  0x00000224ed843a30: 81ff b894 | 3100 0f85 | 7c4d 0000 | 4c8b 9424 | 8800 0000 | 418b 6a10 

  0x00000224ed843a48: ; implicit exception: dispatches to 0x00000224ed84aa0c
  0x00000224ed843a48: 458b 54ec 

  0x00000224ed843a4c: ;   {metadata('java/util/HashMap')}
  0x00000224ed843a4c: 0841 81fa | d0cc 0800 | 0f85 a24d | 0000 4d8d | 14ec 458b | 4a24 4585 | c90f 8410 | 0100 0047 
  0x00000224ed843a6c: 8b54 cc0c | 4585 d20f | 8673 5e00 | 0048 8bc8 | 448b 400c | 4b8d 1ccc | 41ff ca45 | 85c0 0f84 
  0x00000224ed843a8c: 0918 0000 | 458b c841 | c1e9 1045 | 33c8 4523 | d142 8b7c | 9310 85ff | 0f84 d100 | 0000 458b 
  0x00000224ed843aac: 44fc 0c45 | 3bc1 0f85 | a514 0000 | 458b 44fc | 1049 8d2c | fc49 c1e0 | 034c 3bc1 | 0f85 f81c 
  0x00000224ed843acc: 0000 8b6d | 1485 ed0f | 84a2 0000 | 0045 8b54 | ec08 6690 

  0x00000224ed843ae0: ;   {metadata('java/util/jar/Attributes')}
  0x00000224ed843ae0: 4181 faa8 | d216 000f | 8533 6c00 | 004c 8b94 | 2488 0000 | 0045 8b52 | 1449 8d14 | ec66 6690 
  0x00000224ed843b00: 4585 d20f | 841c 1e00 | 0048 8954 | 2430 4889 | 4c24 684c | 895c 2458 | 4889 7424 | 204b 8d14 
  0x00000224ed843b20: d44c 8bc1 

  0x00000224ed843b24: ;   {optimized virtual_call}
  0x00000224ed843b24: c5f8 77e8 

  0x00000224ed843b28: ; ImmutableOopMap {[40]=Oop [48]=Oop [72]=Oop [88]=Oop [104]=Oop [112]=Oop [120]=NarrowOop [128]=Oop [136]=Oop [144]=Oop }
                      ;*invokevirtual isTrustedManifestEntry {reexecute=0 rethrow=0 return_oop=0}
                      ; - java.util.jar.Manifest::getTrustedAttributes@22 (line 178)
                      ; - java.util.jar.JavaUtilJarAccessImpl::getTrustedAttributes@2 (line 38)
                      ; - jdk.internal.loader.BuiltinClassLoader::isSealed@17 (line 992)
                      ; - jdk.internal.loader.BuiltinClassLoader::getAndVerifyPackage@70 (line 911)
                      ; - jdk.internal.loader.BuiltinClassLoader::defineOrCheckPackage@4 (line 877)
                      ; - jdk.internal.loader.ClassLoaders$AppClassLoader::defineOrCheckPackage@4 (line 211)
                      ; - jdk.internal.loader.BuiltinClassLoader::defineClass@40 (line 849)
                      ; - jdk.internal.loader.BuiltinClassLoader::findClassOnClassPathOrNull@37 (line 760)
  0x00000224ed843b28: 54af 2dff 

  0x00000224ed843b2c: ;   {other}
  0x00000224ed843b2c: 0f1f 8400 | 9c24 000f | 85c0 0f84 | 385f 0000 | 4c8b 5c24 | 5848 8b54 | 2430 4c89 

  0x00000224ed843b48: ;   {oop(a 'java/util/jar/Attributes$Name'{0x0000000701102678})}
  0x00000224ed843b48: 5c24 5849 | b878 2610 | 0107 0000 | 0066 6690 

  0x00000224ed843b58: ;   {optimized virtual_call}
  0x00000224ed843b58: c5f8 77e8 

  0x00000224ed843b5c: ; ImmutableOopMap {[40]=Oop [72]=Oop [88]=Oop [112]=Oop [120]=NarrowOop [128]=Oop [136]=Oop [144]=Oop }
                      ;*invokevirtual getValue {reexecute=0 rethrow=0 return_oop=1}
                      ; - jdk.internal.loader.BuiltinClassLoader::isSealed@34 (line 995)
                      ; - jdk.internal.loader.BuiltinClassLoader::getAndVerifyPackage@70 (line 911)
                      ; - jdk.internal.loader.BuiltinClassLoader::defineOrCheckPackage@4 (line 877)
                      ; - jdk.internal.loader.ClassLoaders$AppClassLoader::defineOrCheckPackage@4 (line 211)
                      ; - jdk.internal.loader.BuiltinClassLoader::defineClass@40 (line 849)
                      ; - jdk.internal.loader.BuiltinClassLoader::findClassOnClassPathOrNull@37 (line 760)
  0x00000224ed843b5c: a02e 79f8 

  0x00000224ed843b60: ;   {other}
  0x00000224ed843b60: 0f1f 8400 | d024 0010 | 4885 c00f | 85ab 6000 | 0048 8b74 | 2420 4c8b | 5c24 584c | 8b94 2488 
  0x00000224ed843b80: 0000 0045 | 8b4a 0c43 | 8b6c cc0c 

  0x00000224ed843b8c: ; implicit exception: dispatches to 0x00000224ed84aa30
  0x00000224ed843b8c: 458b 54ec 

  0x00000224ed843b90: ;   {metadata('java/util/LinkedHashMap')}
  0x00000224ed843b90: 0841 81fa | d8cc 0f00 | 0f85 ae4c | 0000 4d8d | 0cec 418b | 4924 85c9 | 0f84 c000 | 0000 458b 
  0x00000224ed843bb0: 44cc 0c45 | 85c0 0f86 | 745d 0000 

  0x00000224ed843bbc: ;   {oop(a 'java/util/jar/Attributes$Name'{0x0000000701102678})}
  0x00000224ed843bbc: 49ba 7826 | 1001 0700 | 0000 458b | 520c 498d | 1ccc 418b | cac1 e910 | 4133 ca41 | ffc8 4423 
  0x00000224ed843bdc: c142 8b5c | 8310 85db | 0f84 8400 | 0000 458b | 44dc 0c44 | 3bc1 0f85 | 2912 0000 | 418b 7cdc 
  0x00000224ed843bfc: 104d 8d04 

  0x00000224ed843c00: ;   {oop(a 'java/util/jar/Attributes$Name'{0x0000000701102678})}
  0x00000224ed843c00: dc81 ffcf | 0422 e00f | 8569 1c00 | 0041 0fb6 | 6930 85ed | 0f85 2660 | 0000 418b | 6814 6690 
  0x00000224ed843c20: 85ed 0f84 | 4600 0000 | 458b 44ec 

  0x00000224ed843c2c: ;   {metadata('java/lang/String')}
  0x00000224ed843c2c: 0841 81f8 | 58e5 0000 | 0f85 c26a | 0000 498d 

  0x00000224ed843c3c: ;   {oop("true"{0x00000007010a4108})}
  0x00000224ed843c3c: 3cec 48ba | 0841 0a01 | 0700 0000 | 483b fa0f | 8402 5e00 | 0044 8b47 | 1447 8b54 | c40c 440f 
  0x00000224ed843c5c: be4f 10c4 | 4232 f7d2 | 4183 fa04 | 0f84 f717 | 0000 4c8b | 4c24 28eb | 6948 be00 | 906a f124 
  0x00000224ed843c7c: ;   {metadata('java/lang/IllegalArgumentException')}
  0x00000224ed843c7c: 0200 0048 | bdd8 bf06 | 8024 0200 | 004c 8b94 | 2488 0000 | 004d 85d2 | 0f84 2f15 | 0000 4c89 
  0x00000224ed843c9c: 4c24 2848 | 8974 2420 | 488b 9424 | 9000 0000 | 4c8b 8424 | 8000 0000 | 4c8b 8c24 | 8800 0000 
  0x00000224ed843cbc: 488b 7c24 | 2866 6690 

  0x00000224ed843cc4: ;   {optimized virtual_call}
  0x00000224ed843cc4: c5f8 77e8 

  0x00000224ed843cc8: ; ImmutableOopMap {[40]=Oop [72]=Oop [112]=Oop [120]=NarrowOop [128]=Oop [136]=Oop [144]=Oop }
                      ;*invokevirtual definePackage {reexecute=0 rethrow=0 return_oop=1}
                      ; - jdk.internal.loader.BuiltinClassLoader::defineOrCheckPackage@22 (line 881)
                      ; - jdk.internal.loader.ClassLoaders$AppClassLoader::defineOrCheckPackage@4 (line 211)
                      ; - jdk.internal.loader.BuiltinClassLoader::defineClass@40 (line 849)
                      ; - jdk.internal.loader.BuiltinClassLoader::findClassOnClassPathOrNull@37 (line 760)
  0x00000224ed843cc8: 14d5 14f8 

  0x00000224ed843ccc: ;   {other}
  0x00000224ed843ccc: 0f1f 8400 | 3c26 0011 | 488b 7424 | 204c 8b4c | 2428 488d | 9c24 f000 | 0000 4c8b | 5c24 7049 
  0x00000224ed843cec: 8b03 a802 | 0f85 2300 | 0000 4883 | c801 4889 | 03f0 490f | b11b 0f84 | 3700 0000 | 482b c448 
  0x00000224ed843d0c: 2507 f0ff | ff48 8903 | e924 0000 | 004c 8bd0 | 4833 c0f0 | 4d0f b17a | 3e48 c703 | 0300 0000 
  0x00000224ed843d2c: 7411 4c3b | f875 1549 | ff82 8600 | 0000 4833 | c075 0949 | ff87 5005 | 0000 33c0 | 0f85 0a47 
  0x00000224ed843d4c: 0000 4c8b | 5424 7045 | 8b6a 0845 | 3b62 0c0f | 1f44 0000 | 0f85 9f0e 

  0x00000224ed843d64: ;   {metadata('jdk/internal/loader/URLClassPath$JarLoader$2')}
  0x00000224ed843d64: 0000 4181 | fd58 4521 | 000f 8572 | 1700 004c | 8b5c 2470 | 458b 5320 | 0f1f 4000 

  0x00000224ed843d80: ; implicit exception: dispatches to 0x00000224ed84aa50
  0x00000224ed843d80: 478b 54d4 | 1845 8b43 | 1c45 85d2 | 0f84 ae4b | 0000 4c89 | 4c24 304b | 8d0c d448 | 8d9c 24f8 
  0x00000224ed843da0: 0000 0048 | 8b01 a802 | 0f85 2300 | 0000 4883 | c801 4889 | 03f0 480f | b119 0f84 | 3700 0000 
  0x00000224ed843dc0: 482b c448 | 2507 f0ff | ff48 8903 | e924 0000 | 004c 8bc8 | 4833 c0f0 | 4d0f b179 | 3e48 c703 
  0x00000224ed843de0: 0300 0000 | 7411 4c3b | f875 1549 | ff81 8600 | 0000 4833 | c075 0949 | ff87 5005 | 0000 33c0 
  0x00000224ed843e00: 0f85 7f4d | 0000 4585 | c00f 84fe | 5600 0043 | 8b6c d430 | 85ed 0f85 | 2c57 0000 | 470f b64c 
  0x00000224ed843e20: d412 4b8d | 14c4 4585 | c90f 8537 | 2500 0047 | 8b4c d418 

  0x00000224ed843e34: ; implicit exception: dispatches to 0x00000224ed84aa68
  0x00000224ed843e34: 438b 5ccc | 1843 8b44 | cc0c 430f | b66c d410 | 85ed 0f85 | 3057 0000 | 438b 7cd4 | 1841 8b6c 
  0x00000224ed843e54: fc18 85ed | 0f84 5e57 | 0000 438b | 6cc4 3c47 

  0x00000224ed843e64: ;   {no_reloc}
  0x00000224ed843e64: 8b4c d41c | 443b cd0f | 847a 0000 | 0045 85c9 | 0f84 5821 | 0000 8944 | 2458 895c | 2444 4889 
  0x00000224ed843e84: 5424 5048 | 894c 2460 | 4489 4424 | 4044 8954 | 242c 4c89 | 5c24 3844 | 896c 2428 | 4889 7424 
  0x00000224ed843ea4: 204c 8bc5 | 49c1 e003 | 4b8d 14cc | 488b e990 

  0x00000224ed843eb4: ;   {optimized virtual_call}
  0x00000224ed843eb4: c5f8 77e8 

  0x00000224ed843eb8: ; ImmutableOopMap {rbp=Oop [44]=NarrowOop [48]=Oop [56]=Oop [64]=NarrowOop [68]=NarrowOop [72]=Oop [80]=Oop [88]=NarrowOop [96]=Oop [112]=Oop [120]=NarrowOop [144]=Oop }
                      ;*invokevirtual equals {reexecute=0 rethrow=0 return_oop=0}
                      ; - java.util.Objects::equals@11 (line 64)
                      ; - java.util.zip.ZipFile::getInputStream@42 (line 376)
                      ; - java.util.jar.JarFile::getInputStream@21 (line 856)
                      ; - jdk.internal.loader.URLClassPath$JarLoader$2::getInputStream@11 (line 848)
                      ; - jdk.internal.loader.Resource::cachedInputStream@9 (line 77)
                      ; - jdk.internal.loader.Resource::getByteBuffer@1 (line 163)
                      ; - jdk.internal.loader.BuiltinClassLoader::defineClass@45 (line 853)
                      ; - jdk.internal.loader.BuiltinClassLoader::findClassOnClassPathOrNull@37 (line 760)
  0x00000224ed843eb8: c4ab 2dff 

  0x00000224ed843ebc: ;   {other}
  0x00000224ed843ebc: 0f1f 8400 | 2c28 0012 | 85c0 0f84 | db20 0000 | 488b 7424 | 2044 8b6c | 2428 4c8b | 5c24 3844 
  0x00000224ed843edc: 8b54 242c | 488b cd8b | 5c24 448b | 4424 5847 | 8b44 d40c | 4183 f8ff | 0f84 0257 | 0000 4d8b 
  0x00000224ed843efc: 8fb8 0100 | 0049 8bf9 | 4883 c738 | 493b bfc8 | 0100 000f | 8329 3500 | 0049 89bf | b801 0000 
  0x00000224ed843f1c: 0f0d 8f00 | 0100 0049 | c701 0100 

  0x00000224ed843f28: ;   {metadata('java/util/zip/ZipFile$ZipFileInputStream')}
  0x00000224ed843f28: 0000 41c7 | 4108 78d2 | 3100 4589 | 610c 4d89 | 6110 4d89 | 6118 4d89 | 6120 4d89 | 6128 4d89 
  0x00000224ed843f48: 6130 418b | 7cdc 3889 | 4424 5089 | 5c24 3c4c | 895c 2440 | 4489 6c24 | 2848 8974 | 2420 4589 
  0x00000224ed843f68: 5130 4c89 | 4c24 5845 | 8bf2 458b | d044 8944 | 2454 4183 | c214 418b | f24c 8bd9 | 4889 4c24 
  0x00000224ed843f88: 604d 8bd1 | 4d33 da49 | c1eb 154d | 85db 741a | 49c1 ea09 | 48b9 0090 | 6af1 2402 | 0000 4903 
  0x00000224ed843fa8: ca80 3902 | 0f85 1328 | 0000 458b | 5cfc 0c8b | de41 3bdb | 0f1f 4000 | 0f83 9a49 | 0000 c5f9 
  0x00000224ed843fc8: 6ecf 498d | 2cfc 448b | 4424 5441 | 83c0 2d4c | 636c 2454 | 460f b654 | 2d24 4489 | 5424 6845 
  0x00000224ed843fe8: 3bc3 0f83 | d449 0000 | 460f b654 | 2d25 460f | b65c 2d3d | 460f b64c | 2d3c 460f | b644 2d3b 
  0x00000224ed844008: 420f b65c | 2d26 420f | b64c 2d3a | 420f b654 | 2d27 420f | b67c 2d28 | 420f b644 | 2d2b 420f 
  0x00000224ed844028: ;   {no_reloc}
  0x00000224ed844028: b674 2d29 | 420f b66c | 2d2a 41c1 | e208 440b | 5424 68c1 | e608 0bfe | c1e0 080b | e8c1 e208 
  0x00000224ed844048: 0bda c1e5 | 100b fdc1 | e310 440b | d38b df48 | 8b7c 2458 | 4889 5f28 | 4c89 5720 | 41c1 e008 
  0x00000224ed844068: 410b c841 | c1e3 0845 | 0bcb 41c1 | e110 410b | c944 8bd9 | 4c89 5f10 | 41b8 ffff | ffff 4d3b 
  0x00000224ed844088: d00f 84a5 | 5500 0049 | 3bd8 0f84 | f855 0000 | 4d3b d80f | 1f44 0000 | 0f84 4656 | 0000 418b 
  0x00000224ed8440a8: de45 8b54 | dc18 478b | 44d4 184f | 8b44 c410 | 895c 2468 | 4d03 c344 | 8b54 2454 | 4183 c20a 
  0x00000224ed8440c8: 49f7 d84c | 8947 1044 | 8b5c 243c | 478b 4cdc | 380f 1f80 | 0000 0000 

  0x00000224ed8440e0: ; implicit exception: dispatches to 0x00000224ed84abb4
  0x00000224ed8440e0: 478b 44cc | 0c45 3bd0 | 0f83 4249 | 0000 4f8d | 14cc 470f | b65c 2a1a | 8b4c 2454 | 83c1 1b90 
  0x00000224ed844100: 413b c80f | 836b 4900 | 0043 0fb6 | 6c2a 1bc1 | e508 410b | eb83 fd08 | 0f85 0c4b | 0000 470f 
  0x00000224ed844120: b65c 2a2b | 470f b64c 

  0x00000224ed844128: ;   {no_reloc}
  0x00000224ed844128: 2a2a 470f | b644 2a29 | 430f b64c | 2a28 41c1 | e308 450b | cb41 c1e0 | 0841 0bc8 | 41c1 e110 
  0x00000224ed844148: 410b c944 | 8bc9 4983 | c102 6666 | 0f1f 8400 | 0000 0000 | 6666 6690 | 4981 f900 | 0001 000f 
  0x00000224ed844168: 8fe9 2200 | 0049 8b87 | b801 0000 | 4c8b d049 | 83c2 300f | 1f44 0000 | 4d3b 97c8 | 0100 000f 
  0x00000224ed844188: 836b 3300 | 004d 8997 | b801 0000 | 410f 0d8a | 0001 0000 | 48c7 0001 

  0x00000224ed8441a0: ;   {metadata('java/util/zip/ZipFile$ZipFileInflaterInputStream')}
  0x00000224ed8441a0: 0000 00c7 | 4008 88dd | 3100 4489 | 600c 4c89 | 6010 4c89 | 6018 4c89 | 6020 4c89 | 6028 448b 
  0x00000224ed8441c0: 4424 6843 | 8b4c c418 

  0x00000224ed8441c8: ; implicit exception: dispatches to 0x00000224ed84abe8
  0x00000224ed8441c8: 458b 5ccc | 1045 8bc9 | 4585 db0f | 84df 4800 | 0044 898c | 2480 0000 | 0048 8944 | 2468 4489 
  0x00000224ed8441e8: 4424 3c4f | 8d14 dc4c | 8994 2488 | 0000 0044 | 895c 247c | 4d8d 14cc | 4c89 9424 | 9800 0000 
  0x00000224ed844208: 894c 2454 | 4c8b 9c24 | 8800 0000 | 488d 9c24 | 0801 0000 | 498b 03a8 | 020f 8523 | 0000 0048 
  0x00000224ed844228: 83c8 0148 | 8903 f049 | 0fb1 1b0f | 8437 0000 | 0048 2bc4 | 4825 07f0 | ffff 4889 | 03e9 2400 
  0x00000224ed844248: 0000 4c8b | d048 33c0 | f04d 0fb1 | 7a3e 48c7 | 0303 0000 | 0074 114c | 3bf8 7515 | 49ff 8286 
  0x00000224ed844268: 0000 0048 | 33c0 7509 | 49ff 8750 | 0500 0033 | c00f 85d5 | 4900 0044 | 8b54 2454 | 438b 6cd4 
  0x00000224ed844288: 1045 8b54 

  0x00000224ed84428c: ;   {metadata('java/util/ArrayDeque')}
  0x00000224ed84428c: ec08 4181 | fa00 f020 | 000f 85da | 4900 0049 | 8d1c ec44 | 8b53 148b | 7b0c 478b | 6cd4 0c41 
  0x00000224ed8442ac: 3bfd 0f83 | 5048 0000 | 4b8d 34d4 | 8b6c be10 | 0f1f 4000 | 85ed 0f84 | 851a 0000 | 4180 7f40 
  0x00000224ed8442cc: 000f 85f2 | 2700 0044 | 8bdf 41ff | c345 3bdd | 0f1f 4000 | 0f8d 5f1a | 0000 4489 | 5b0c 4489 
  0x00000224ed8442ec: 64be 1045 | 8b54 ec08 | 0f1f 8400 | 0000 0000 | 6666 6690 

  0x00000224ed844300: ;   {metadata('java/util/zip/Inflater')}
  0x00000224ed844300: 4181 fa18 | 1d36 000f | 8553 6400 | 004c 8b9c | 2488 0000 | 0048 8d84 | 2408 0100 | 0048 8338 
  0x00000224ed844320: 000f 8479 | 0000 004d | 8b13 41f6 | c202 0f84 | 6200 0000 | 4983 ba86 | 0000 0000 | 7409 49ff 
  0x00000224ed844340: 8a86 0000 | 00eb 4b49 | 8b82 9600 | 0000 490b | 828e 0000 | 0075 0a49 | c742 3e00 | 0000 00eb 
  0x00000224ed844360: 3d49 83ba | 9e00 0000 | 0074 2248 | 33c0 49c7 | 423e 0000 | 0000 f083 | 0424 0049 | 83ba 9e00 
  0x00000224ed844380: 0000 0075 | 0df0 4d0f | b17a 3e75 | 0583 c801 | eb0c a800 | eb08 4c8b | 10f0 4d0f | b113 750a 
  0x00000224ed8443a0: 49ff 8f50 | 0500 0045 | 33d2 0f85 | bc4a 0000 | 4d8d 1cec | 4180 7f40 | 000f 8586 | 2200 0048 
  0x00000224ed8443c0: 8b6c 2468 | 4c89 9c24 | e000 0000 | 448b 5424 | 3c44 8955 | 2c4c 8b54 | 2458 498b | da48 c1eb 
  0x00000224ed8443e0: 034c 8b54 | 2460 4c8b | dd4d 33d3 | 49c1 ea15 | 4d85 d274 | 1a49 c1eb | 0948 b900 

  0x00000224ed8443fc: ;   {no_reloc}
  0x00000224ed8443fc: 906a f124 | 0200 0049 | 03cb 8039 | 020f 8508 | 2400 0041 | 807f 4000 | 0f85 f021 | 0000 895d 
  0x00000224ed84441c: 0c4c 8b54 | 2458 4c8b | dd4d 33d3 | 49c1 ea15 | 4d85 d274 | 1a49 c1eb | 0948 b900 | 906a f124 
  0x00000224ed84443c: 0200 0049 | 03cb 8039 | 020f 856d | 2400 00f0 | 8344 24c0 | 004d 8b8f | b801 0000 | 4488 6516 
  0x00000224ed84445c: 4d8b d149 | 83c2 1844 | 8865 1544 | 8865 144d | 3b97 c801 | 0000 0f83 | ad30 0000 | 4d89 97b8 
  0x00000224ed84447c: 0100 0041 | 0f0d 8a00 | 0100 0049 | c701 0100 | 0000 410f | 0d8a 4001 

  0x00000224ed844494: ;   {metadata({type array byte})}
  0x00000224ed844494: 0000 41c7 | 4108 6822 | 0000 410f | 0d8a 8001 | 0000 41c7 | 410c 0100 | 0000 4d89 | 6110 4180 
  0x00000224ed8444b4: 7f40 000f | 850a 2100 | 004c 8bc5 | 4d8b d949 | c1eb 0345 | 8958 204d | 8bd0 4d8b | d94d 33da 
  0x00000224ed8444d4: 49c1 eb15 | 4d85 db74 | 1a49 c1ea | 0948 b900 | 906a f124 | 0200 0049 | 03ca 8039 | 020f 8571 
  0x00000224ed8444f4: 2300 008b | 9c24 8000 | 0000 6690 | 85db 0f8e | 4052 0000 | 4180 7f40 | 000f 8578 | 2100 004d 
  0x00000224ed844514: 8bd0 4c8b | 9c24 e000 | 0000 49c1 | eb03 4589 | 5818 4489 | 5c24 2c4c | 8944 2458 | 4c8b 9c24 
  0x00000224ed844534: e000 0000 | 4d33 da49 | c1eb 1590 | 4d85 db74 | 1a49 c1ea | 0948 b900 | 906a f124 | 0200 0049 
  0x00000224ed844554: 03ca 8039 | 020f 8506 | 2400 0090 | 81fb 0000 | 1000 0f87 | 0c46 0000 | 4863 cb81 | fb00 0010 
  0x00000224ed844574: 000f 871a | 3000 004d | 8b87 b801 | 0000 4883 | c117 4c8b | d149 83e2 | f84d 8bd8 | 4d03 da66 
  0x00000224ed844594: ;   {no_reloc}
  0x00000224ed844594: 0f1f 8400 | 0000 0000 | 6666 6690 | 4d3b 9fc8 | 0100 000f | 83e8 2f00 | 004d 899f | b801 0000 
  0x00000224ed8445b4: 410f 0d8b | 0001 0000 | 49c7 0001 | 0000 0041 | 0f0d 8b40 

  0x00000224ed8445c8: ;   {metadata({type array byte})}
  0x00000224ed8445c8: 0100 0041 | c740 0868 | 2200 0041 | 8958 0c41 | 0f0d 8b80 | 0100 0049 | 8bf8 4883 | c710 48c1 
  0x00000224ed8445e8: e903 4883 | c1fe 4833 | c048 83f9 | 087f 1048 | ffc9 784f | 4889 04cf | 48ff c97d | f7eb 44c5 
  0x00000224ed844608: fdef c0e9 | 0d00 0000 | c5fe 7f07 | c5fe 7f47 | 2048 83c7 | 4048 83e9 | 087d ed48 | 83c1 047c 
  0x00000224ed844628: 0cc5 fe7f | 0748 83c7 | 2048 83e9 | 0448 83c1 | 047e 1048 | ffc9 c5f9 | d607 4883 | c708 48ff 
  0x00000224ed844648: c97d f341 | 807f 4000 | 0f85 7620 | 0000 4d8b | d049 c1ea | 034c 8b5c | 2458 4589 | 531c 4d8b 
  0x00000224ed844668: d34d 8bd8 | 4d33 da49 | c1eb 154d | 85db 741a | 49c1 ea09 | 48b9 0090 | 6af1 2402 | 0000 4903 
  0x00000224ed844688: ca80 3902 | 0f85 7722 | 0000 4c8b | 5424 5845 | 8862 2449 | 8baf b801 | 0000 4c8b | d549 83c2 
  0x00000224ed8446a8: 184d 3b97 | c801 0000 | 0f83 9a2e | 0000 4d89 | 97b8 0100 | 0041 0f0d | 8a00 0100 | 0048 c745 
  0x00000224ed8446c8: ;   {no_reloc}
  0x00000224ed8446c8: 0001 0000 

  0x00000224ed8446cc: ;   {metadata('java/util/zip/ZipFile$InflaterCleanupAction')}
  0x00000224ed8446cc: 00c7 4508 | f008 3200 | 4489 650c | 4c89 6510 | 448b 5c24 | 2c44 895d | 0c44 8b54 | 2454 4489 
  0x00000224ed8446ec: 5510 498b | 87b8 0100 | 004c 8bd0 | 4983 c230 | 0f1f 4000 | 4d3b 97c8 | 0100 000f | 8367 2e00 
  0x00000224ed84470c: 004d 8997 | b801 0000 | 410f 0d8a | 0001 0000 | 48c7 0001 

  0x00000224ed844720: ;   {metadata('jdk/internal/ref/CleanerImpl$PhantomCleanableRef')}
  0x00000224ed844720: 0000 00c7 | 4008 187f | 2500 4489 | 600c 4c89 | 6010 4c89 | 6018 4c89 | 6020 4c89 | 6028 4889 
  0x00000224ed844740: 4424 6848 | 8bd0 4c8b 

  0x00000224ed844748: ;   {oop(a 'java/lang/ref/Cleaner'{0x00000007013f3670})}
  0x00000224ed844748: 4424 5849 | b970 363f | 0107 0000 | 0066 6690 

  0x00000224ed844758: ;   {optimized virtual_call}
  0x00000224ed844758: c5f8 77e8 

  0x00000224ed84475c: ; ImmutableOopMap {rbp=Oop [48]=Oop [60]=NarrowOop [64]=Oop [72]=Oop [80]=NarrowOop [88]=Oop [96]=Oop [104]=Oop [112]=Oop [120]=NarrowOop [144]=Oop }
                      ;*invokespecial <init> {reexecute=0 rethrow=0 return_oop=0}
                      ; - jdk.internal.ref.CleanerImpl$PhantomCleanableRef::<init>@3 (line 164)
                      ; - java.lang.ref.Cleaner::register@21 (line 224)
                      ; - java.util.zip.ZipFile$ZipFileInflaterInputStream::<init>@34 (line 441)
                      ; - java.util.zip.ZipFile$ZipFileInflaterInputStream::<init>@10 (line 434)
                      ; - java.util.zip.ZipFile::getInputStream@216 (line 401)
                      ; - java.util.jar.JarFile::getInputStream@21 (line 856)
                      ; - jdk.internal.loader.URLClassPath$JarLoader$2::getInputStream@11 (line 848)
                      ; - jdk.internal.loader.Resource::cachedInputStream@9 (line 77)
                      ; - jdk.internal.loader.Resource::getByteBuffer@1 (line 163)
                      ; - jdk.internal.loader.BuiltinClassLoader::defineClass@45 (line 853)
                      ; - jdk.internal.loader.BuiltinClassLoader::findClassOnClassPathOrNull@37 (line 760)
  0x00000224ed84475c: 40eb 8fff 

  0x00000224ed844760: ;   {other}
  0x00000224ed844760: 0f1f 8400 | d030 0013 | 4180 7f40 | 000f 85d3 | 1f00 004c | 8b4c 2468 | 4d8b d14c | 8bdd 49c1 
  0x00000224ed844780: eb03 4589 | 5928 498b | f948 c1ef | 034c 8bdd | 4d33 da49 | c1eb 154d | 85db 741a | 49c1 ea09 
  0x00000224ed8447a0: 48b9 0090 | 6af1 2402 | 0000 4903 | ca80 3902 | 0f85 5822 | 0000 6666 | 0f1f 8400 | 0000 0000 
  0x00000224ed8447c0: 4180 7f40 | 000f 853f | 1f00 004c | 8b44 2458 | 4189 7828 | 4d8b d14d | 8bd8 4d33 | d349 c1ea 
  0x00000224ed8447e0: 154d 85d2 | 7420 49c1 | eb09 48b9 | 0090 6af1 | 2402 0000 | 4903 cb80 | 3902 660f | 1f44 0000 
  0x00000224ed844800: 0f85 b121 | 0000 8b4c | 2450 418b | 6ccc 084d | 8d0c cc48 | 8d9c 2408 | 0100 0049 | 8b01 a802 
  0x00000224ed844820: 0f85 2300 | 0000 4883 | c801 4889 | 03f0 490f | b119 0f84 | 3700 0000 | 482b c448 | 2507 f0ff 
  0x00000224ed844840: ff48 8903 | e924 0000 | 004c 8bd0 | 4833 c0f0 | 4d0f b17a | 3e48 c703 | 0300 0000 

  0x00000224ed84485c: ;   {no_reloc}
  0x00000224ed84485c: 7411 4c3b | f875 1549 | ff82 8600 | 0000 4833 | c075 0949 | ff87 5005 | 0000 33c0 | 0f85 7e44 
  0x00000224ed84487c: 0000 6690 

  0x00000224ed844880: ;   {metadata('java/util/Collections$SetFromMap')}
  0x00000224ed844880: 81fd b84b | 1d00 0f85 | 2c44 0000 | 418b 690c 

  0x00000224ed844890: ; implicit exception: dispatches to 0x00000224ed84ace8
  0x00000224ed844890: 458b 54ec | 084d 8d1c | ec0f 1f80 | 0000 0000 

  0x00000224ed8448a0: ;   {metadata('java/util/WeakHashMap')}
  0x00000224ed8448a0: 4181 fa68 | 2810 000f | 8591 2400 | 004c 894c | 2458 4c89 | 4424 504c | 895c 2468 | 498b d049 
  0x00000224ed8448c0: 8be9 6690 

  0x00000224ed8448c4: ;   {static_call}
  0x00000224ed8448c4: c5f8 77e8 

  0x00000224ed8448c8: ; ImmutableOopMap {rbp=Oop [48]=Oop [60]=NarrowOop [64]=Oop [72]=Oop [80]=Oop [88]=Oop [96]=Oop [104]=Oop [112]=Oop [120]=NarrowOop [144]=Oop }
                      ;*invokestatic maskNull {reexecute=0 rethrow=0 return_oop=1}
                      ; - java.util.WeakHashMap::put@1 (line 460)
                      ; - java.util.Collections$SetFromMap::add@8 (line 5929)
                      ; - java.util.zip.ZipFile::getInputStream@231 (line 403)
                      ; - java.util.jar.JarFile::getInputStream@21 (line 856)
                      ; - jdk.internal.loader.URLClassPath$JarLoader$2::getInputStream@11 (line 848)
                      ; - jdk.internal.loader.Resource::cachedInputStream@9 (line 77)
                      ; - jdk.internal.loader.Resource::getByteBuffer@1 (line 163)
                      ; - jdk.internal.loader.BuiltinClassLoader::defineClass@45 (line 853)
                      ; - jdk.internal.loader.BuiltinClassLoader::findClassOnClassPathOrNull@37 (line 760)
  0x00000224ed8448c8: 5431 9eff 

  0x00000224ed8448cc: ;   {other}
  0x00000224ed8448cc: 0f1f 8400 | 3c32 0014 | 4889 8424 | 8000 0000 | 488b 5424 | 684c 8bc0 

  0x00000224ed8448e4: ;   {optimized virtual_call}
  0x00000224ed8448e4: c5f8 77e8 

  0x00000224ed8448e8: ; ImmutableOopMap {rbp=Oop [48]=Oop [60]=NarrowOop [64]=Oop [72]=Oop [80]=Oop [88]=Oop [96]=Oop [104]=Oop [112]=Oop [120]=NarrowOop [128]=Oop [144]=Oop }
                      ;*invokevirtual hash {reexecute=0 rethrow=0 return_oop=0}
                      ; - java.util.WeakHashMap::put@7 (line 461)
                      ; - java.util.Collections$SetFromMap::add@8 (line 5929)
                      ; - java.util.zip.ZipFile::getInputStream@231 (line 403)
                      ; - java.util.jar.JarFile::getInputStream@21 (line 856)
                      ; - jdk.internal.loader.URLClassPath$JarLoader$2::getInputStream@11 (line 848)
                      ; - jdk.internal.loader.Resource::cachedInputStream@9 (line 77)
                      ; - jdk.internal.loader.Resource::getByteBuffer@1 (line 163)
                      ; - jdk.internal.loader.BuiltinClassLoader::defineClass@45 (line 853)
                      ; - jdk.internal.loader.BuiltinClassLoader::findClassOnClassPathOrNull@37 (line 760)
  0x00000224ed8448e8: 540b 8fff 

  0x00000224ed8448ec: ;   {other}
  0x00000224ed8448ec: 0f1f 8400 | 5c32 0015 | 8944 2438 | 488b 5424 | 6866 6690 

  0x00000224ed844900: ;   {optimized virtual_call}
  0x00000224ed844900: c5f8 77e8 

  0x00000224ed844904: ; ImmutableOopMap {rbp=Oop [48]=Oop [60]=NarrowOop [64]=Oop [72]=Oop [80]=Oop [88]=Oop [96]=Oop [104]=Oop [112]=Oop [120]=NarrowOop [128]=Oop [144]=Oop }
                      ;*invokevirtual getTable {reexecute=0 rethrow=0 return_oop=1}
                      ; - java.util.WeakHashMap::put@13 (line 462)
                      ; - java.util.Collections$SetFromMap::add@8 (line 5929)
                      ; - java.util.zip.ZipFile::getInputStream@231 (line 403)
                      ; - java.util.jar.JarFile::getInputStream@21 (line 856)
                      ; - jdk.internal.loader.URLClassPath$JarLoader$2::getInputStream@11 (line 848)
                      ; - jdk.internal.loader.Resource::cachedInputStream@9 (line 77)
                      ; - jdk.internal.loader.Resource::getByteBuffer@1 (line 163)
                      ; - jdk.internal.loader.BuiltinClassLoader::defineClass@45 (line 853)
                      ; - jdk.internal.loader.BuiltinClassLoader::findClassOnClassPathOrNull@37 (line 760)
  0x00000224ed844904: 7870 87ff 

  0x00000224ed844908: ;   {other}
  0x00000224ed844908: 0f1f 8400 | 7832 0016 | 4c8b c844 | 8b40 0c45 | 8bd0 41ff | ca44 2354 | 2438 4585 | c00f 8668 
  0x00000224ed844928: 4400 004a | 8d5c 9010 | 8b2b 85ed | 0f85 c521 | 0000 448b | 4424 3848 | 8b4c 2468 | ff41 2049 
  0x00000224ed844948: 8b87 b801 | 0000 4c8b | d849 83c3 | 2866 6666 | 0f1f 8400 | 0000 0000 | 4d3b 9fc8 | 0100 000f 
  0x00000224ed844968: 834f 2c00 | 004d 899f | b801 0000 | 410f 0d8b | 0001 0000 | 48c7 0001 

  0x00000224ed844980: ;   {metadata('java/util/WeakHashMap$Entry')}
  0x00000224ed844980: 0000 00c7 | 4008 e0dd | 2000 4489 | 600c 4c89 | 6010 4c89 | 6018 4c89 | 6020 4489 | 4424 2c4c 
  0x00000224ed8449a0: 898c 2488 | 0000 0044 | 8954 2438 | 4889 9c24 | 9800 0000 | 4889 8424 | a000 0000 | 4c8b 5424 
  0x00000224ed8449c0: 6845 8b5a | 2848 8bcd | 48c1 e103 | 498b fb48 | c1e7 0348 | 8bd0 4c8b | 8424 8000 

  0x00000224ed8449dc: ;   {oop(a 'java/lang/Boolean'{0x0000000702cd44c8} = true)}
  0x00000224ed8449dc: 0000 49b9 | c844 cd02 | 0700 0000 | 8b74 242c 

  0x00000224ed8449ec: ;   {optimized virtual_call}
  0x00000224ed8449ec: c5f8 77e8 

  0x00000224ed8449f0: ; ImmutableOopMap {[48]=Oop [60]=NarrowOop [64]=Oop [72]=Oop [80]=Oop [88]=Oop [96]=Oop [104]=Oop [112]=Oop [120]=NarrowOop [136]=Oop [152]=Derived_oop_[136] [144]=Oop [160]=Oop }
                      ;*invokespecial <init> {reexecute=0 rethrow=0 return_oop=0}
                      ; - java.util.WeakHashMap::put@127 (line 476)
                      ; - java.util.Collections$SetFromMap::add@8 (line 5929)
                      ; - java.util.zip.ZipFile::getInputStream@231 (line 403)
                      ; - java.util.jar.JarFile::getInputStream@21 (line 856)
                      ; - jdk.internal.loader.URLClassPath$JarLoader$2::getInputStream@11 (line 848)
                      ; - jdk.internal.loader.Resource::cachedInputStream@9 (line 77)
                      ; - jdk.internal.loader.Resource::getByteBuffer@1 (line 163)
                      ; - jdk.internal.loader.BuiltinClassLoader::defineClass@45 (line 853)
                      ; - jdk.internal.loader.BuiltinClassLoader::findClassOnClassPathOrNull@37 (line 760)
  0x00000224ed8449f0: cc3d 0100 

  0x00000224ed8449f4: ;   {other}
  0x00000224ed8449f4: 0f1f 8400 | 6433 0017 | 0f1f 4000 | 4180 7f40 | 000f 857a | 1d00 004c | 8b84 2498 | 0000 004d 
  0x00000224ed844a14: 8bd0 4c8b | 8c24 a000 | 0000 4d8b | d949 c1eb | 0345 8918 | 4d8b d94d | 33da 49c1 | eb15 4d85 
  0x00000224ed844a34: db74 1a49 | c1ea 0948 | b900 906a | f124 0200 | 0049 03ca | 8039 020f | 8518 2000 | 0048 8b4c 
  0x00000224ed844a54: 2468 448b | 5914 448b | 4118 41ff | c344 8959 | 1445 3bd8 | 0f8f 1e4d | 0000 4c8b | 5c24 5848 
  0x00000224ed844a74: 8d84 2408 | 0100 0048 | 8338 000f | 8479 0000 | 004d 8b13 | 41f6 c202 | 0f84 6200 | 0000 4983 
  0x00000224ed844a94: ba86 0000 | 0000 7409 | 49ff 8a86 | 0000 00eb | 4b49 8b82 | 9600 0000 | 490b 828e | 0000 0075 
  0x00000224ed844ab4: 0a49 c742 | 3e00 0000 | 00eb 3d49 | 83ba 9e00 | 0000 0074 | 2248 33c0 | 49c7 423e | 0000 0000 
  0x00000224ed844ad4: f083 0424 | 0049 83ba | 9e00 0000 | 0075 0df0 | 4d0f b17a | 3e75 0583 | c801 eb0c 

  0x00000224ed844af0: ;   {no_reloc}
  0x00000224ed844af0: a800 eb08 | 4c8b 10f0 | 4d0f b113 | 750a 49ff | 8f50 0500 | 0045 33d2 | 0f85 5842 | 0000 4c8b 
  0x00000224ed844b10: 5c24 6048 | 8d84 24f8 | 0000 0048 | 8338 000f | 8479 0000 | 004d 8b13 | 41f6 c202 | 0f84 6200 
  0x00000224ed844b30: 0000 4983 | ba86 0000 | 0000 7409 | 49ff 8a86 | 0000 00eb | 4b49 8b82 | 9600 0000 | 490b 828e 
  0x00000224ed844b50: 0000 0075 | 0a49 c742 | 3e00 0000 | 00eb 3d49 | 83ba 9e00 | 0000 0074 | 2248 33c0 | 49c7 423e 
  0x00000224ed844b70: 0000 0000 | f083 0424 | 0049 83ba | 9e00 0000 | 0075 0df0 | 4d0f b17a | 3e75 0583 | c801 eb0c 
  0x00000224ed844b90: a800 eb08 | 4c8b 10f0 | 4d0f b113 | 750a 49ff | 8f50 0500 | 0045 33d2 | 0f85 8d41 | 0000 488b 
  0x00000224ed844bb0: 5c24 5041 | 807f 4000 | 0f85 7219 | 0000 4c8b | 5424 704c | 8bdb 49c1 | eb03 4c8b | 4424 7045 
  0x00000224ed844bd0: 8958 0c4c | 8bdb 4d33 | da49 c1eb | 1566 6690 | 4d85 db74 | 1649 c1ea | 094c 8b44 | 2420 4d03 
  0x00000224ed844bf0: ;   {no_reloc}
  0x00000224ed844bf0: c241 8038 | 020f 8575 | 1900 0044 | 8b6c 2428 | 4c8b 4c24 | 304c 8b54 | 2470 418b | 6a0c 488d 
  0x00000224ed844c10: 8424 f000 | 0000 4c8b | 5c24 7048 | 8338 000f | 8479 0000 | 004d 8b13 | 41f6 c202 | 0f84 6200 
  0x00000224ed844c30: 0000 4983 | ba86 0000 | 0000 7409 | 49ff 8a86 | 0000 00eb | 4b49 8b82 | 9600 0000 | 490b 828e 
  0x00000224ed844c50: 0000 0075 | 0a49 c742 | 3e00 0000 | 00eb 3d49 | 83ba 9e00 | 0000 0074 | 2248 33c0 | 49c7 423e 
  0x00000224ed844c70: 0000 0000 | f083 0424 | 0049 83ba | 9e00 0000 | 0075 0df0 | 4d0f b17a | 3e75 0583 | c801 eb0c 
  0x00000224ed844c90: a800 eb08 | 4c8b 10f0 | 4d0f b113 | 750a 49ff | 8f50 0500 | 0045 33d2 | 0f85 ea37 | 0000 458b 
  0x00000224ed844cb0: ;   {metadata('sun/nio/ByteBuffered')}
  0x00000224ed844cb0: 5cec 0848 | b888 cd36 | 8024 0200 | 0048 be00 | 0000 8024 | 0200 0049 | 03f3 4c8b | 5620 4c3b 
  0x00000224ed844cd0: d00f 84f5 | 3600 0048 | 8b7e 288b | 0f48 83c7 | 0848 85c0 | f248 af0f | 8504 0000 | 0048 8946 
  0x00000224ed844cf0: 200f 84d5 | 3600 0066 | 0f1f 8400 | 0000 0000 

  0x00000224ed844d00: ;   {metadata('jdk/internal/loader/URLClassPath$JarLoader$2')}
  0x00000224ed844d00: 4181 fd58 | 4521 000f | 85ff 0600 | 004c 894c | 2420 488b | 5424 7048 | 8bea 6690 

  0x00000224ed844d1c: ;   {optimized virtual_call}
  0x00000224ed844d1c: c5f8 77e8 

  0x00000224ed844d20: ; ImmutableOopMap {rbp=Oop [32]=Oop [72]=Oop [112]=Oop [120]=NarrowOop [144]=Oop }
                      ;*invokevirtual getBytes {reexecute=0 rethrow=0 return_oop=1}
                      ; - jdk.internal.loader.BuiltinClassLoader::defineClass@84 (line 859)
                      ; - jdk.internal.loader.BuiltinClassLoader::findClassOnClassPathOrNull@37 (line 760)
  0x00000224ed844d20: 3c6a 0300 

  0x00000224ed844d24: ;   {other}
  0x00000224ed844d24: 0f1f 8400 | 9436 0018 | 4889 4424 | 3048 8b54 | 2470 448b | 5a08 660f | 1f44 0000 

  0x00000224ed844d40: ;   {metadata('jdk/internal/loader/URLClassPath$JarLoader$2')}
  0x00000224ed844d40: 4181 fb58 | 4521 000f | 85ed 0600 | 0066 6690 

  0x00000224ed844d50: ;   {optimized virtual_call}
  0x00000224ed844d50: c5f8 77e8 

  0x00000224ed844d54: ; ImmutableOopMap {[32]=Oop [48]=Oop [72]=Oop [120]=NarrowOop [144]=Oop }
                      ;*invokevirtual getCodeSigners {reexecute=0 rethrow=0 return_oop=1}
                      ; - jdk.internal.loader.BuiltinClassLoader::defineClass@90 (line 860)
                      ; - jdk.internal.loader.BuiltinClassLoader::findClassOnClassPathOrNull@37 (line 760)
  0x00000224ed844d54: 0870 0300 

  0x00000224ed844d58: ;   {other}
  0x00000224ed844d58: 0f1f 8400 | c836 0019 | 4885 c00f | 8562 3700 | 0049 8b87 | b801 0000 | 4c8b d049 | 83c2 2866 
  0x00000224ed844d78: 0f1f 8400 | 0000 0000 | 4d3b 97c8 | 0100 000f | 8303 2400 | 004d 8997 | b801 0000 | 410f 0d8a 
  0x00000224ed844d98: 0001 0000 | 48c7 0001 

  0x00000224ed844da0: ;   {metadata('java/security/CodeSource')}
  0x00000224ed844da0: 0000 00c7 | 4008 d85a | 0000 4489 | 600c 4c89 | 6010 4c89 | 6018 4c89 | 6020 488b | e848 8bd5 
  0x00000224ed844dc0: 4c8b 4424 | 2045 33c9 

  0x00000224ed844dc8: ;   {optimized virtual_call}
  0x00000224ed844dc8: c5f8 77e8 

  0x00000224ed844dcc: ; ImmutableOopMap {rbp=Oop [48]=Oop [72]=Oop [144]=Oop }
                      ;*invokespecial <init> {reexecute=0 rethrow=0 return_oop=0}
                      ; - jdk.internal.loader.BuiltinClassLoader::defineClass@102 (line 861)
                      ; - jdk.internal.loader.BuiltinClassLoader::findClassOnClassPathOrNull@37 (line 760)
  0x00000224ed844dcc: 1041 0100 

  0x00000224ed844dd0: ;   {other}
  0x00000224ed844dd0: 0f1f 8400 | 4037 001a | 4c8b 4c24 | 3066 6690 

  0x00000224ed844de0: ; implicit exception: dispatches to 0x00000224ed84a8f0
  0x00000224ed844de0: 418b 710c | 488b 9424 | 9000 0000 | 4c8b 4424 | 4833 ff48 | 8bcd 6690 

  0x00000224ed844df8: ;   {optimized virtual_call}
  0x00000224ed844df8: c5f8 77e8 

  0x00000224ed844dfc: ; ImmutableOopMap {}
                      ;*invokevirtual defineClass {reexecute=0 rethrow=0 return_oop=1}
                      ; - jdk.internal.loader.BuiltinClassLoader::defineClass@117 (line 862)
                      ; - jdk.internal.loader.BuiltinClassLoader::findClassOnClassPathOrNull@37 (line 760)
  0x00000224ed844dfc: c048 0100 

  0x00000224ed844e00: ;   {other}
  0x00000224ed844e00: 0f1f 8400 | 7037 001b | c5f8 7748 | 81c4 2001 

  0x00000224ed844e10: ;   {poll_return}
  0x00000224ed844e10: 0000 5d49 | 3ba7 5004 | 0000 0f87 | e56b 0000 | c345 8b54 | dc18 4585 | d20f 843f | eeff ff45 
  0x00000224ed844e30: 8b44 dc08 | 0f1f 8400 | 0000 0000 | 6666 6690 

  0x00000224ed844e40: ;   {metadata('java/util/HashMap$TreeNode')}
  0x00000224ed844e40: 4181 f8b8 | 111a 000f | 8433 4f00 | 004f 8d04 | d466 6666 | 0f1f 8400 | 0000 0000 | 6666 6690 
  0x00000224ed844e60: 418b 780c | 3bf9 0f85 | d000 0000 | 418b 5810 

  0x00000224ed844e70: ;   {oop(a 'java/util/jar/Attributes$Name'{0x0000000701102678})}
  0x00000224ed844e70: 81fb cf04 | 22e0 0f84 | 91ed ffff | 4c89 8424 | 9800 0000 | 894c 247c | 4c89 4c24 | 684c 895c 
  0x00000224ed844e90: 2460 4c8b | 5424 284c | 8954 2458 | 4c8b 9424 | 8800 0000 | 4c89 5424 | 4048 8974 | 2430 448b 
  0x00000224ed844eb0: 5424 7844 | 8954 2428 | 4c8b 5424 | 704c 8954 | 2420 488b | 6c24 484c | 8bc3 49c1 

  0x00000224ed844ecc: ;   {oop(a 'java/util/jar/Attributes$Name'{0x0000000701102678})}
  0x00000224ed844ecc: e003 48ba | 7826 1001 | 0700 0000 

  0x00000224ed844ed8: ;   {optimized virtual_call}
  0x00000224ed844ed8: c5f8 77e8 

  0x00000224ed844edc: ; ImmutableOopMap {rbp=Oop [32]=Oop [40]=NarrowOop [64]=Oop [88]=Oop [96]=Oop [104]=Oop [128]=Oop [144]=Oop [152]=Oop }
                      ;*invokevirtual equals {reexecute=0 rethrow=0 return_oop=0}
                      ; - java.util.HashMap::getNode@128 (line 585)
                      ; - java.util.LinkedHashMap::get@2 (line 536)
                      ; - java.util.jar.Attributes::get@5 (line 106)
                      ; - java.util.jar.Attributes::getValue@2 (line 142)
                      ; - jdk.internal.loader.BuiltinClassLoader::isSealed@57 (line 997)
                      ; - jdk.internal.loader.BuiltinClassLoader::getAndVerifyPackage@70 (line 911)
                      ; - jdk.internal.loader.BuiltinClassLoader::defineOrCheckPackage@4 (line 877)
                      ; - jdk.internal.loader.ClassLoaders$AppClassLoader::defineOrCheckPackage@4 (line 211)
                      ; - jdk.internal.loader.BuiltinClassLoader::defineClass@40 (line 849)
                      ; - jdk.internal.loader.BuiltinClassLoader::findClassOnClassPathOrNull@37 (line 760)
  0x00000224ed844edc: a09b 2dff 

  0x00000224ed844ee0: ;   {other}
  0x00000224ed844ee0: 0f1f 8400 | 5038 001c | 85c0 0f84 | 0823 0000 | 4889 6c24 | 484c 8b54 | 2420 4c89 | 5424 7044 
  0x00000224ed844f00: 8b54 2428 | 4489 5424 | 7848 8b74 | 2430 4c8b | 5424 404c | 8994 2488 | 0000 004c | 8b54 2458 
  0x00000224ed844f20: 4c89 5424 | 284c 8b5c | 2460 4c8b | 4c24 684c | 8b84 2498 | 0000 00e9 | d1ec ffff | 4d8b af58 
  0x00000224ed844f40: 0400 0045 

  0x00000224ed844f44: ; ImmutableOopMap {r11=Oop r8=NarrowOop r9=Oop [40]=Oop [72]=Oop [112]=Oop [120]=NarrowOop [128]=Oop [136]=Oop [144]=Oop }
                      ;*ifnonnull {reexecute=1 rethrow=0 return_oop=0}
                      ; - (reexecute) java.util.HashMap::getNode@145 (line 587)
                      ; - java.util.LinkedHashMap::get@2 (line 536)
                      ; - java.util.jar.Attributes::get@5 (line 106)
                      ; - java.util.jar.Attributes::getValue@2 (line 142)
                      ; - jdk.internal.loader.BuiltinClassLoader::isSealed@57 (line 997)
                      ; - jdk.internal.loader.BuiltinClassLoader::getAndVerifyPackage@70 (line 911)
                      ; - jdk.internal.loader.BuiltinClassLoader::defineOrCheckPackage@4 (line 877)
                      ; - jdk.internal.loader.ClassLoaders$AppClassLoader::defineOrCheckPackage@4 (line 211)
                      ; - jdk.internal.loader.BuiltinClassLoader::defineClass@40 (line 849)
                      ; - jdk.internal.loader.BuiltinClassLoader::findClassOnClassPathOrNull@37 (line 760)
                      ;   {poll}
  0x00000224ed844f44: 8b40 1841 | 8545 0045 | 85c0 0f84 | 1aed ffff | 49c1 e003 | e903 ffff | ff45 8b44 | fc18 4585 
  0x00000224ed844f64: c00f 8410 | ecff ff41 | 8b5c fc08 

  0x00000224ed844f70: ;   {metadata('java/util/HashMap$TreeNode')}
  0x00000224ed844f70: 81fb b811 | 1a00 0f84 | ab4d 0000 | 4b8d 2cc4 | 448b 450c | 453b c10f | 85bd 0000 | 0044 8b55 
  0x00000224ed844f90: 104d 8bc2 | 49c1 e003 | 4c3b c10f | 1f44 0000 | 0f84 28eb | ffff 4489 | 4c24 3448 | 898c 2498 
  0x00000224ed844fb0: 0000 004c | 895c 2468 | 4c8b 5424 | 284c 8954 | 2460 4c8b | 9424 9000 | 0000 4c89 | 5424 5848 
  0x00000224ed844fd0: 8974 2438 | 4c8b 5424 | 704c 8954 | 2428 4c8b | 5424 484c | 8954 2420 | 488b d190 

  0x00000224ed844fec: ;   {optimized virtual_call}
  0x00000224ed844fec: c5f8 77e8 

  0x00000224ed844ff0: ; ImmutableOopMap {rbp=Oop [32]=Oop [40]=Oop [88]=Oop [96]=Oop [104]=Oop [120]=NarrowOop [128]=Oop [136]=Oop [152]=Oop }
                      ;*invokevirtual equals {reexecute=0 rethrow=0 return_oop=0}
                      ; - java.util.HashMap::getNode@128 (line 585)
                      ; - java.util.HashMap::get@2 (line 564)
                      ; - java.util.jar.Manifest::getAttributes@5 (line 160)
                      ; - java.util.jar.Manifest::getTrustedAttributes@2 (line 177)
                      ; - java.util.jar.JavaUtilJarAccessImpl::getTrustedAttributes@2 (line 38)
                      ; - jdk.internal.loader.BuiltinClassLoader::isSealed@17 (line 992)
                      ; - jdk.internal.loader.BuiltinClassLoader::getAndVerifyPackage@70 (line 911)
                      ; - jdk.internal.loader.BuiltinClassLoader::defineOrCheckPackage@4 (line 877)
                      ; - jdk.internal.loader.ClassLoaders$AppClassLoader::defineOrCheckPackage@4 (line 211)
                      ; - jdk.internal.loader.BuiltinClassLoader::defineClass@40 (line 849)
                      ; - jdk.internal.loader.BuiltinClassLoader::findClassOnClassPathOrNull@37 (line 760)
  0x00000224ed844ff0: 4c2d d8ff 

  0x00000224ed844ff4: ;   {other}
  0x00000224ed844ff4: 0f1f 8400 | 6439 001e | 0f1f 4000 | 85c0 0f84 | a921 0000 | 4c8b 5424 | 204c 8954 | 2448 4c8b 
  0x00000224ed845014: 5424 284c | 8954 2470 | 488b 7424 | 384c 8b54 | 2458 4c89 | 9424 9000 | 0000 4c8b | 5424 604c 
  0x00000224ed845034: 8954 2428 | 4c8b 5c24 | 6848 8b8c | 2498 0000 | 00e9 84ea | ffff 4d8b | af58 0400 | 0044 8b55 
  0x00000224ed845054: ; ImmutableOopMap {r10=NarrowOop r11=Oop rcx=Oop [40]=Oop [72]=Oop [112]=Oop [120]=NarrowOop [128]=Oop [136]=Oop [144]=Oop }
                      ;*ifnonnull {reexecute=1 rethrow=0 return_oop=0}
                      ; - (reexecute) java.util.HashMap::getNode@145 (line 587)
                      ; - java.util.HashMap::get@2 (line 564)
                      ; - java.util.jar.Manifest::getAttributes@5 (line 160)
                      ; - java.util.jar.Manifest::getTrustedAttributes@2 (line 177)
                      ; - java.util.jar.JavaUtilJarAccessImpl::getTrustedAttributes@2 (line 38)
                      ; - jdk.internal.loader.BuiltinClassLoader::isSealed@17 (line 992)
                      ; - jdk.internal.loader.BuiltinClassLoader::getAndVerifyPackage@70 (line 911)
                      ; - jdk.internal.loader.BuiltinClassLoader::defineOrCheckPackage@4 (line 877)
                      ; - jdk.internal.loader.ClassLoaders$AppClassLoader::defineOrCheckPackage@4 (line 211)
                      ; - jdk.internal.loader.BuiltinClassLoader::defineClass@40 (line 849)
                      ; - jdk.internal.loader.BuiltinClassLoader::findClassOnClassPathOrNull@37 (line 760)
                      ;   {poll}
  0x00000224ed845054: 1841 8545 | 0045 85d2 | 0f1f 4000 | 0f84 15eb | ffff 4b8d | 2cd4 e911 | ffff ff45 | 0fb6 4311 
  0x00000224ed845074: 4585 c00f | 8508 1f00 | 0045 8b43 | 144b 8d2c | d449 8bd0 | 48c1 e203 | 4180 7b10 | 000f 85f6 
  0x00000224ed845094: 2200 0044 | 8954 2420 | 4c8b 9424 | 9000 0000 | 4c89 5424 | 2866 6690 

  0x00000224ed8450ac: ;   {static_call}
  0x00000224ed8450ac: c5f8 77e8 

  0x00000224ed8450b0: ; ImmutableOopMap {rbp=Oop [32]=NarrowOop [40]=Oop [72]=Oop [112]=Oop [120]=NarrowOop [128]=Oop [136]=Oop [144]=Oop }
                      ;*invokestatic hashCode {reexecute=0 rethrow=0 return_oop=0}
                      ; - java.lang.String::hashCode@27 (line 2369)
                      ; - java.util.concurrent.ConcurrentHashMap::get@1 (line 936)
                      ; - java.lang.ClassLoader::getDefinedPackage@13 (line 2263)
                      ; - jdk.internal.loader.BuiltinClassLoader::getAndVerifyPackage@2 (line 902)
                      ; - jdk.internal.loader.BuiltinClassLoader::defineOrCheckPackage@4 (line 877)
                      ; - jdk.internal.loader.ClassLoaders$AppClassLoader::defineOrCheckPackage@4 (line 211)
                      ; - jdk.internal.loader.BuiltinClassLoader::defineClass@40 (line 849)
                      ; - jdk.internal.loader.BuiltinClassLoader::findClassOnClassPathOrNull@37 (line 760)
  0x00000224ed8450b0: 8c30 c4ff 

  0x00000224ed8450b4: ;   {other}
  0x00000224ed8450b4: 0f1f 8400 | 243a 0020 | 0f1f 4000 | 85c0 0f84 | ed22 0000 | 4c8b 9424 | 8000 0000 | 4189 420c 
  0x00000224ed8450d4: 448b 5424 | 20e9 40dc | ffff 498b | 87b8 0100 | 004c 8bd0 | 4983 c218 | 4d3b 97c8 | 0100 000f 
  0x00000224ed8450f4: 8340 2b00 | 004d 8997 | b801 0000 | 410f 0d8a | 0001 0000 | 48c7 0001 

  0x00000224ed84510c: ;   {metadata('java/lang/String')}
  0x00000224ed84510c: 0000 00c7 | 4008 58e5 | 0000 4489 | 600c 4489 

  0x00000224ed84511c: ;   {oop([B{0x000000070103ece8})}
  0x00000224ed84511c: 6010 c740 | 149d 7d20 

  0x00000224ed845124: ;   {oop(".class"{0x000000070103ecd0})}
  0x00000224ed845124: e049 bad0 | ec03 0107 | 0000 0045 | 8b5a 0c44 | 8958 0c45 | 0fb6 5a11 | 4488 5811 | e95c d5ff 
  0x00000224ed845144: ffbf 2f00 | 0000 e917 | d2ff ff45 | 85d2 0f85 | 2320 0000 | 498b d048 | c1e2 0349 | 8d2c dc4c 
  0x00000224ed845164: 8b94 2480 | 0000 0041 | 807a 1000 | 0f85 d926 | 0000 895c | 2434 894c | 2430 4c89 | 4c24 2848 
  0x00000224ed845184: 8974 2420 

  0x00000224ed845188: ;   {static_call}
  0x00000224ed845188: c5f8 77e8 

  0x00000224ed84518c: ; ImmutableOopMap {rbp=Oop [40]=Oop [48]=NarrowOop [52]=NarrowOop [72]=Oop [112]=Oop [120]=NarrowOop [128]=Oop [136]=Oop [144]=Oop }
                      ;*invokestatic hashCode {reexecute=0 rethrow=0 return_oop=0}
                      ; - java.lang.String::hashCode@27 (line 2369)
                      ; - java.util.concurrent.ConcurrentHashMap::get@1 (line 936)
                      ; - java.lang.ClassLoader::definePackage@47 (line 2125)
                      ; - java.lang.ClassLoader::getDefinedPackage@32 (line 2267)
                      ; - jdk.internal.loader.BuiltinClassLoader::getAndVerifyPackage@2 (line 902)
                      ; - jdk.internal.loader.BuiltinClassLoader::defineOrCheckPackage@4 (line 877)
                      ; - jdk.internal.loader.ClassLoaders$AppClassLoader::defineOrCheckPackage@4 (line 211)
                      ; - jdk.internal.loader.BuiltinClassLoader::defineClass@40 (line 849)
                      ; - jdk.internal.loader.BuiltinClassLoader::findClassOnClassPathOrNull@37 (line 760)
  0x00000224ed84518c: f09e 2dff 

  0x00000224ed845190: ;   {other}
  0x00000224ed845190: 0f1f 8400 | 003b 0021 | 85c0 660f | 1f44 0000 | 0f84 d326 | 0000 4c8b | 9424 8000 | 0000 4189 
  0x00000224ed8451b0: 420c 488b | 7424 208b | 4c24 308b | 5c24 344c | 8b4c 2428 | e930 deff | ff4c 894c | 2428 4889 
  0x00000224ed8451d0: 7424 2048 | 8b94 2490 | 0000 004c | 8b84 2480 | 0000 0045 | 33c9 33ff | 33f6 33c9 | 4533 d24c 
  0x00000224ed8451f0: 8914 244c | 8954 2408 | 4c89 5424 | 1066 6690 

  0x00000224ed845200: ;   {optimized virtual_call}
  0x00000224ed845200: c5f8 77e8 

  0x00000224ed845204: ; ImmutableOopMap {[40]=Oop [72]=Oop [112]=Oop [120]=NarrowOop [128]=Oop [144]=Oop }
                      ;*invokevirtual definePackage {reexecute=0 rethrow=0 return_oop=1}
                      ; - jdk.internal.loader.BuiltinClassLoader::defineOrCheckPackage@39 (line 883)
                      ; - jdk.internal.loader.ClassLoaders$AppClassLoader::defineOrCheckPackage@4 (line 211)
                      ; - jdk.internal.loader.BuiltinClassLoader::defineClass@40 (line 849)
                      ; - jdk.internal.loader.BuiltinClassLoader::findClassOnClassPathOrNull@37 (line 760)
  0x00000224ed845204: 3847 0ef9 

  0x00000224ed845208: ;   {other}
  0x00000224ed845208: 0f1f 8400 | 783b 0022 | e9bf eaff | ff49 8b87 | b801 0000 | 4c8b c049 | 83c0 184d | 3b87 c801 
  0x00000224ed845228: 0000 0f83 | a72e 0000 | 4d89 87b8 | 0100 0041 | 0f0d 8800 | 0100 0048 | c700 0100 

  0x00000224ed845244: ;   {metadata('java/lang/String')}
  0x00000224ed845244: 0000 c740 | 0858 e500 | 0044 8960 | 0c44 8960 

  0x00000224ed845254: ;   {oop([B{0x00000007013f2b78})}
  0x00000224ed845254: 10c7 4014 | 6fe5 27e0 

  0x00000224ed84525c: ;   {oop("/"{0x00000007013f2b60})}
  0x00000224ed84525c: 49b8 602b | 3f01 0700 | 0000 418b | 480c 8948 | 0c45 0fb6 | 4011 4488 | 4011 e9b5 | e7ff ff41 
  0x00000224ed84527c: b92f 0000 | 00e9 c6e3 | ffff 458b | d9e9 dfd5 | ffff 41b9 | 2f00 0000 | e9f2 d1ff | ff44 0fb6 
  0x00000224ed84529c: 4811 6690 | 4585 c90f | 85dc 1e00 | 0044 8b48 | 1449 8bd1 | 48c1 e203 | 8078 1000 | 0f85 e125 
  0x00000224ed8452bc: 0000 4889 | 9c24 9800 | 0000 4489 | 5424 7c48 | 8944 2468 | 4c89 5c24 | 604c 8b54 | 2428 4c89 
  0x00000224ed8452dc: 5424 584c | 8b94 2490 | 0000 004c | 8954 2450 | 4c8b 9424 | 8800 0000 | 4c89 5424 | 404c 8b94 
  0x00000224ed8452fc: 2480 0000 | 004c 8954 | 2438 4889 | 7424 3044 | 8b54 2478 | 4489 5424 | 284c 8b54 | 2470 4c89 
  0x00000224ed84531c: 5424 2048 | 8b6c 2448 

  0x00000224ed845324: ;   {static_call}
  0x00000224ed845324: c5f8 77e8 

  0x00000224ed845328: ; ImmutableOopMap {rbp=Oop [32]=Oop [40]=NarrowOop [56]=Oop [64]=Oop [80]=Oop [88]=Oop [96]=Oop [104]=Oop [128]=Oop [136]=Oop [152]=Oop }
                      ;*invokestatic hashCode {reexecute=0 rethrow=0 return_oop=0}
                      ; - java.lang.String::hashCode@27 (line 2369)
                      ; - java.util.HashMap::hash@9 (line 338)
                      ; - java.util.HashMap::getNode@23 (line 576)
                      ; - java.util.HashMap::get@2 (line 564)
                      ; - java.util.jar.Manifest::getAttributes@5 (line 160)
                      ; - java.util.jar.Manifest::getTrustedAttributes@2 (line 177)
                      ; - java.util.jar.JavaUtilJarAccessImpl::getTrustedAttributes@2 (line 38)
                      ; - jdk.internal.loader.BuiltinClassLoader::isSealed@17 (line 992)
                      ; - jdk.internal.loader.BuiltinClassLoader::getAndVerifyPackage@70 (line 911)
                      ; - jdk.internal.loader.BuiltinClassLoader::defineOrCheckPackage@4 (line 877)
                      ; - jdk.internal.loader.ClassLoaders$AppClassLoader::defineOrCheckPackage@4 (line 211)
                      ; - jdk.internal.loader.BuiltinClassLoader::defineClass@40 (line 849)
                      ; - jdk.internal.loader.BuiltinClassLoader::findClassOnClassPathOrNull@37 (line 760)
  0x00000224ed845328: 142e c4ff 

  0x00000224ed84532c: ;   {other}
  0x00000224ed84532c: 0f1f 8400 | 9c3c 0023 | 85c0 0f84 | e125 0000 | 488b 4c24 | 6889 410c | 448b c841 | c1e9 1044 
  0x00000224ed84534c: 33c8 448b | 5424 7c45 | 23d1 4889 | 6c24 484c | 8b5c 2420 | 4c89 5c24 | 7044 8b5c | 2428 4489 
  0x00000224ed84536c: 5c24 7848 | 8b74 2430 | 4c8b 5c24 | 384c 899c | 2480 0000 | 004c 8b5c | 2440 4c89 | 9c24 8800 
  0x00000224ed84538c: 0000 4c8b | 5c24 504c | 899c 2490 | 0000 004c | 8b5c 2458 | 4c89 5c24 | 284c 8b5c | 2460 488b 
  0x00000224ed8453ac: 9c24 9800 | 0000 e9e6 | e6ff ff33 | ede9 47ce | ffff 41bb | 2f00 0000 | e994 e3ff 

  0x00000224ed8453c8: ;   {metadata('jdk/internal/loader/URLClassPath$FileLoader$1')}
  0x00000224ed8453c8: ff41 81fa | 408a 0701 | 0f85 de49 | 0000 4c8b | d045 8b5a | 1c66 6690 

  0x00000224ed8453e0: ; implicit exception: dispatches to 0x00000224ed84aee5
  0x00000224ed8453e0: 478b 5cdc | 0c44 895c | 2478 e91b 

  0x00000224ed8453ec: ;   {metadata('jdk/internal/loader/URLClassPath$FileLoader$1')}
  0x00000224ed8453ec: d3ff ff41 | 81fb 408a | 0701 0f85 | d849 0000 | 4533 d24c | 8994 2488 | 0000 00e9 | d3d8 ffff 
  0x00000224ed84540c: 4c89 4c24 | 2048 8b54 | 2470 c5f8 | 7748 b840 | 8a07 8124 

  0x00000224ed845420: ;   {virtual_call}
  0x00000224ed845420: 0200 00e8 

  0x00000224ed845424: ; ImmutableOopMap {[32]=Oop [72]=Oop [112]=Oop [120]=NarrowOop [144]=Oop }
                      ;*invokevirtual getBytes {reexecute=0 rethrow=0 return_oop=1}
                      ; - jdk.internal.loader.BuiltinClassLoader::defineClass@84 (line 859)
                      ; - jdk.internal.loader.BuiltinClassLoader::findClassOnClassPathOrNull@37 (line 760)
  0x00000224ed845424: 586a 0100 

  0x00000224ed845428: ;   {other}
  0x00000224ed845428: 0f1f 8400 | 983d 0024 | 4889 4424 | 30e9 f7f8 | ffff c5f8 | 7748 b840 | 8a07 8124 

  0x00000224ed845444: ;   {virtual_call}
  0x00000224ed845444: 0200 00e8 

  0x00000224ed845448: ; ImmutableOopMap {[32]=Oop [48]=Oop [72]=Oop [120]=NarrowOop [144]=Oop }
                      ;*invokevirtual getCodeSigners {reexecute=0 rethrow=0 return_oop=1}
                      ; - jdk.internal.loader.BuiltinClassLoader::defineClass@90 (line 860)
                      ; - jdk.internal.loader.BuiltinClassLoader::findClassOnClassPathOrNull@37 (line 760)
  0x00000224ed845448: d499 e7ff 

  0x00000224ed84544c: ;   {other}
  0x00000224ed84544c: 0f1f 8400 | bc3d 0025 | e907 f9ff | ff4d 894c | f420 6690 | e961 d8ff | ff48 8974 | 2430 b904 
  0x00000224ed84546c: 0000 004c | 895c 2420 | 41b8 0100 | 0000 4533 | c933 f690 

  0x00000224ed845480: ;   {optimized virtual_call}
  0x00000224ed845480: c5f8 77e8 

  0x00000224ed845484: ; ImmutableOopMap {[32]=Oop [40]=Oop [72]=Oop [112]=Oop [120]=NarrowOop [128]=Oop [136]=Oop [144]=Oop }
                      ;*invokevirtual regionMatches {reexecute=0 rethrow=0 return_oop=0}
                      ; - java.lang.String::equalsIgnoreCase@33 (line 1993)
                      ; - jdk.internal.loader.BuiltinClassLoader::isSealed@67 (line 998)
                      ; - jdk.internal.loader.BuiltinClassLoader::getAndVerifyPackage@70 (line 911)
                      ; - jdk.internal.loader.BuiltinClassLoader::defineOrCheckPackage@4 (line 877)
                      ; - jdk.internal.loader.ClassLoaders$AppClassLoader::defineOrCheckPackage@4 (line 211)
                      ; - jdk.internal.loader.BuiltinClassLoader::defineClass@40 (line 849)
                      ; - jdk.internal.loader.BuiltinClassLoader::findClassOnClassPathOrNull@37 (line 760)
  0x00000224ed845484: f895 2dff 

  0x00000224ed845488: ;   {other}
  0x00000224ed845488: 0f1f 8400 | f83d 0026 | 85c0 0f85 | bb45 0000 | 488b 7424 | 3066 6690 | e9c9 e7ff | ff48 8944 
  0x00000224ed8454a8: 2450 8954 | 2440 895c | 2434 4c89 | 4c24 3889 | 8c24 a000 | 0000 4489 | 8424 9c00 | 0000 897c 
  0x00000224ed8454c8: 2430 4489 | 9424 9800 | 0000 4c89 | 5c24 6048 | 8974 2420 | 33ed 6690 | e9ca dfff 

  0x00000224ed8454e4: ;   {metadata('jdk/internal/loader/URLClassPath$FileLoader$1')}
  0x00000224ed8454e4: ff41 81fd | 408a 0701 | 0f85 c649 | 0000 488b | 5c24 7049 | 8b87 b801 | 0000 4c8b | d049 83c2 
  0x00000224ed845504: 204d 3b97 | c801 0000 | 0f83 8a2c | 0000 4d89 | 97b8 0100 | 0041 0f0d | 8a00 0100 | 0048 c700 
  0x00000224ed845524: 0100 0000 

  0x00000224ed845528: ;   {metadata('java/io/FileInputStream')}
  0x00000224ed845528: c740 0800 | 1601 0044 | 8960 0c4c | 8960 104c | 8960 1848 | 8bf8 8b6b | 1849 8b87 | b801 0000 
  0x00000224ed845548: 4c8b d049 | 83c2 104d | 3b97 c801 | 0000 0f83 | 922c 0000 | 4d89 97b8 | 0100 0041 | 0f0d 8a00 
  0x00000224ed845568: 0100 0048 | c700 0100 

  0x00000224ed845570: ;   {metadata('java/lang/Object')}
  0x00000224ed845570: 0000 c740 | 0870 0e00 | 0044 8960 | 0c4c 8bd7 | 4c8b d849 | c1eb 0344 | 895f 1c4c | 8bd8 4d33 
  0x00000224ed845590: da49 c1eb | 154d 85db | 741a 49c1 | ea09 48b9 | 0090 6af1 | 2402 0000 | 4903 ca80 | 3902 0f85 
  0x00000224ed8455b0: 7f25 0000 | 85ed 0f84 | 8f0e 0000 | 458b 54ec | 104d 8d1c | ec49 c1e2 | 034c 8954 | 2458 4c89 
  0x00000224ed8455d0: 5c24 5048 | 897c 2440 | 4889 5c24 | 3844 896c | 2428 4c89 | 4c24 3048 | 8974 2420 

  0x00000224ed8455ec: ;   {static_call}
  0x00000224ed8455ec: c5f8 77e8 

  0x00000224ed8455f0: ; ImmutableOopMap {[48]=Oop [56]=Oop [64]=Oop [72]=Oop [80]=Oop [88]=Oop [112]=Oop [120]=NarrowOop [144]=Oop }
                      ;*invokestatic getSecurityManager {reexecute=0 rethrow=0 return_oop=1}
                      ; - java.io.FileInputStream::<init>@28 (line 139)
                      ; - jdk.internal.loader.URLClassPath$FileLoader$1::getInputStream@8 (line 1119)
                      ; - jdk.internal.loader.Resource::cachedInputStream@9 (line 77)
                      ; - jdk.internal.loader.Resource::getByteBuffer@1 (line 163)
                      ; - jdk.internal.loader.BuiltinClassLoader::defineClass@45 (line 853)
                      ; - jdk.internal.loader.BuiltinClassLoader::findClassOnClassPathOrNull@37 (line 760)
  0x00000224ed8455f0: 0c48 bfff 

  0x00000224ed8455f4: ;   {other}
  0x00000224ed8455f4: 0f1f 8400 | 643f 0027 | 0f1f 4000 | 4885 c00f | 85cf 4800 | 004c 8b54 | 2458 4d85 | d20f 8465 
  0x00000224ed845614: 4800 004c | 8b5c 2450 | 0f1f 4000 | 4d85 db0f | 8473 4800 | 0049 8bea | 498b d390 

  0x00000224ed845630: ;   {optimized virtual_call}
  0x00000224ed845630: c5f8 77e8 

  0x00000224ed845634: ; ImmutableOopMap {rbp=Oop [48]=Oop [56]=Oop [64]=Oop [72]=Oop [112]=Oop [120]=NarrowOop [144]=Oop }
                      ;*invokevirtual isInvalid {reexecute=0 rethrow=0 return_oop=0}
                      ; - java.io.FileInputStream::<init>@54 (line 146)
                      ; - jdk.internal.loader.URLClassPath$FileLoader$1::getInputStream@8 (line 1119)
                      ; - jdk.internal.loader.Resource::cachedInputStream@9 (line 77)
                      ; - jdk.internal.loader.Resource::getByteBuffer@1 (line 163)
                      ; - jdk.internal.loader.BuiltinClassLoader::defineClass@45 (line 853)
                      ; - jdk.internal.loader.BuiltinClassLoader::findClassOnClassPathOrNull@37 (line 760)
  0x00000224ed845634: 280a 86ff 

  0x00000224ed845638: ;   {other}
  0x00000224ed845638: 0f1f 8400 | a83f 0028 | 85c0 0f85 | c848 0000 | 498b bfb8 | 0100 004c | 8bd7 4983 | c228 6666 
  0x00000224ed845658: 0f1f 8400 | 0000 0000 | 4d3b 97c8 | 0100 000f | 83fd 2b00 | 004d 8997 | b801 0000 | 410f 0d8a 
  0x00000224ed845678: 0001 0000 | 48c7 0701 

  0x00000224ed845680: ;   {metadata('java/io/FileDescriptor')}
  0x00000224ed845680: 0000 00c7 | 4708 8820 | 0100 4c89 | 6718 4c89 | 6720 c747 | 0cff ffff | ff48 c747 | 10ff ffff 
  0x00000224ed8456a0: ff41 807f | 4000 0f85 | 0624 0000 | 488b 5c24 | 404c 8bd3 | 4c8b df49 | c1eb 0344 | 895b 104c 
  0x00000224ed8456c0: 8bdf 4d33 | da49 c1eb | 154d 85db | 741b 49c1 | ea09 48b9 | 0090 6af1 | 2402 0000 | 4903 ca90 
  0x00000224ed8456e0: 8039 020f | 85a1 2400 | 0048 895c | 2440 488b | d74c 8bc3 

  0x00000224ed8456f4: ;   {optimized virtual_call}
  0x00000224ed8456f4: c5f8 77e8 

  0x00000224ed8456f8: ; ImmutableOopMap {rbp=Oop [48]=Oop [56]=Oop [64]=Oop [72]=Oop [112]=Oop [120]=NarrowOop [144]=Oop }
                      ;*invokevirtual attach {reexecute=0 rethrow=0 return_oop=0}
                      ; - java.io.FileInputStream::<init>@86 (line 150)
                      ; - jdk.internal.loader.URLClassPath$FileLoader$1::getInputStream@8 (line 1119)
                      ; - jdk.internal.loader.Resource::cachedInputStream@9 (line 77)
                      ; - jdk.internal.loader.Resource::getByteBuffer@1 (line 163)
                      ; - jdk.internal.loader.BuiltinClassLoader::defineClass@45 (line 853)
                      ; - jdk.internal.loader.BuiltinClassLoader::findClassOnClassPathOrNull@37 (line 760)
  0x00000224ed8456f8: 044e faf7 

  0x00000224ed8456fc: ;   {other}
  0x00000224ed8456fc: 0f1f 8400 | 6c40 0029 | 4180 7f40 | 000f 85e4 | 2300 0048 | 8b5c 2440 | 4c8b d348 | 8bfd 4c8b 
  0x00000224ed84571c: df49 c1eb | 0344 895b | 144c 8bdf | 4d33 da49 | c1eb 154d | 85db 741a | 49c1 ea09 | 48b9 0090 
  0x00000224ed84573c: 6af1 2402 | 0000 4903 | ca80 3902 | 0f85 9a24 | 0000 4889 | 5c24 4090 

  0x00000224ed845754: ;   {static_call}
  0x00000224ed845754: c5f8 77e8 

  0x00000224ed845758: ; ImmutableOopMap {rbp=Oop [48]=Oop [56]=Oop [64]=Oop [72]=Oop [112]=Oop [120]=NarrowOop [144]=Oop }
                      ;*invokestatic begin {reexecute=0 rethrow=0 return_oop=0}
                      ; - java.io.FileInputStream::open@0 (line 211)
                      ; - java.io.FileInputStream::<init>@96 (line 152)
                      ; - jdk.internal.loader.URLClassPath$FileLoader$1::getInputStream@8 (line 1119)
                      ; - jdk.internal.loader.Resource::cachedInputStream@9 (line 77)
                      ; - jdk.internal.loader.Resource::getByteBuffer@1 (line 163)
                      ; - jdk.internal.loader.BuiltinClassLoader::defineClass@45 (line 853)
                      ; - jdk.internal.loader.BuiltinClassLoader::findClassOnClassPathOrNull@37 (line 760)
  0x00000224ed845758: c4e1 dcff 

  0x00000224ed84575c: ;   {other}
  0x00000224ed84575c: 0f1f 8400 | cc40 002a | 4889 4424 | 5048 8b54 | 2440 4c8b | c566 6690 

  0x00000224ed845774: ;   {optimized virtual_call}
  0x00000224ed845774: c5f8 77e8 

  0x00000224ed845778: ; ImmutableOopMap {[48]=Oop [56]=Oop [64]=Oop [72]=Oop [112]=Oop [120]=NarrowOop [144]=Oop }
                      ;*invokevirtual open0 {reexecute=0 rethrow=0 return_oop=0}
                      ; - java.io.FileInputStream::open@6 (line 213)
                      ; - java.io.FileInputStream::<init>@96 (line 152)
                      ; - jdk.internal.loader.URLClassPath$FileLoader$1::getInputStream@8 (line 1119)
                      ; - jdk.internal.loader.Resource::cachedInputStream@9 (line 77)
                      ; - jdk.internal.loader.Resource::getByteBuffer@1 (line 163)
                      ; - jdk.internal.loader.BuiltinClassLoader::defineClass@45 (line 853)
                      ; - jdk.internal.loader.BuiltinClassLoader::findClassOnClassPathOrNull@37 (line 760)
  0x00000224ed845778: 448e e5ff 

  0x00000224ed84577c: ;   {other}
  0x00000224ed84577c: 0f1f 8400 | ec40 002b | 488b 5424 | 5066 6690 

  0x00000224ed84578c: ;   {static_call}
  0x00000224ed84578c: c5f8 77e8 

  0x00000224ed845790: ; ImmutableOopMap {[48]=Oop [56]=Oop [64]=Oop [72]=Oop [112]=Oop [120]=NarrowOop [144]=Oop }
                      ;*invokestatic end {reexecute=0 rethrow=0 return_oop=0}
                      ; - java.io.FileInputStream::open@10 (line 215)
                      ; - java.io.FileInputStream::<init>@96 (line 152)
                      ; - jdk.internal.loader.URLClassPath$FileLoader$1::getInputStream@8 (line 1119)
                      ; - jdk.internal.loader.Resource::cachedInputStream@9 (line 77)
                      ; - jdk.internal.loader.Resource::getByteBuffer@1 (line 163)
                      ; - jdk.internal.loader.BuiltinClassLoader::defineClass@45 (line 853)
                      ; - jdk.internal.loader.BuiltinClassLoader::findClassOnClassPathOrNull@37 (line 760)
  0x00000224ed845790: 8cc2 dcff 

  0x00000224ed845794: ;   {other}
  0x00000224ed845794: 0f1f 8400 | 0441 002c | 4c8b 5424 | 4045 8b52 | 1049 8bd2 | 48c1 e203 

  0x00000224ed8457ac: ;   {static_call}
  0x00000224ed8457ac: c5f8 77e8 

  0x00000224ed8457b0: ; ImmutableOopMap {[48]=Oop [56]=Oop [64]=Oop [72]=Oop [112]=Oop [120]=NarrowOop [144]=Oop }
                      ;*invokestatic register {reexecute=0 rethrow=0 return_oop=0}
                      ; - java.io.FileInputStream::<init>@103 (line 153)
                      ; - jdk.internal.loader.URLClassPath$FileLoader$1::getInputStream@8 (line 1119)
                      ; - jdk.internal.loader.Resource::cachedInputStream@9 (line 77)
                      ; - jdk.internal.loader.Resource::getByteBuffer@1 (line 163)
                      ; - jdk.internal.loader.BuiltinClassLoader::defineClass@45 (line 853)
                      ; - jdk.internal.loader.BuiltinClassLoader::findClassOnClassPathOrNull@37 (line 760)
  0x00000224ed8457b0: 2ce1 b8f8 

  0x00000224ed8457b4: ;   {other}
  0x00000224ed8457b4: 0f1f 8400 | 2441 002d | 488b 5c24 | 40e9 edf3 | ffff 897c | 247c 4489 | 4c24 3448 | 898c 2498 
  0x00000224ed8457d4: 0000 004c | 895c 2468 | 4c8b 5424 | 284c 8954 | 2460 4c8b | 9424 9000 | 0000 4c89 | 5424 5848 
  0x00000224ed8457f4: 8974 2438 | 4c8b 5424 | 704c 8954 | 2428 4c8b | 5424 484c | 8954 2420 | 488b d14c | 8b94 2490 
  0x00000224ed845814: 0000 004c | 8954 2448 

  0x00000224ed84581c: ;   {optimized virtual_call}
  0x00000224ed84581c: c5f8 77e8 

  0x00000224ed845820: ; ImmutableOopMap {rbp=Oop [32]=Oop [40]=Oop [72]=Oop [88]=Oop [96]=Oop [104]=Oop [120]=NarrowOop [124]=NarrowOop [128]=Oop [136]=Oop [152]=Oop }
                      ;*invokevirtual equals {reexecute=0 rethrow=0 return_oop=0}
                      ; - java.util.HashMap::getNode@63 (line 578)
                      ; - java.util.HashMap::get@2 (line 564)
                      ; - java.util.jar.Manifest::getAttributes@5 (line 160)
                      ; - java.util.jar.Manifest::getTrustedAttributes@2 (line 177)
                      ; - java.util.jar.JavaUtilJarAccessImpl::getTrustedAttributes@2 (line 38)
                      ; - jdk.internal.loader.BuiltinClassLoader::isSealed@17 (line 992)
                      ; - jdk.internal.loader.BuiltinClassLoader::getAndVerifyPackage@70 (line 911)
                      ; - jdk.internal.loader.BuiltinClassLoader::defineOrCheckPackage@4 (line 877)
                      ; - jdk.internal.loader.ClassLoaders$AppClassLoader::defineOrCheckPackage@4 (line 211)
                      ; - jdk.internal.loader.BuiltinClassLoader::defineClass@40 (line 849)
                      ; - jdk.internal.loader.BuiltinClassLoader::findClassOnClassPathOrNull@37 (line 760)
  0x00000224ed845820: 1c25 d8ff 

  0x00000224ed845824: ;   {other}
  0x00000224ed845824: 0f1f 8400 | 9441 002e | 85c0 0f84 | b113 0000 | 4c8b 5424 | 204c 8954 | 2448 4c8b | 5424 284c 
  0x00000224ed845844: 8954 2470 | 488b 7424 | 384c 8b54 | 2458 4c89 | 9424 9000 | 0000 4c8b | 5424 604c | 8954 2428 
  0x00000224ed845864: 4c8b 5c24 | 6848 8b8c | 2498 0000 | 00e9 58e2 | ffff 4c89 | 8424 9800 | 0000 895c | 247c 894c 
  0x00000224ed845884: 2434 4c89 | 4c24 684c | 895c 2460 | 4c8b 5424 | 284c 8954 | 2458 4889 | 7424 384c | 8b54 2470 
  0x00000224ed8458a4: 4c89 5424 | 284c 8b54 | 2448 4c89 | 5424 204c | 8bc7 49c1 

  0x00000224ed8458b8: ;   {oop(a 'java/util/jar/Attributes$Name'{0x0000000701102678})}
  0x00000224ed8458b8: e003 48ba | 7826 1001 | 0700 0000 

  0x00000224ed8458c4: ;   {optimized virtual_call}
  0x00000224ed8458c4: c5f8 77e8 

  0x00000224ed8458c8: ; ImmutableOopMap {[32]=Oop [40]=Oop [88]=Oop [96]=Oop [104]=Oop [120]=NarrowOop [124]=NarrowOop [128]=Oop [136]=Oop [144]=Oop [152]=Oop }
                      ;*invokevirtual equals {reexecute=0 rethrow=0 return_oop=0}
                      ; - java.util.HashMap::getNode@63 (line 578)
                      ; - java.util.LinkedHashMap::get@2 (line 536)
                      ; - java.util.jar.Attributes::get@5 (line 106)
                      ; - java.util.jar.Attributes::getValue@2 (line 142)
                      ; - jdk.internal.loader.BuiltinClassLoader::isSealed@57 (line 997)
                      ; - jdk.internal.loader.BuiltinClassLoader::getAndVerifyPackage@70 (line 911)
                      ; - jdk.internal.loader.BuiltinClassLoader::defineOrCheckPackage@4 (line 877)
                      ; - jdk.internal.loader.ClassLoaders$AppClassLoader::defineOrCheckPackage@4 (line 211)
                      ; - jdk.internal.loader.BuiltinClassLoader::defineClass@40 (line 849)
                      ; - jdk.internal.loader.BuiltinClassLoader::findClassOnClassPathOrNull@37 (line 760)
  0x00000224ed8458c8: b491 2dff 

  0x00000224ed8458cc: ;   {other}
  0x00000224ed8458cc: 0f1f 8400 | 3c42 002f | 85c0 0f84 | 5413 0000 | 4c8b 5424 | 204c 8954 | 2448 4c8b | 5424 284c 
  0x00000224ed8458ec: 8954 2470 | 488b 7424 | 384c 8b54 | 2458 4c89 | 5424 284c | 8b5c 2460 | 4c8b 4c24 | 684c 8b84 
  0x00000224ed84590c: 2498 0000 | 00e9 f7e2 | ffff 48be | 0090 6af1 | 2402 0000 | e95a e3ff | ff48 8974 | 2420 e917 
  0x00000224ed84592c: e2ff ff48 | 8beb 4c89 | 5424 5044 | 8b54 2478 | 4489 5424 | 404c 8b54 | 2470 4c89 | 5424 304c 
  0x00000224ed84594c: 8b54 2438 | 4c89 5424 | 204c 8b54 | 2448 4c89 | 5424 2848 | 8bd3 6690 

  0x00000224ed845964: ;   {optimized virtual_call}
  0x00000224ed845964: c5f8 77e8 

  0x00000224ed845968: ; ImmutableOopMap {rbp=Oop [32]=Oop [40]=Oop [48]=Oop [64]=NarrowOop [80]=Oop [112]=Oop [120]=NarrowOop [128]=Oop }
                      ;*invokevirtual getManEntry {reexecute=0 rethrow=0 return_oop=1}
                      ; - java.util.jar.JarFile::getManifestFromReference@27 (line 413)
                      ; - java.util.jar.JarFile::getManifest@1 (line 405)
                      ; - jdk.internal.loader.URLClassPath$JarLoader$2::getManifest@22 (line 853)
                      ; - jdk.internal.loader.BuiltinClassLoader::defineClass@29 (line 848)
                      ; - jdk.internal.loader.BuiltinClassLoader::findClassOnClassPathOrNull@37 (line 760)
  0x00000224ed845968: 94fd 35f8 

  0x00000224ed84596c: ;   {other}
  0x00000224ed84596c: 0f1f 8400 | dc42 0030 | 4885 c00f | 84a1 1700 | 004c 8bdd | 410f b66b | 1285 ed0f | 851b 4800 
  0x00000224ed84598c: 0049 8beb | 498b d34c | 8bc0 6690 

  0x00000224ed845998: ;   {optimized virtual_call}
  0x00000224ed845998: c5f8 77e8 

  0x00000224ed84599c: ; ImmutableOopMap {rbp=Oop [32]=Oop [40]=Oop [48]=Oop [64]=NarrowOop [80]=Oop [120]=NarrowOop [128]=Oop }
                      ;*invokespecial getInputStream {reexecute=0 rethrow=0 return_oop=1}
                      ; - java.util.jar.JarFile::getManifestFromReference@130 (line 431)
                      ; - java.util.jar.JarFile::getManifest@1 (line 405)
                      ; - jdk.internal.loader.URLClassPath$JarLoader$2::getManifest@22 (line 853)
                      ; - jdk.internal.loader.BuiltinClassLoader::defineClass@29 (line 848)
                      ; - jdk.internal.loader.BuiltinClassLoader::findClassOnClassPathOrNull@37 (line 760)
  0x00000224ed84599c: a02a 94f8 

  0x00000224ed8459a0: ;   {other}
  0x00000224ed8459a0: 0f1f 8400 | 1043 0031 | 4889 4424 | 3849 8b87 | b801 0000 | 4c8b d049 | 83c2 180f | 1f44 0000 
  0x00000224ed8459c0: 4d3b 97c8 | 0100 000f | 83bf 2800 | 004d 8997 | b801 0000 | 410f 0d8a | 0001 0000 | 48c7 0001 
  0x00000224ed8459e0: ;   {metadata('java/util/jar/Manifest')}
  0x00000224ed8459e0: 0000 00c7 | 4008 80ee | 0400 4489 | 600c 4c89 | 6010 4c8b | d84c 8bc5 | 458b 4814 | 498b afb8 
  0x00000224ed845a00: 0100 004c | 8bd5 4983 | c210 4d3b | 97c8 0100 | 000f 8396 | 2800 004d | 8997 b801 | 0000 410f 
  0x00000224ed845a20: 0d8a 0001 | 0000 48c7 | 4500 0100 

  0x00000224ed845a2c: ;   {metadata('java/util/jar/Attributes')}
  0x00000224ed845a2c: 0000 c745 | 08a8 d216 | 0044 8965 | 0c4c 8944 | 2448 4c89 | 5c24 5844 | 894c 2444 | ba10 0000 
  0x00000224ed845a4c: 0066 6690 

  0x00000224ed845a50: ;   {static_call}
  0x00000224ed845a50: c5f8 77e8 

  0x00000224ed845a54: ; ImmutableOopMap {rbp=Oop [32]=Oop [40]=Oop [48]=Oop [56]=Oop [64]=NarrowOop [68]=NarrowOop [72]=Oop [80]=Oop [88]=Oop [128]=Oop }
                      ;*invokestatic newLinkedHashMap {reexecute=0 rethrow=0 return_oop=1}
                      ; - java.util.jar.Attributes::<init>@6 (line 83)
                      ; - java.util.jar.Attributes::<init>@3 (line 73)
                      ; - java.util.jar.Manifest::<init>@9 (line 55)
                      ; - java.util.jar.Manifest::<init>@4 (line 88)
                      ; - java.util.jar.JarFile::getManifestFromReference@143 (line 432)
                      ; - java.util.jar.JarFile::getManifest@1 (line 405)
                      ; - jdk.internal.loader.URLClassPath$JarLoader$2::getManifest@22 (line 853)
                      ; - jdk.internal.loader.BuiltinClassLoader::defineClass@29 (line 848)
                      ; - jdk.internal.loader.BuiltinClassLoader::findClassOnClassPathOrNull@37 (line 760)
  0x00000224ed845a54: 7362 0000 

  0x00000224ed845a58: ;   {other}
  0x00000224ed845a58: 0f1f 8400 | c843 0032 | 488b d841 | 807f 4000 | 0f85 0d22 | 0000 4c8b | d34d 8bda | 49c1 eb03 
  0x00000224ed845a78: 4489 5d0c | 448b 4424 | 444d 8bd8 | 49c1 e303 | 4c89 5c24 | 6048 8bfd | 48c1 ef03 | 4c8b dd4d 
  0x00000224ed845a98: 33d3 49c1 | ea15 6690 | 4d85 d274 | 2448 85db | 741f 49c1 | eb09 48b9 | 0090 6af1 | 2402 0000 
  0x00000224ed845ab8: 4903 cb0f | 1f44 0000 | 8039 020f | 8585 2400 | 0041 807f | 4000 0f85 | 1c22 0000 | 4c8b 4424 
  0x00000224ed845ad8: 5841 8978 | 0c4c 8bd5 | 4d8b d84d | 33d3 49c1 | ea15 4d85 | d274 1a49 | c1eb 0948 | b900 906a 
  0x00000224ed845af8: f124 0200 | 0049 03cb | 8039 020f | 8540 2300 | 004d 8b8f | b801 0000 | 4d8b d149 | 83c2 3066 
  0x00000224ed845b18: 0f1f 8400 | 0000 0000 | 4d3b 97c8 | 0100 000f | 83b8 2700 | 004d 8997 | b801 0000 | 410f 0d8a 
  0x00000224ed845b38: 0001 0000 | 49c7 0101 

  0x00000224ed845b40: ;   {metadata('java/util/HashMap')}
  0x00000224ed845b40: 0000 0041 | c741 08d0 | cc08 0045 | 8961 0c4d | 8961 104d | 8961 184d | 8961 2849 | c741 2000 
  0x00000224ed845b60: 0040 3f41 | 807f 4000 | 0f85 4521 | 0000 4d8b | d149 c1ea | 0345 8950 | 104d 8bd0 | 4d8b d94d 
  0x00000224ed845b80: 33da 49c1 | eb15 4d85 | db74 1e49 | c1ea 0948 | b900 906a | f124 0200 | 0049 03ca | 0f1f 4000 
  0x00000224ed845ba0: 8039 020f | 8547 2200 | 0049 8be8 | 498b d04c | 8b44 2438 | 4c8b 4c24 | 6066 6690 

  0x00000224ed845bbc: ;   {optimized virtual_call}
  0x00000224ed845bbc: c5f8 77e8 

  0x00000224ed845bc0: ; ImmutableOopMap {rbp=Oop [32]=Oop [40]=Oop [48]=Oop [56]=Oop [64]=NarrowOop [72]=Oop [80]=Oop [128]=Oop }
                      ;*invokevirtual read {reexecute=0 rethrow=0 return_oop=0}
                      ; - java.util.jar.Manifest::<init>@29 (line 101)
                      ; - java.util.jar.Manifest::<init>@4 (line 88)
                      ; - java.util.jar.JarFile::getManifestFromReference@143 (line 432)
                      ; - java.util.jar.JarFile::getManifest@1 (line 405)
                      ; - jdk.internal.loader.URLClassPath$JarLoader$2::getManifest@22 (line 853)
                      ; - jdk.internal.loader.BuiltinClassLoader::defineClass@29 (line 848)
                      ; - jdk.internal.loader.BuiltinClassLoader::findClassOnClassPathOrNull@37 (line 760)
  0x00000224ed845bc0: f860 0000 

  0x00000224ed845bc4: ;   {other}
  0x00000224ed845bc4: 0f1f 8400 | 3445 0033 | 4180 7f40 | 000f 855e | 2100 004c | 8bd5 4589 | 6214 4c8b | 5c24 3845 
  0x00000224ed845be4: ;   {metadata('java/util/zip/ZipFile$ZipFileInflaterInputStream')}
  0x00000224ed845be4: 8b43 0841 | 81f8 88dd | 3100 0f85 | e043 0000 | 498b ea49 | 8bd3 6690 

  0x00000224ed845bfc: ;   {optimized virtual_call}
  0x00000224ed845bfc: c5f8 77e8 

  0x00000224ed845c00: ; ImmutableOopMap {rbp=Oop [32]=Oop [40]=Oop [48]=Oop [64]=NarrowOop [72]=Oop [80]=Oop [128]=Oop }
                      ;*invokevirtual close {reexecute=0 rethrow=0 return_oop=0}
                      ; - java.util.jar.JarFile::getManifestFromReference@152 (line 433)
                      ; - java.util.jar.JarFile::getManifest@1 (line 405)
                      ; - jdk.internal.loader.URLClassPath$JarLoader$2::getManifest@22 (line 853)
                      ; - jdk.internal.loader.BuiltinClassLoader::defineClass@29 (line 848)
                      ; - jdk.internal.loader.BuiltinClassLoader::findClassOnClassPathOrNull@37 (line 760)
  0x00000224ed845c00: dc30 ffff 

  0x00000224ed845c04: ;   {other}
  0x00000224ed845c04: 0f1f 8400 | 7445 0034 | 4d8b 87b8 | 0100 004d | 8bd0 4983 | c228 660f | 1f44 0000 | 4d3b 97c8 
  0x00000224ed845c24: 0100 000f | 83e2 2600 | 004d 8997 | b801 0000 | 410f 0d8a | 0001 0000 | 49c7 0001 

  0x00000224ed845c40: ;   {metadata('java/lang/ref/SoftReference')}
  0x00000224ed845c40: 0000 0041 | c740 08b0 | d103 0045 | 8960 0c4d | 8960 104d | 8960 184d | 8960 204c | 8bed 4c8b 
  0x00000224ed845c60: d549 c1ea | 0345 8950 | 0c41 807f | 4000 0f85 | ff20 0000 

  0x00000224ed845c74: ;   {oop(a 'java/lang/ref/ReferenceQueue$Null'{0x0000000702cd44d8})}
  0x00000224ed845c74: 41c7 4010 | 9ba8 59e0 | 4d8b d049 | 8bd8 48c1 

  0x00000224ed845c84: ;   {oop(a 'java/lang/ref/ReferenceQueue$Null'{0x0000000702cd44d8})}
  0x00000224ed845c84: eb03 49bb | d844 cd02 | 0700 0000 | 4d33 da49 | c1eb 154d | 85db 741a | 49c1 ea09 | 48b9 0090 
  0x00000224ed845ca4: 6af1 2402 | 0000 4903 | ca80 3902 | 0f85 f021 | 0000 f083 | 4424 c000 | 0f1f 4000 | 4180 7f40 
  0x00000224ed845cc4: 000f 85e5 | 2000 004c | 8b4c 2448 | 4189 5928 

  0x00000224ed845cd4: ;   {oop(a 'java/lang/Class'{0x0000000702cd4450} = 'java/lang/ref/SoftReference')}
  0x00000224ed845cd4: 49ba 5044 | cd02 0700 | 0000 4d8b | 5270 4d89 | 5020 4d8b | d04d 8bd9 | 4d33 d349 | c1ea 154d 
  0x00000224ed845cf4: 85d2 741a | 49c1 eb09 | 48b9 0090 | 6af1 2402 | 0000 4903 | cb80 3902 | 0f85 eb21 | 0000 4d8b 
  0x00000224ed845d14: d54c 8b5c | 2428 4c89 | 5c24 484c | 8b5c 2420 | 4c89 5c24 | 384c 8b5c | 2430 4c89 | 5c24 7044 
  0x00000224ed845d34: 8b44 2440 | 4489 4424 | 7866 6690 | e992 cfff | ff45 33db | e999 e5ff | ff4c 8b9c | 2488 0000 
  0x00000224ed845d54: 0048 8d84 | 2408 0100 | 0048 8338 | 000f 8479 | 0000 004d | 8b13 41f6 | c202 0f84 | 6200 0000 
  0x00000224ed845d74: 4983 ba86 | 0000 0000 | 7409 49ff | 8a86 0000 | 00eb 4b49 | 8b82 9600 | 0000 490b | 828e 0000 
  0x00000224ed845d94: 0075 0a49 | c742 3e00 | 0000 00eb | 3d49 83ba | 9e00 0000 | 0074 2248 | 33c0 49c7 | 423e 0000 
  0x00000224ed845db4: 0000 f083 | 0424 0049 | 83ba 9e00 | 0000 0075 | 0df0 4d0f | b17a 3e75 | 0583 c801 

  0x00000224ed845dd0: ;   {no_reloc}
  0x00000224ed845dd0: eb0c a800 | eb08 4c8b | 10f0 4d0f | b113 750a | 49ff 8f50 | 0500 0045 | 33d2 0f85 | 3042 0000 
  0x00000224ed845df0: 498b 87b8 | 0100 004c | 8bd0 4983 | c240 6690 | 4d3b 97c8 | 0100 000f | 834f 2500 | 004d 8997 
  0x00000224ed845e10: b801 0000 | 410f 0d8a | 0001 0000 | 48c7 0001 

  0x00000224ed845e20: ;   {metadata('java/util/zip/Inflater')}
  0x00000224ed845e20: 0000 00c7 | 4008 181d | 3600 4489 | 600c 4c89 | 6010 4c89 | 6018 4c89 | 6020 4c89 | 6028 4489 
  0x00000224ed845e40: 6030 4c89 

  0x00000224ed845e44: ;   {oop(a 'java/nio/HeapByteBuffer'{0x0000000702cd4510})}
  0x00000224ed845e44: 6038 c740 | 34a2 a859 | e04c 8bd8 | 498b 87b8 | 0100 004c | 8bd0 4983 | c218 6690 | 4d3b 97c8 
  0x00000224ed845e64: 0100 000f | 8310 2500 | 004d 8997 | b801 0000 | 410f 0d8a | 0001 0000 | 48c7 0001 

  0x00000224ed845e80: ;   {metadata('java/util/zip/Inflater$InflaterZStreamRef')}
  0x00000224ed845e80: 0000 00c7 | 4008 2036 | 3600 4489 | 600c 4c89 | 6010 498b | eb4c 8bd0 | 4c89 9424 | 8800 0000 
  0x00000224ed845ea0: ba01 0000 | 0066 6690 

  0x00000224ed845ea8: ;   {static_call}
  0x00000224ed845ea8: c5f8 77e8 

  0x00000224ed845eac: ; ImmutableOopMap {rbp=Oop [48]=Oop [60]=NarrowOop [64]=Oop [72]=Oop [80]=NarrowOop [84]=NarrowOop [88]=Oop [96]=Oop [104]=Oop [112]=Oop [120]=NarrowOop [136]=Oop [144]=Oop [152]=Oop }
                      ;*invokestatic init {reexecute=0 rethrow=0 return_oop=0}
                      ; - java.util.zip.Inflater::<init>@18 (line 134)
                      ; - java.util.zip.ZipFile$CleanableResource::getInflater@43 (line 742)
                      ; - java.util.zip.ZipFile$ZipFileInflaterInputStream::<init>@5 (line 434)
                      ; - java.util.zip.ZipFile::getInputStream@216 (line 401)
                      ; - java.util.jar.JarFile::getInputStream@21 (line 856)
                      ; - jdk.internal.loader.URLClassPath$JarLoader$2::getInputStream@11 (line 848)
                      ; - jdk.internal.loader.Resource::cachedInputStream@9 (line 77)
                      ; - jdk.internal.loader.Resource::getByteBuffer@1 (line 163)
                      ; - jdk.internal.loader.BuiltinClassLoader::defineClass@45 (line 853)
                      ; - jdk.internal.loader.BuiltinClassLoader::findClassOnClassPathOrNull@37 (line 760)
  0x00000224ed845eac: d091 2dff 

  0x00000224ed845eb0: ;   {other}
  0x00000224ed845eb0: 0f1f 8400 | 2048 0035 | 4889 8424 | a000 0000 

  0x00000224ed845ec0: ;   {oop(a 'java/lang/ref/Cleaner'{0x00000007013f3670})}
  0x00000224ed845ec0: 48ba 7036 | 3f01 0700 | 0000 4c8b | c54c 8b8c | 2488 0000 | 0066 6690 

  0x00000224ed845ed8: ;   {optimized virtual_call}
  0x00000224ed845ed8: c5f8 77e8 

  0x00000224ed845edc: ; ImmutableOopMap {rbp=Oop [48]=Oop [60]=NarrowOop [64]=Oop [72]=Oop [80]=NarrowOop [84]=NarrowOop [88]=Oop [96]=Oop [104]=Oop [112]=Oop [120]=NarrowOop [136]=Oop [144]=Oop [152]=Oop }
                      ;*invokevirtual register {reexecute=0 rethrow=0 return_oop=1}
                      ; - java.util.zip.Inflater$InflaterZStreamRef::<init>@14 (line 763)
                      ; - java.util.zip.Inflater::<init>@21 (line 134)
                      ; - java.util.zip.ZipFile$CleanableResource::getInflater@43 (line 742)
                      ; - java.util.zip.ZipFile$ZipFileInflaterInputStream::<init>@5 (line 434)
                      ; - java.util.zip.ZipFile::getInputStream@216 (line 401)
                      ; - java.util.jar.JarFile::getInputStream@21 (line 856)
                      ; - jdk.internal.loader.URLClassPath$JarLoader$2::getInputStream@11 (line 848)
                      ; - jdk.internal.loader.Resource::cachedInputStream@9 (line 77)
                      ; - jdk.internal.loader.Resource::getByteBuffer@1 (line 163)
                      ; - jdk.internal.loader.BuiltinClassLoader::defineClass@45 (line 853)
                      ; - jdk.internal.loader.BuiltinClassLoader::findClassOnClassPathOrNull@37 (line 760)
  0x00000224ed845edc: a08b 2dff 

  0x00000224ed845ee0: ;   {other}
  0x00000224ed845ee0: 0f1f 8400 | 5048 0036 | 488b d841 | 807f 4000 | 0f85 f420 | 0000 4c8b | db49 c1eb | 034c 8b94 
  0x00000224ed845f00: 2488 0000 | 0045 895a | 0c49 8bfa | 48c1 ef03 | 4c8b db4d | 33da 49c1 | eb15 660f | 1f44 0000 
  0x00000224ed845f20: 4d85 db74 | 2448 85db | 741f 49c1 | ea09 48b9 | 0090 6af1 | 2402 0000 | 4903 ca0f | 1f44 0000 
  0x00000224ed845f40: 8039 020f | 853c 2100 | 004c 8b9c | 2488 0000 | 004c 8b94 | 24a0 0000 | 004d 8953 | 1066 6690 
  0x00000224ed845f60: 4180 7f40 | 000f 853a | 2000 004c | 8bc5 4189 | 7830 4d8b | d34d 8bd8 | 4d33 d349 | c1ea 1590 
  0x00000224ed845f80: 4d85 d274 | 1a49 c1eb | 0948 b900 | 906a f124 | 0200 0049 | 03cb 8039 | 020f 8594 | 2000 004d 
  0x00000224ed845fa0: 8bd8 e90d | e4ff ff44 | 8b54 2440 | 438b 6cd4 | 3c48 8b74 | 2420 448b | 6c24 284c | 8b5c 2438 
  0x00000224ed845fc0: 448b 5424 | 2c48 8b4c | 2460 8b5c | 2444 8b44 | 2458 85db | 0f84 7440 | 0000 8944 

  0x00000224ed845fdc: ;   {no_reloc}
  0x00000224ed845fdc: 245c 4889 | 4c24 6044 | 8954 2458 | 4c89 5c24 | 5044 896c | 242c 4c8b | 5424 304c | 8954 2440 
  0x00000224ed845ffc: 4c8b 9424 | 9000 0000 | 4c89 5424 | 3848 8974 | 2430 448b | 5c24 7844 | 895c 2428 | 4c8b 5424 
  0x00000224ed84601c: 484c 8954 | 2420 4c8b | c549 c1e0 | 0349 8d14 | dc8b eb45 | 33c9 6690 

  0x00000224ed846034: ;   {optimized virtual_call}
  0x00000224ed846034: c5f8 77e8 

  0x00000224ed846038: ; ImmutableOopMap {rbp=NarrowOop [32]=Oop [40]=NarrowOop [56]=Oop [64]=Oop [80]=Oop [88]=NarrowOop [92]=NarrowOop [96]=Oop [112]=Oop }
                      ;*invokevirtual getEntryPos {reexecute=0 rethrow=0 return_oop=0}
                      ; - java.util.zip.ZipFile::getInputStream@63 (line 379)
                      ; - java.util.jar.JarFile::getInputStream@21 (line 856)
                      ; - jdk.internal.loader.URLClassPath$JarLoader$2::getInputStream@11 (line 848)
                      ; - jdk.internal.loader.Resource::cachedInputStream@9 (line 77)
                      ; - jdk.internal.loader.Resource::getByteBuffer@1 (line 163)
                      ; - jdk.internal.loader.BuiltinClassLoader::defineClass@45 (line 853)
                      ; - jdk.internal.loader.BuiltinClassLoader::findClassOnClassPathOrNull@37 (line 760)
  0x00000224ed846038: 448a 2dff 

  0x00000224ed84603c: ;   {other}
  0x00000224ed84603c: 0f1f 8400 | ac49 0037 | 448b c84c | 8b54 2420 | 4c89 5424 | 4844 8b54 | 2428 4489 | 5424 7848 
  0x00000224ed84605c: 8b74 2430 | 4c8b 5424 | 384c 8994 | 2490 0000 | 004c 8b54 | 2440 4c89 | 5424 3044 | 8b6c 242c 
  0x00000224ed84607c: 4c8b 5c24 | 5044 8b54 | 2458 488b | 4c24 608b | dd8b 4424 | 5c45 8bc1 | e957 deff | ff4c 894c 
  0x00000224ed84609c: 2458 4489 | 5c24 444c | 8954 2450 | 4c8b 5424 | 704c 8954 | 2430 4c8b | 5424 384c | 8954 2420 
  0x00000224ed8460bc: 4c8b 5424 | 484c 8954 | 2428 498b | d141 b801 | 0000 0048 | 8b6c 2438 | 4c8b 5424 | 504c 8954 
  0x00000224ed8460dc: 2438 6690 

  0x00000224ed8460e0: ;   {optimized virtual_call}
  0x00000224ed8460e0: c5f8 77e8 

  0x00000224ed8460e4: ; ImmutableOopMap {rbp=Oop [32]=Oop [40]=Oop [48]=Oop [56]=Oop [68]=NarrowOop [80]=Oop [88]=Oop [120]=NarrowOop [128]=Oop }
                      ;*invokevirtual getManifestName {reexecute=0 rethrow=0 return_oop=1}
                      ; - java.util.zip.ZipFile$1::getManifestName@2 (line 1129)
                      ; - java.util.jar.JarFile::maybeInstantiateVerifier@20 (line 722)
                      ; - java.util.jar.JarFile::ensureInitialization@1 (line 1064)
                      ; - java.util.jar.JavaUtilJarAccessImpl::ensureInitialization@1 (line 42)
                      ; - jdk.internal.loader.URLClassPath$JarLoader$2::getManifest@10 (line 852)
                      ; - jdk.internal.loader.BuiltinClassLoader::defineClass@29 (line 848)
                      ; - jdk.internal.loader.BuiltinClassLoader::findClassOnClassPathOrNull@37 (line 760)
  0x00000224ed8460e4: 98d6 05f8 

  0x00000224ed8460e8: ;   {other}
  0x00000224ed8460e8: 0f1f 8400 | 584a 0038 | 4885 c00f | 851b 4100 | 0044 8b5c | 2444 4788 | 64dc 1243 | 8b6c dc30 
  0x00000224ed846108: 85ed 0f85 | 3441 0000 | 4c8b 5424 | 284c 8954 | 2448 4c8b | 5424 204c | 8954 2438 | 4c8b 5424 
  0x00000224ed846128: 304c 8954 | 2470 4c8b | 5424 504c | 8b4c 2458 | e97a caff | ff49 8bd0 | e947 d6ff | ff48 8bd8 
  0x00000224ed846148: eb0d 488b | d8eb 0848 | 8bd8 eb03 | 488b d84c | 8b5c 2458 | 488d 8424 | 0801 0000 | 4883 3800 
  0x00000224ed846168: 0f84 7900 | 0000 4d8b | 1341 f6c2 | 020f 8462 | 0000 0049 | 83ba 8600 | 0000 0074 | 0949 ff8a 
  0x00000224ed846188: 8600 0000 | eb4b 498b | 8296 0000 | 0049 0b82 | 8e00 0000 | 750a 49c7 | 423e 0000 | 0000 eb3d 
  0x00000224ed8461a8: 4983 ba9e | 0000 0000 | 7422 4833 | c049 c742 | 3e00 0000 | 00f0 8304 | 2400 4983 | ba9e 0000 
  0x00000224ed8461c8: 0000 750d | f04d 0fb1 | 7a3e 7505 | 83c8 01eb | 0ca8 00eb | 084c 8b10 | f04d 0fb1 

  0x00000224ed8461e4: ;   {no_reloc}
  0x00000224ed8461e4: 1375 0a49 | ff8f 5005 | 0000 4533 | d20f 852e | 4400 004c | 8b5c 2460 | 488d 8424 | f800 0000 
  0x00000224ed846204: 4883 3800 | 0f84 7900 | 0000 4d8b | 1341 f6c2 | 020f 8462 | 0000 0049 | 83ba 8600 | 0000 0074 
  0x00000224ed846224: 0949 ff8a | 8600 0000 | eb4b 498b | 8296 0000 | 0049 0b82 | 8e00 0000 | 750a 49c7 | 423e 0000 
  0x00000224ed846244: 0000 eb3d | 4983 ba9e | 0000 0000 | 7422 4833 | c049 c742 | 3e00 0000 | 00f0 8304 | 2400 4983 
  0x00000224ed846264: ba9e 0000 | 0000 750d | f04d 0fb1 | 7a3e 7505 | 83c8 01eb | 0ca8 00eb | 084c 8b10 | f04d 0fb1 
  0x00000224ed846284: 1375 0a49 | ff8f 5005 | 0000 4533 | d20f 8561 | 4300 004c | 8b5c 2470 | 488d 8424 | f000 0000 
  0x00000224ed8462a4: 4883 3800 | 0f84 7900 | 0000 4d8b | 1341 f6c2 | 020f 8462 | 0000 0049 | 83ba 8600 | 0000 0074 
  0x00000224ed8462c4: 0949 ff8a | 8600 0000 | eb4b 498b | 8296 0000 | 0049 0b82 | 8e00 0000 | 750a 49c7 | 423e 0000 
  0x00000224ed8462e4: ;   {no_reloc}
  0x00000224ed8462e4: 0000 eb3d | 4983 ba9e | 0000 0000 | 7422 4833 | c049 c742 | 3e00 0000 | 00f0 8304 | 2400 4983 
  0x00000224ed846304: ba9e 0000 | 0000 750d | f04d 0fb1 | 7a3e 7505 | 83c8 01eb | 0ca8 00eb | 084c 8b10 | f04d 0fb1 
  0x00000224ed846324: 1375 0a49 | ff8f 5005 | 0000 4533 | d20f 8594 | 4200 0044 | 8b53 0849 | b800 0000 | 8024 0200 
  0x00000224ed846344: 004d 03c2 | 4d8b 5048 

  0x00000224ed84634c: ;   {metadata('java/io/IOException')}
  0x00000224ed84634c: 49bb 4048 | 0481 2402 | 0000 4d3b | d30f 8501 | 1900 0033 | c0e9 a2ea | ffff 4889 | 5424 6848 
  0x00000224ed84636c: 894c 2460 | 4489 4424 | 5c44 8954 | 2458 4c89 | 5c24 5044 | 896c 243c | 4c8b 5424 | 304c 8954 
  0x00000224ed84638c: 2440 4c8b | 9424 9000 | 0000 4c89 | 5424 3048 | 8974 2420 | 448b 5c24 | 7844 895c | 2438 4c8b 
  0x00000224ed8463ac: 5424 484c | 8954 2428 | 488b d141 | b801 0000 | 0048 8bac | 2490 0000 | 0066 6690 

  0x00000224ed8463c8: ;   {optimized virtual_call}
  0x00000224ed8463c8: c5f8 77e8 

  0x00000224ed8463cc: ; ImmutableOopMap {rbp=Oop [40]=Oop [48]=Oop [56]=NarrowOop [64]=Oop [80]=Oop [88]=NarrowOop [92]=NarrowOop [96]=Oop [104]=Oop [112]=Oop }
                      ;*invokevirtual getManifestName {reexecute=0 rethrow=0 return_oop=1}
                      ; - java.util.zip.ZipFile$1::getManifestName@2 (line 1129)
                      ; - java.util.jar.JarFile::maybeInstantiateVerifier@20 (line 722)
                      ; - java.util.jar.JarFile::getInputStream@9 (line 854)
                      ; - jdk.internal.loader.URLClassPath$JarLoader$2::getInputStream@11 (line 848)
                      ; - jdk.internal.loader.Resource::cachedInputStream@9 (line 77)
                      ; - jdk.internal.loader.Resource::getByteBuffer@1 (line 163)
                      ; - jdk.internal.loader.BuiltinClassLoader::defineClass@45 (line 853)
                      ; - jdk.internal.loader.BuiltinClassLoader::findClassOnClassPathOrNull@37 (line 760)
  0x00000224ed8463cc: b086 2dff 

  0x00000224ed8463d0: ;   {other}
  0x00000224ed8463d0: 0f1f 8400 | 404d 0039 | 4885 c00f | 1f44 0000 | 0f85 ba3e | 0000 448b | 5424 5847 | 8864 d412 
  0x00000224ed8463f0: 438b 6cd4 | 3085 ed0f | 856b 3e00 | 004c 8b5c | 2428 4c89 | 5c24 4844 | 8b44 2438 | 4489 4424 
  0x00000224ed846410: 7848 8b74 | 2420 4c8b | 5c24 304c | 899c 2490 | 0000 004c | 8b5c 2440 | 4c89 5c24 | 3044 8b6c 
  0x00000224ed846430: 243c 4c8b | 5c24 5044 | 8b44 245c | 488b 4c24 | 6048 8b54 | 2468 e9e4 | d9ff ff45 | 33db 4533 
  0x00000224ed846450: d2e9 73f1 | ffff 41b9 | 0020 0000 | 0f1f 4000 | e908 ddff 

  0x00000224ed846464: ;   {oop(""{0x0000000702cd44f8})}
  0x00000224ed846464: ff48 bbf8 | 44cd 0207 | 0000 00e9 | 59c6 ffff | 85ed 0f84 | 1dc8 ffff | 4d8b 5f28 | 488b cd48 
  0x00000224ed846484: c1e1 034d | 85db 0f84 | 5029 0000 | 4d8b 4738 | 4b89 4c18 | f849 83c3 | f84d 895f | 28e9 f3c7 
  0x00000224ed8464a4: ffff 448b | 5314 4585 | d20f 84dc | c5ff ff4d | 8b5f 2849 | 8bca 48c1 | e103 6690 | 4d85 db0f 
  0x00000224ed8464c4: 845d 2d00 | 004d 8b57 | 384b 894c | 1af8 4983 | c3f8 4d89 | 5f28 e9b0 | c5ff ff4d | 8b57 484d 
  0x00000224ed8464e4: 8b5f 58f0 | 8344 24c0 | 0080 3900 | 0f84 d3c5 | ffff 4488 | 214d 85d2 | 7520 498b | d7c5 f877 
  0x00000224ed846504: 49ba b001 | 8de5 fc7f | 0000 41ff 

  0x00000224ed846510: ;   {other}
  0x00000224ed846510: d20f 1f84 | 0000 0000 | 00e9 abc5 | ffff 4b89 | 4c13 f849 | 83c2 f84d | 8957 48e9 | 99c5 ffff 
  0x00000224ed846530: 4c8b 5424 | 7045 8b5a | 0c45 85db | 0f1f 4000 | 0f84 78e6 | ffff 4d8b | 5728 498b | cb48 c1e1 
  0x00000224ed846550: 034d 85d2 | 0f84 522e | 0000 4d8b | 5f38 4b89 | 4c13 f849 | 83c2 f84d | 8957 28e9 | 4ee6 ffff 
  0x00000224ed846570: 4d8b 5748 | 4d8b 5f58 | f083 4424 | c000 6690 | 4180 3800 | 0f84 71e6 | ffff 4588 | 204d 85d2 
  0x00000224ed846590: 7523 498b | c849 8bd7 | c5f8 7749 | bab0 018d | e5fc 7f00 | 0041 ffd2 

  0x00000224ed8465a8: ;   {other}
  0x00000224ed8465a8: 0f1f 8400 | 0000 0000 | e946 e6ff | ff4f 8944 | 13f8 4983 | c2f8 4d89 | 5748 e934 | e6ff ff4c 
  0x00000224ed8465c8: 8bc5 448b | 5520 4585 | d20f 84e9 | deff ff49 | 8bf9 4d8b | 5f28 498b | ca48 c1e1 | 034d 85db 
  0x00000224ed8465e8: 0f84 de2d | 0000 4d8b | 5738 4b89 | 4c1a f849 | 83c3 f84d | 895f 284c | 8bc5 4c8b | cfe9 b6de 
  0x00000224ed846608: ffff 448b | 5d0c 4585 | db0f 8403 | deff ff4d | 8b57 2849 | 8bcb 48c1 | e103 4d85 | d20f 84e1 
  0x00000224ed846628: 2d00 004d | 8b5f 384b | 894c 13f8 | 4983 c2f8 | 4d89 5728 | 0f1f 4000 | e9d5 ddff | ff48 8b6c 
  0x00000224ed846648: 2468 448b | 552c 4585 | d274 2b49 | 8bfb 4d8b | 5f28 498b | ca48 c1e1 | 034d 85db | 0f84 822d 
  0x00000224ed846668: 0000 4d8b | 5738 4b89 | 4c1a f849 | 83c3 f84d | 895f 284c | 8bdf 4c89 | 9c24 e000 | 0000 e941 
  0x00000224ed846688: ddff ff45 | 8b58 1845 | 85db 0f84 | 7bde ffff | 4d8b 5728 | 498b cb48 | c1e1 034d 

  0x00000224ed8466a4: ;   {no_reloc}
  0x00000224ed8466a4: 85d2 0f84 | 802d 0000 | 8bfb 498b | d84d 8b5f | 384b 894c | 13f8 4983 | c2f8 4d89 | 5728 4c8b 
  0x00000224ed8466c4: c38b dfe9 | 47de ffff | 498b d84c | 8b54 2458 | 458b 5a1c | 4585 db74 | 254d 8b57 | 2849 8bcb 
  0x00000224ed8466e4: 48c1 e103 | 4d85 d20f | 8460 2d00 | 004d 8b5f | 384b 894c | 13f8 4983 | c2f8 4d89 | 5728 4c8b 
  0x00000224ed846704: c3e9 4cdf | ffff 4c8b | 4424 5845 | 8b50 2845 | 85d2 0f84 | b4e0 ffff | 4d8b 5f28 | 498b ca48 
  0x00000224ed846724: c1e1 034d | 85db 0f84 | 412d 0000 | 4d8b 5738 | 4b89 4c1a | f849 83c3 | f84d 895f | 28e9 8ae0 
  0x00000224ed846744: ffff 4c8b | 4c24 6845 | 8b59 2845 | 85db 0f84 | 20e0 ffff | 4d8b 5728 | 498b cb48 | c1e1 034d 
  0x00000224ed846764: 85d2 0f84 | 312d 0000 | 4d8b 5f38 | 4b89 4c13 | f849 83c2 | f84d 8957 | 2866 6690 | e9f3 dfff 
  0x00000224ed846784: ff4c 8b84 | 2498 0000 | 0045 8b18 | 4585 db0f | 847a e2ff | ff4d 8b57 | 2849 8bcb | 48c1 e103 
  0x00000224ed8467a4: ;   {no_reloc}
  0x00000224ed8467a4: 4d85 d20f | 8418 2d00 | 004d 8b5f | 384b 894c | 13f8 4983 | c2f8 4d89 | 5728 6690 | e94e e2ff 
  0x00000224ed8467c4: ff4d 8b57 | 484d 8b5f | 58f0 8344 | 24c0 0080 | 3900 0f84 | d6d7 ffff | 4488 2190 | 4d85 d275 
  0x00000224ed8467e4: 2049 8bd7 | c5f8 7749 | bab0 018d | e5fc 7f00 | 0041 ffd2 

  0x00000224ed8467f8: ;   {other}
  0x00000224ed8467f8: 0f1f 8400 | 0000 0000 | e9ad d7ff | ff4b 894c | 13f8 4983 | c2f8 4d89 | 5748 e99b | d7ff ff4d 
  0x00000224ed846818: 8b57 484d | 8b5f 58f0 | 8344 24c0 | 0080 3900 | 0f84 e1db | ffff 4488 | 214d 85d2 | 7520 498b 
  0x00000224ed846838: d7c5 f877 | 49ba b001 | 8de5 fc7f | 0000 41ff 

  0x00000224ed846848: ;   {other}
  0x00000224ed846848: d20f 1f84 | 0000 0000 | 00e9 b9db | ffff 4b89 | 4c13 f849 | 83c2 f84d | 8957 48e9 | a7db ffff 
  0x00000224ed846868: 498b d84d | 8b57 584d | 8b5f 48f0 | 8344 24c0 | 0080 3900 | 7432 4488 | 214d 85db | 740f 4b89 
  0x00000224ed846888: 4c1a f849 | 83c3 f84d | 895f 48eb | 1b49 8bd7 | c5f8 7749 | bab0 018d | e5fc 7f00 | 0041 ffd2 
  0x00000224ed8468a8: ;   {other}
  0x00000224ed8468a8: 0f1f 8400 | 0000 0000 | 4c8b c3e9 | 3fdc ffff | 4d8b 5748 | 4d8b 5f58 | f083 4424 | c000 8039 
  0x00000224ed8468c8: 000f 847c | dbff ff44 | 8821 4d85 | d275 2049 | 8bd7 c5f8 | 7749 bab0 | 018d e5fc | 7f00 0041 
  0x00000224ed8468e8: ;   {other}
  0x00000224ed8468e8: ffd2 0f1f | 8400 0000 | 0000 e954 | dbff ff4b | 894c 13f8 | 4983 c2f8 | 4d89 5748 | e942 dbff 
  0x00000224ed846908: ff4d 8b57 | 584d 8b5f | 48f0 8344 | 24c0 0080 | 3900 660f | 1f44 0000 | 0f84 6cdd | ffff 4488 
  0x00000224ed846928: 214d 85db | 7520 498b | d7c5 f877 | 49ba b001 | 8de5 fc7f | 0000 41ff 

  0x00000224ed846940: ;   {other}
  0x00000224ed846940: d20f 1f84 | 0000 0000 | 00e9 44dd | ffff 4b89 | 4c1a f849 | 83c3 f84d | 895f 480f | 1f44 0000 
  0x00000224ed846960: e92d ddff | ff4d 8b57 | 484d 8b5f | 58f0 8344 | 24c0 0080 | 3900 0f84 | e3db ffff | 4488 2190 
  0x00000224ed846980: 4d85 d275 | 2049 8bd7 | c5f8 7749 | bab0 018d | e5fc 7f00 | 0041 ffd2 

  0x00000224ed846998: ;   {other}
  0x00000224ed846998: 0f1f 8400 | 0000 0000 | e9ba dbff | ff4b 894c | 13f8 4983 | c2f8 4d89 | 5748 e9a8 | dbff ff4d 
  0x00000224ed8469b8: 8b57 484d | 8b5f 58f0 | 8344 24c0 | 0080 3900 | 0f84 38de | ffff 4488 | 214d 85d2 | 7526 498b 
  0x00000224ed8469d8: d849 8bd7 | c5f8 7749 | bab0 018d | e5fc 7f00 | 0041 ffd2 

  0x00000224ed8469ec: ;   {other}
  0x00000224ed8469ec: 0f1f 8400 | 0000 0000 | 4c8b c3e9 | 0ade ffff | 4b89 4c13 | f849 83c2 | f84d 8957 | 48e9 f8dd 
  0x00000224ed846a0c: ffff 4d8b | 5748 4d8b | 5f58 f083 | 4424 c000 | 0f1f 4000 | 8039 000f | 848d ddff | ff44 8821 
  0x00000224ed846a2c: 4d85 d275 | 2649 8bd9 | 498b d7c5 | f877 49ba | b001 8de5 | fc7f 0000 

  0x00000224ed846a44: ;   {other}
  0x00000224ed846a44: 41ff d20f | 1f84 0000 | 0000 004c | 8bcb e95f | ddff ff4b | 894c 13f8 | 4983 c2f8 | 4d89 5748 
  0x00000224ed846a64: e94d ddff | ff4d 8b57 | 484d 8b5f | 58f0 8344 | 24c0 0080 | 3900 660f | 1f44 0000 | 0f84 cbdf 
  0x00000224ed846a84: ffff 4488 | 214d 85d2 | 7520 498b | d7c5 f877 | 49ba b001 | 8de5 fc7f | 0000 41ff 

  0x00000224ed846aa0: ;   {other}
  0x00000224ed846aa0: d20f 1f84 | 0000 0000 | 00e9 a3df | ffff 4b89 | 4c13 f849 | 83c2 f84d | 8957 480f | 1f44 0000 
  0x00000224ed846ac0: e98c dfff | ff44 8b54 | be10 4585 | d20f 8400 | d8ff ff4d | 8b5f 2849 | 8bca 48c1 | e103 6690 
  0x00000224ed846ae0: 4d85 db0f | 8404 2a00 | 004d 8b57 | 384b 894c | 1af8 4983 | c3f8 4d89 | 5f28 e9d4 | d7ff ff4d 
  0x00000224ed846b00: 8d1c ec41 | 8b4b 1c44 | 8b44 2438 | 443b c10f | 84e0 0a00 | 0049 8bbf | 5804 0000 

  0x00000224ed846b1c: ; ImmutableOopMap {r9=Oop rbx=Derived_oop_r9 rsi=NarrowOop [48]=Oop [60]=NarrowOop [64]=Oop [72]=Oop [80]=Oop [88]=Oop [96]=Oop [104]=Oop [112]=Oop [120]=NarrowOop [128]=Oop [144]=Oop }
                      ;*goto {reexecute=1 rethrow=0 return_oop=0}
                      ; - (reexecute) java.util.WeakHashMap::put@89 (line 465)
                      ; - java.util.Collections$SetFromMap::add@8 (line 5929)
                      ; - java.util.zip.ZipFile::getInputStream@231 (line 403)
                      ; - java.util.jar.JarFile::getInputStream@21 (line 856)
                      ; - jdk.internal.loader.URLClassPath$JarLoader$2::getInputStream@11 (line 848)
                      ; - jdk.internal.loader.Resource::cachedInputStream@9 (line 77)
                      ; - jdk.internal.loader.Resource::getByteBuffer@1 (line 163)
                      ; - jdk.internal.loader.BuiltinClassLoader::defineClass@45 (line 853)
                      ; - jdk.internal.loader.BuiltinClassLoader::findClassOnClassPathOrNull@37 (line 760)
  0x00000224ed846b1c: 418b 7324 

  0x00000224ed846b20: ;   {poll}
  0x00000224ed846b20: 8507 85f6 | 0f85 6e26 | 0000 8b2b | e90e deff | ff48 be00 | 906a f124 | 0200 000f | 1f44 0000 
  0x00000224ed846b40: e93a d1ff | ff44 8bc5 | 4d63 c04d | 8d58 1049 | 8bd3 4883 | e2f8 488b | fe48 03fa | 49c1 eb03 
  0x00000224ed846b60: 492b cb48 | 33c0 4883 | f908 7f10 | 48ff c978 | 4f48 8904 | cf48 ffc9 | 7df7 eb44 | c5fd efc0 
  0x00000224ed846b80: e90d 0000 | 00c5 fe7f | 07c5 fe7f | 4720 4883 | c740 4883 | e908 7ded | 4883 c104 | 7c0c c5fe 
  0x00000224ed846ba0: 7f07 4883 | c720 4883 | e904 4883 | c104 7e10 | 48ff c9c5 | f9d6 0748 | 83c7 0848 | ffc9 7df3 
  0x00000224ed846bc0: 498b c949 | 8bd2 c5f8 | 7749 bac0 | 2cb0 ec24 | 0200 0041 

  0x00000224ed846bd4: ;   {other}
  0x00000224ed846bd4: ffd2 0f1f | 8400 0000 | 0000 6690 | e99f beff | ff4c 8b54 | 2420 4c89 | 5424 484c | 8b54 2428 
  0x00000224ed846bf4: 4c89 5424 | 7048 8b74 | 2438 4c8b | 5424 584c | 8994 2490 | 0000 004c | 8b54 2460 | 4c89 5424 
  0x00000224ed846c14: 284c 8b5c | 2468 488b | 8c24 9800 | 0000 448b | 4c24 348b | 7c24 7ce9 | 2de3 ffff | 4c8b 5424 
  0x00000224ed846c34: 204c 8954 | 2448 4c8b | 5424 284c | 8954 2470 | 488b 7424 | 384c 8b54 | 2458 4c89 | 5424 284c 
  0x00000224ed846c54: 8b5c 2460 | 4c8b 4c24 | 688b 4c24 | 348b 5c24 | 7ce9 b7e1 | ffff 4889 | 4424 5089 | 5424 4089 
  0x00000224ed846c74: 5c24 344c | 894c 2438 | 898c 24a0 | 0000 0044 | 8984 249c | 0000 0089 | 7c24 3044 | 8994 2498 
  0x00000224ed846c94: 0000 004c | 895c 2460 | 4889 7424 | 2041 bb01 | 0000 0044 | 3b9c 24a0 | 0000 000f | 8d4a 0000 
  0x00000224ed846cb4: 004c 8b54 | 2450 470f | be54 1a10 | 4183 fa2e | 0f84 a90f | 0000 41ff | c344 3b9c | 24a0 0000 
  0x00000224ed846cd4: ;   {no_reloc}
  0x00000224ed846cd4: 007c de48 | 8b74 2420 | 4c8b 5c24 | 6044 8b94 | 2498 0000 | 008b 7c24 | 3044 8b84 | 249c 0000 
  0x00000224ed846cf4: 004c 8b4c | 2438 e91e | cbff ff48 | 8b74 2420 | 4c8b 5c24 | 6044 8b94 | 2498 0000 | 008b 7c24 
  0x00000224ed846d14: 3044 8b84 | 249c 0000 | 004c 8b4c | 2438 e9f6 | caff ff4c | 8b44 2420 | 448b 5c24 | 2844 8b54 
  0x00000224ed846d34: 242c 4d8b | c8e9 53c0 | ffff 6690 

  0x00000224ed846d40: ;   {metadata('java/util/IdentityHashMap')}
  0x00000224ed846d40: 4181 fa98 | e810 000f | 85f7 3500 | 004c 894c | 2458 4c89 | 4424 504d | 8bd3 498b | ea49 8bd0 
  0x00000224ed846d60: ;   {static_call}
  0x00000224ed846d60: c5f8 77e8 

  0x00000224ed846d64: ; ImmutableOopMap {rbp=Oop [48]=Oop [60]=NarrowOop [64]=Oop [72]=Oop [80]=Oop [88]=Oop [96]=Oop [112]=Oop [120]=NarrowOop [144]=Oop }
                      ;*invokestatic maskNull {reexecute=0 rethrow=0 return_oop=1}
                      ; - java.util.IdentityHashMap::put@1 (line 435)
                      ; - java.util.Collections$SetFromMap::add@8 (line 5929)
                      ; - java.util.zip.ZipFile::getInputStream@231 (line 403)
                      ; - java.util.jar.JarFile::getInputStream@21 (line 856)
                      ; - jdk.internal.loader.URLClassPath$JarLoader$2::getInputStream@11 (line 848)
                      ; - jdk.internal.loader.Resource::cachedInputStream@9 (line 77)
                      ; - jdk.internal.loader.Resource::getByteBuffer@1 (line 163)
                      ; - jdk.internal.loader.BuiltinClassLoader::defineClass@45 (line 853)
                      ; - jdk.internal.loader.BuiltinClassLoader::findClassOnClassPathOrNull@37 (line 760)
  0x00000224ed846d64: 1883 2dff 

  0x00000224ed846d68: ;   {other}
  0x00000224ed846d68: 0f1f 8400 | d856 003b | 4889 4424 | 684c 8bdd | 458b 531c | 0f1f 4000 

  0x00000224ed846d80: ; implicit exception: dispatches to 0x00000224ed84b010
  0x00000224ed846d80: 478b 44d4 | 0c41 8be8 | 4c89 9c24 | 8000 0000 | 49c1 e203 | 4c89 9424 | 8800 0000 | 488b d090 
  0x00000224ed846da0: ;   {static_call}
  0x00000224ed846da0: c5f8 77e8 

  0x00000224ed846da4: ; ImmutableOopMap {[48]=Oop [60]=NarrowOop [64]=Oop [72]=Oop [80]=Oop [88]=Oop [96]=Oop [104]=Oop [112]=Oop [120]=NarrowOop [128]=Oop [136]=Oop [144]=Oop }
                      ;*invokestatic hash {reexecute=0 rethrow=0 return_oop=0}
                      ; - java.util.IdentityHashMap::put@19 (line 440)
                      ; - java.util.Collections$SetFromMap::add@8 (line 5929)
                      ; - java.util.zip.ZipFile::getInputStream@231 (line 403)
                      ; - java.util.jar.JarFile::getInputStream@21 (line 856)
                      ; - jdk.internal.loader.URLClassPath$JarLoader$2::getInputStream@11 (line 848)
                      ; - jdk.internal.loader.Resource::cachedInputStream@9 (line 77)
                      ; - jdk.internal.loader.Resource::getByteBuffer@1 (line 163)
                      ; - jdk.internal.loader.BuiltinClassLoader::defineClass@45 (line 853)
                      ; - jdk.internal.loader.BuiltinClassLoader::findClassOnClassPathOrNull@37 (line 760)
  0x00000224ed846da4: d882 2dff 

  0x00000224ed846da8: ;   {other}
  0x00000224ed846da8: 0f1f 8400 | 1857 003c | 89ac 24d0 | 0000 0044 | 8bd0 89ac | 24c0 0000 | 00eb 5641 | 8bd1 448b 
  0x00000224ed846dc8: 8424 c000 | 0000 6690 

  0x00000224ed846dd0: ;   {static_call}
  0x00000224ed846dd0: c5f8 77e8 

  0x00000224ed846dd4: ; ImmutableOopMap {[48]=Oop [60]=NarrowOop [64]=Oop [72]=Oop [80]=Oop [88]=Oop [96]=Oop [104]=Oop [112]=Oop [120]=NarrowOop [128]=Oop [136]=Oop [144]=Oop }
                      ;*invokestatic nextKeyIndex {reexecute=0 rethrow=0 return_oop=0}
                      ; - java.util.IdentityHashMap::put@65 (line 443)
                      ; - java.util.Collections$SetFromMap::add@8 (line 5929)
                      ; - java.util.zip.ZipFile::getInputStream@231 (line 403)
                      ; - java.util.jar.JarFile::getInputStream@21 (line 856)
                      ; - jdk.internal.loader.URLClassPath$JarLoader$2::getInputStream@11 (line 848)
                      ; - jdk.internal.loader.Resource::cachedInputStream@9 (line 77)
                      ; - jdk.internal.loader.Resource::getByteBuffer@1 (line 163)
                      ; - jdk.internal.loader.BuiltinClassLoader::defineClass@45 (line 853)
                      ; - jdk.internal.loader.BuiltinClassLoader::findClassOnClassPathOrNull@37 (line 760)
  0x00000224ed846dd4: a882 2dff 

  0x00000224ed846dd8: ;   {other}
  0x00000224ed846dd8: 0f1f 8400 | 4857 003d | 4d8b 9758 

  0x00000224ed846de4: ; ImmutableOopMap {[48]=Oop [60]=NarrowOop [64]=Oop [72]=Oop [80]=Oop [88]=Oop [96]=Oop [104]=Oop [112]=Oop [120]=NarrowOop [128]=Oop [136]=Oop [144]=Oop }
                      ;*goto {reexecute=1 rethrow=0 return_oop=0}
                      ; - (reexecute) java.util.IdentityHashMap::put@70 (line 443)
                      ; - java.util.Collections$SetFromMap::add@8 (line 5929)
                      ; - java.util.zip.ZipFile::getInputStream@231 (line 403)
                      ; - java.util.jar.JarFile::getInputStream@21 (line 856)
                      ; - jdk.internal.loader.URLClassPath$JarLoader$2::getInputStream@11 (line 848)
                      ; - jdk.internal.loader.Resource::cachedInputStream@9 (line 77)
                      ; - jdk.internal.loader.Resource::getByteBuffer@1 (line 163)
                      ; - jdk.internal.loader.BuiltinClassLoader::defineClass@45 (line 853)
                      ; - jdk.internal.loader.BuiltinClassLoader::findClassOnClassPathOrNull@37 (line 760)
                      ;   {poll}
  0x00000224ed846de4: 0400 0041 | 8502 4c8b | 8c24 8800 | 0000 458b | 410c 448b | 9c24 c000 | 0000 448b | d044 899c 
  0x00000224ed846e04: 24c0 0000 | 004c 898c | 2488 0000 | 0044 8984 | 24d0 0000 | 0045 8bca | 0f1f 4000 | 443b 9424 
  0x00000224ed846e24: d000 0000 | 0f83 ba34 | 0000 4489 | 5424 7c4c | 8b94 2488 | 0000 004f | 8d5c 8a10 | 458b 4208 
  0x00000224ed846e44: 4489 4424 | 2c45 8b13 | 4c89 9c24 | 9800 0000 | 4d63 d94c | 8b84 2488 | 0000 004f | 8d5c 9814 
  0x00000224ed846e64: 4c89 9c24 | a000 0000 | 458b d941 | ffc3 4489 | 5c24 3845 | 85d2 660f | 1f44 0000 | 0f84 0601 
  0x00000224ed846e84: 0000 49c1 | e203 4c8b | 5c24 684d | 3bd3 0f85 | 2bff ffff | 448b 5424 | 3866 6690 | 443b 9424 
  0x00000224ed846ea4: d000 0000 | 0f83 d634 | 0000 448b | 4424 2c66 | 0f1f 8400 | 0000 0000 | 6666 6690 

  0x00000224ed846ec0: ;   {metadata('java/lang/Object'[])}
  0x00000224ed846ec0: 4181 f840 | 1200 000f | 85ff 3400 | 0041 807f | 4000 0f85 | 3c2b 0000 | 488b 9c24 | a000 0000 
  0x00000224ed846ee0: ;   {oop(a 'java/lang/Boolean'{0x0000000702cd44c8} = true)}
  0x00000224ed846ee0: c703 99a8 

  0x00000224ed846ee4: ;   {oop(a 'java/lang/Boolean'{0x0000000702cd44c8} = true)}
  0x00000224ed846ee4: 59e0 49ba | c844 cd02 | 0700 0000 | 4c8b db4d | 33d3 49c1 | ea15 660f | 1f44 0000 | 4d85 d20f 
  0x00000224ed846f04: 8465 dbff | ff49 c1eb | 0948 b900 | 906a f124 | 0200 0049 | 03cb 660f | 1f44 0000 | 8039 020f 
  0x00000224ed846f24: 8445 dbff | ff4d 8b57 | 484d 8b5f | 58f0 8344 | 24c0 0080 | 3900 660f | 1f44 0000 | 0f84 28db 
  0x00000224ed846f44: ffff 4488 | 214d 85d2 | 7520 498b | d7c5 f877 | 49ba b001 | 8de5 fc7f | 0000 41ff 

  0x00000224ed846f60: ;   {other}
  0x00000224ed846f60: d20f 1f84 | 0000 0000 | 00e9 00db | ffff 4b89 | 4c13 f849 | 83c2 f84d | 8957 480f | 1f44 0000 
  0x00000224ed846f80: e9e9 daff | ff33 c0e9 | 92bd ffff | 4c8b 9424 | 8000 0000 | 458b 5214 | 478d 1c52 | 418b eaff 
  0x00000224ed846fa0: c541 83c3 | 0344 3b9c | 24c0 0000 | 000f 8e75 | 0000 0048 | 8b94 2480 | 0000 0044 | 8b84 24c0 
  0x00000224ed846fc0: 0000 0090 

  0x00000224ed846fc4: ;   {optimized virtual_call}
  0x00000224ed846fc4: c5f8 77e8 

  0x00000224ed846fc8: ; ImmutableOopMap {[48]=Oop [60]=NarrowOop [64]=Oop [72]=Oop [80]=Oop [88]=Oop [96]=Oop [104]=Oop [112]=Oop [120]=NarrowOop [128]=Oop [136]=Oop [160]=Derived_oop_[136] [152]=Derived_oop_[136] [144]=Oop }
                      ;*invokevirtual resize {reexecute=0 rethrow=0 return_oop=0}
                      ; - java.util.IdentityHashMap::put@96 (line 455)
                      ; - java.util.Collections$SetFromMap::add@8 (line 5929)
                      ; - java.util.zip.ZipFile::getInputStream@231 (line 403)
                      ; - java.util.jar.JarFile::getInputStream@21 (line 856)
                      ; - jdk.internal.loader.URLClassPath$JarLoader$2::getInputStream@11 (line 848)
                      ; - jdk.internal.loader.Resource::cachedInputStream@9 (line 77)
                      ; - jdk.internal.loader.Resource::getByteBuffer@1 (line 163)
                      ; - jdk.internal.loader.BuiltinClassLoader::defineClass@45 (line 853)
                      ; - jdk.internal.loader.BuiltinClassLoader::findClassOnClassPathOrNull@37 (line 760)
  0x00000224ed846fc8: b47a 2dff 

  0x00000224ed846fcc: ;   {other}
  0x00000224ed846fcc: 0f1f 8400 | 3c59 003f | 85c0 7450 | 4d8b 9f58 | 0400 004c | 8b94 2480 | 0000 0045 

  0x00000224ed846fe8: ; ImmutableOopMap {r8=NarrowOop [48]=Oop [60]=NarrowOop [64]=Oop [72]=Oop [80]=Oop [88]=Oop [96]=Oop [104]=Oop [112]=Oop [120]=NarrowOop [128]=Oop [144]=Oop }
                      ;*goto {reexecute=1 rethrow=0 return_oop=0}
                      ; - (reexecute) java.util.IdentityHashMap::put@102 (line 456)
                      ; - java.util.Collections$SetFromMap::add@8 (line 5929)
                      ; - java.util.zip.ZipFile::getInputStream@231 (line 403)
                      ; - java.util.jar.JarFile::getInputStream@21 (line 856)
                      ; - jdk.internal.loader.URLClassPath$JarLoader$2::getInputStream@11 (line 848)
                      ; - jdk.internal.loader.Resource::cachedInputStream@9 (line 77)
                      ; - jdk.internal.loader.Resource::getByteBuffer@1 (line 163)
                      ; - jdk.internal.loader.BuiltinClassLoader::defineClass@45 (line 853)
                      ; - jdk.internal.loader.BuiltinClassLoader::findClassOnClassPathOrNull@37 (line 760)
                      ;   {poll}
  0x00000224ed846fe8: 8b42 1c41 | 8503 478b | 4cc4 0c44 | 894c 242c | 4f8d 14c4 | 498b ea48 | 8b54 2468 | 458b c190 
  0x00000224ed847008: ;   {static_call}
  0x00000224ed847008: c5f8 77e8 

  0x00000224ed84700c: ; ImmutableOopMap {rbp=Oop [48]=Oop [60]=NarrowOop [64]=Oop [72]=Oop [80]=Oop [88]=Oop [96]=Oop [104]=Oop [112]=Oop [120]=NarrowOop [128]=Oop [144]=Oop }
                      ;*invokestatic hash {reexecute=0 rethrow=0 return_oop=0}
                      ; - java.util.IdentityHashMap::put@19 (line 440)
                      ; - java.util.Collections$SetFromMap::add@8 (line 5929)
                      ; - java.util.zip.ZipFile::getInputStream@231 (line 403)
                      ; - java.util.jar.JarFile::getInputStream@21 (line 856)
                      ; - jdk.internal.loader.URLClassPath$JarLoader$2::getInputStream@11 (line 848)
                      ; - jdk.internal.loader.Resource::cachedInputStream@9 (line 77)
                      ; - jdk.internal.loader.Resource::getByteBuffer@1 (line 163)
                      ; - jdk.internal.loader.BuiltinClassLoader::defineClass@45 (line 853)
                      ; - jdk.internal.loader.BuiltinClassLoader::findClassOnClassPathOrNull@37 (line 760)
  0x00000224ed84700c: 7080 2dff 

  0x00000224ed847010: ;   {other}
  0x00000224ed847010: 0f1f 8400 | 8059 0041 | 448b 4424 | 2c45 8bd8 | 4c8b cde9 | d6fd ffff | 4c8b 9424 | 8000 0000 
  0x00000224ed847030: 41ff 4218 | 448b 5424 | 2c0f 1f80 | 0000 0000 

  0x00000224ed847040: ;   {metadata('java/lang/Object'[])}
  0x00000224ed847040: 4181 fa40 | 1200 000f | 857b 3400 | 0041 807f | 4000 0f85 | 3c2a 0000 | 4c8b 5424 | 684d 8bda 
  0x00000224ed847060: 49c1 eb03 | 4c8b 9424 | 9800 0000 | 4589 1a4c | 8b5c 2468 | 4d33 da49 | c1eb 150f | 1f44 0000 
  0x00000224ed847080: 4d85 db74 | 244c 8b5c | 2468 4d85 | db74 1a49 | c1ea 0948 | b900 906a | f124 0200 | 0049 03ca 
  0x00000224ed8470a0: 8039 020f | 85bc 2a00 | 0044 8b44 | 2438 443b | 8424 d000 | 0000 0f83 | b433 0000 | 0f1f 4000 
  0x00000224ed8470c0: 4180 7f40 | 000f 8508 | 2a00 004c | 8b84 24a0 

  0x00000224ed8470d0: ;   {oop(a 'java/lang/Boolean'{0x0000000702cd44c8} = true)}
  0x00000224ed8470d0: 0000 0041 | c700 99a8 

  0x00000224ed8470d8: ;   {oop(a 'java/lang/Boolean'{0x0000000702cd44c8} = true)}
  0x00000224ed8470d8: 59e0 49ba | c844 cd02 | 0700 0000 | 4d8b d84d | 33d3 49c1 | ea15 4d85 | d274 1a49 | c1eb 0948 
  0x00000224ed8470f8: b900 906a | f124 0200 | 0049 03cb | 8039 020f | 8506 2a00 | 004c 8b94 | 2480 0000 | 0041 896a 
  0x00000224ed847118: 14e9 50d9 | ffff 4533 | d24c 8b5c | 2428 4c89 | 5c24 484c | 8b5c 2420 | 4c89 5c24 | 38e9 9dbb 
  0x00000224ed847138: ffff 478b | 44d4 0890 

  0x00000224ed847140: ;   {metadata('java/util/concurrent/ConcurrentHashMap$ReservationNode')}
  0x00000224ed847140: 4181 f860 | b417 000f | 85c7 3200 | 0048 be00 | 906a f124 | 0200 00e9 | 23cb ffff | 488b 7424 
  0x00000224ed847160: 204c 8b54 | 2428 8b4c | 2430 448b | 4424 348b | 7c24 384d | 8bca e9e2 | beff ff33 | c066 6690 
  0x00000224ed847180: e974 beff | ff45 33d2 | 4533 c9e9 | 0dc9 ffff 

  0x00000224ed847190: ;   {metadata('java/security/CodeSource')}
  0x00000224ed847190: 48ba d85a | 0080 2402 | 0000 6690 

  0x00000224ed84719c: ;   {runtime_call _new_instance_Java}
  0x00000224ed84719c: c5f8 77e8 

  0x00000224ed8471a0: ; ImmutableOopMap {[32]=Oop [48]=Oop [72]=Oop [120]=NarrowOop [144]=Oop }
                      ;*new {reexecute=0 rethrow=0 return_oop=1}
                      ; - jdk.internal.loader.BuiltinClassLoader::defineClass@95 (line 861)
                      ; - jdk.internal.loader.BuiltinClassLoader::findClassOnClassPathOrNull@37 (line 760)
  0x00000224ed8471a0: dc29 3aff 

  0x00000224ed8471a4: ;   {other}
  0x00000224ed8471a4: 0f1f 8400 | 145b 0042 | e909 dcff | ff4c 8b54 | 2420 4c89 | 5424 484c | 8b54 2428 | 4c89 5424 
  0x00000224ed8471c4: 7048 8b74 | 2438 4c8b | 5424 584c | 8994 2490 | 0000 004c | 8b54 2460 | 4c89 5424 | 284c 8b5c 
  0x00000224ed8471e4: 2468 488b | 8c24 9800 | 0000 448b | 4c24 34e9 | 52de ffff | 4889 6c24 | 484c 8b54 | 2420 4c89 
  0x00000224ed847204: 5424 7044 | 8b5c 2428 | 4489 5c24 | 7848 8b74 | 2430 4c8b | 5424 404c | 8994 2488 | 0000 004c 
  0x00000224ed847224: 8b54 2458 | 4c89 5424 | 284c 8b5c | 2460 4c8b | 4c24 688b | 4c24 7c4c | 8b84 2498 | 0000 00e9 
  0x00000224ed847244: f4dc ffff | 4489 5424 | 4448 8974 | 2450 894c | 2440 4489 | 4424 3489 | 7c24 304c | 894c 2428 
  0x00000224ed847264: 4c89 5c24 | 2048 8b6c 

  0x00000224ed84726c: ;   {metadata({type array byte})}
  0x00000224ed84726c: 2448 48ba | 6822 0080 | 2402 0000 | 448b 4424 | 4448 8944 | 2448 6690 

  0x00000224ed847284: ;   {runtime_call _new_array_Java}
  0x00000224ed847284: c5f8 77e8 

  0x00000224ed847288: ; ImmutableOopMap {rbp=Oop [32]=Oop [40]=Oop [56]=Oop }
                      ;*invokevirtual allocateUninitializedArray0 {reexecute=0 rethrow=0 return_oop=1}
                      ; - jdk.internal.misc.Unsafe::allocateUninitializedArray@51 (line 1380)
                      ; - java.lang.StringConcatHelper::newArray@33 (line 511)
                      ; - java.lang.StringConcatHelper::simpleConcat@61 (line 435)
                      ; - java.lang.String::concat@11 (line 2899)
                      ; - jdk.internal.loader.BuiltinClassLoader::findClassOnClassPathOrNull@10 (line 755)
  0x00000224ed847288: f474 3aff 

  0x00000224ed84728c: ;   {other}
  0x00000224ed84728c: 0f1f 8400 | fc5b 0043 | 4889 6c24 | 484c 8b4c | 2428 8b7c | 2430 448b | 4424 348b | 4c24 4048 
  0x00000224ed8472ac: 8b74 2450 | 448b 5424 | 4448 8bd8 | 4c8b 5c24 | 2066 6690 | e918 b3ff | ff48 895c 

  0x00000224ed8472c8: ;   {metadata('java/lang/String')}
  0x00000224ed8472c8: 2420 48ba | 58e5 0080 | 2402 0000 

  0x00000224ed8472d4: ;   {runtime_call _new_instance_Java}
  0x00000224ed8472d4: c5f8 77e8 

  0x00000224ed8472d8: ; ImmutableOopMap {[32]=Oop [56]=Oop [72]=Oop }
                      ;*new {reexecute=0 rethrow=0 return_oop=1}
                      ; - java.lang.StringConcatHelper::newString@6 (line 400)
                      ; - java.lang.StringConcatHelper::simpleConcat@90 (line 440)
                      ; - java.lang.String::concat@11 (line 2899)
                      ; - jdk.internal.loader.BuiltinClassLoader::findClassOnClassPathOrNull@10 (line 755)
  0x00000224ed8472d8: a428 3aff 

  0x00000224ed8472dc: ;   {other}
  0x00000224ed8472dc: 0f1f 8400 | 4c5c 0044 | 488b 5c24 | 20e9 a8b3 | ffff 4889 | 5424 4089 | 4c24 3444 | 894c 2430 
  0x00000224ed8472fc: 4489 5424 | 2c44 8944 | 2428 4c8b | 5424 484c | 8954 2420 

  0x00000224ed847310: ;   {metadata({type array byte})}
  0x00000224ed847310: 48ba 6822 | 0080 2402 | 0000 448b | 4424 2c90 

  0x00000224ed847320: ;   {runtime_call _new_array_Java}
  0x00000224ed847320: c5f8 77e8 

  0x00000224ed847324: ; ImmutableOopMap {[32]=Oop [40]=NarrowOop [56]=Oop [64]=Oop [72]=Oop }
                      ;*invokevirtual allocateUninitializedArray0 {reexecute=0 rethrow=0 return_oop=1}
                      ; - jdk.internal.misc.Unsafe::allocateUninitializedArray@51 (line 1380)
                      ; - java.lang.StringConcatHelper::newArray@33 (line 511)
                      ; - java.lang.StringLatin1::replace@49 (line 304)
                      ; - java.lang.String::replace@18 (line 2933)
                      ; - jdk.internal.loader.BuiltinClassLoader::findClassOnClassPathOrNull@5 (line 755)
  0x00000224ed847324: 5874 3aff 

  0x00000224ed847328: ;   {other}
  0x00000224ed847328: 0f1f 8400 | 985c 0045 | 448b 4424 | 2844 8b54 | 242c 448b | 4c24 308b | 4c24 3448 | 8b54 2440 
  0x00000224ed847348: 4c8b d8e9 | 2caf ffff 

  0x00000224ed847350: ;   {metadata('java/lang/String')}
  0x00000224ed847350: 48ba 58e5 | 0080 2402 | 0000 488b | 6c24 384c | 8b54 2448 | 4c89 5424 | 284c 895c | 2440 6690 
  0x00000224ed847370: ;   {runtime_call _new_instance_Java}
  0x00000224ed847370: c5f8 77e8 

  0x00000224ed847374: ; ImmutableOopMap {rbp=Oop [40]=Oop [56]=Oop [64]=Oop [72]=Oop }
                      ;*new {reexecute=0 rethrow=0 return_oop=1}
                      ; - java.lang.StringLatin1::replace@116 (line 313)
                      ; - java.lang.String::replace@18 (line 2933)
                      ; - jdk.internal.loader.BuiltinClassLoader::findClassOnClassPathOrNull@5 (line 755)
  0x00000224ed847374: 0828 3aff 

  0x00000224ed847378: ;   {other}
  0x00000224ed847378: 0f1f 8400 | e85c 0046 | 4c8b c84c | 8b5c 2440 | e94b b1ff | ff44 8954 | 2420 4c8b | 9424 9000 
  0x00000224ed847398: 0000 4c89 | 5424 2890 

  0x00000224ed8473a0: ;   {static_call}
  0x00000224ed8473a0: c5f8 77e8 

  0x00000224ed8473a4: ; ImmutableOopMap {rbp=Oop [32]=NarrowOop [40]=Oop [72]=Oop [112]=Oop [120]=NarrowOop [128]=Oop [136]=Oop [144]=Oop }
                      ;*invokestatic hashCode {reexecute=0 rethrow=0 return_oop=0}
                      ; - java.lang.String::hashCode@37 (line 2370)
                      ; - java.util.concurrent.ConcurrentHashMap::get@1 (line 936)
                      ; - java.lang.ClassLoader::getDefinedPackage@13 (line 2263)
                      ; - jdk.internal.loader.BuiltinClassLoader::getAndVerifyPackage@2 (line 902)
                      ; - jdk.internal.loader.BuiltinClassLoader::defineOrCheckPackage@4 (line 877)
                      ; - jdk.internal.loader.ClassLoaders$AppClassLoader::defineOrCheckPackage@4 (line 211)
                      ; - jdk.internal.loader.BuiltinClassLoader::defineClass@40 (line 849)
                      ; - jdk.internal.loader.BuiltinClassLoader::findClassOnClassPathOrNull@37 (line 760)
  0x00000224ed8473a4: d87c 2dff 

  0x00000224ed8473a8: ;   {other}
  0x00000224ed8473a8: 0f1f 8400 | 185d 0047 | e907 ddff | ff4c 8b94 | 2480 0000 | 0041 c642 | 1101 33c0 | 448b 5424 
  0x00000224ed8473c8: 20e9 50b9 | ffff 4489 | 5c24 5489 | 7c24 5044 | 8954 2444 | 4c8b 5424 | 704c 8954 | 2430 4c8b 
  0x00000224ed8473e8: 5424 384c | 8954 2428 | 4c8b 5424 | 484c 8954 

  0x00000224ed8473f8: ;   {metadata('java/lang/String')}
  0x00000224ed8473f8: 2420 48ba | 58e5 0080 | 2402 0000 

  0x00000224ed847404: ;   {runtime_call _new_instance_Java}
  0x00000224ed847404: c5f8 77e8 

  0x00000224ed847408: ; ImmutableOopMap {rbp=Oop [32]=Oop [40]=Oop [48]=Oop [68]=NarrowOop [112]=Oop [120]=NarrowOop }
                      ;*new {reexecute=0 rethrow=0 return_oop=1}
                      ; - java.lang.StringLatin1::newString@7 (line 752)
                      ; - java.lang.String::substring@41 (line 2839)
                      ; - jdk.internal.loader.BuiltinClassLoader::defineClass@23 (line 847)
                      ; - jdk.internal.loader.BuiltinClassLoader::findClassOnClassPathOrNull@37 (line 760)
  0x00000224ed847408: 7427 3aff 

  0x00000224ed84740c: ;   {other}
  0x00000224ed84740c: 0f1f 8400 | 7c5d 0048 | 4c8b 5424 | 204c 8954 | 2448 4c8b | 5424 284c | 8954 2438 | 448b 5424 
  0x00000224ed84742c: 448b 7c24 | 5044 8b5c | 2454 488b | d8e9 b4b4 | ffff 4489 | 4424 5c89 | 4424 5889 | 5c24 5448 
  0x00000224ed84744c: 894c 2460 | 4489 5424 | 504c 895c | 2440 4489 | 6c24 244c | 8b54 2430 | 4c89 5424 | 384c 8b94 
  0x00000224ed84746c: 2490 0000 | 004c 8954 | 2430 4889 | 7424 2844 | 8b5c 2478 | 4489 5c24 | 2048 8b6c 

  0x00000224ed847488: ;   {metadata('java/util/zip/ZipFile$ZipFileInputStream')}
  0x00000224ed847488: 2448 48ba | 78d2 3180 | 2402 0000 

  0x00000224ed847494: ;   {runtime_call _new_instance_Java}
  0x00000224ed847494: c5f8 77e8 

  0x00000224ed847498: ; ImmutableOopMap {rbp=Oop [32]=NarrowOop [48]=Oop [56]=Oop [64]=Oop [80]=NarrowOop [84]=NarrowOop [88]=NarrowOop [96]=Oop [112]=Oop }
                      ;*new {reexecute=0 rethrow=0 return_oop=1}
                      ; - java.util.zip.ZipFile::getInputStream@77 (line 384)
                      ; - java.util.jar.JarFile::getInputStream@21 (line 856)
                      ; - jdk.internal.loader.URLClassPath$JarLoader$2::getInputStream@11 (line 848)
                      ; - jdk.internal.loader.Resource::cachedInputStream@9 (line 77)
                      ; - jdk.internal.loader.Resource::getByteBuffer@1 (line 163)
                      ; - jdk.internal.loader.BuiltinClassLoader::defineClass@45 (line 853)
                      ; - jdk.internal.loader.BuiltinClassLoader::findClassOnClassPathOrNull@37 (line 760)
  0x00000224ed847498: e426 3aff 

  0x00000224ed84749c: ;   {other}
  0x00000224ed84749c: 0f1f 8400 | 0c5e 0049 | 4c8b c848 | 896c 2448 | 448b 5424 | 2044 8954 | 2478 488b | 7424 284c 
  0x00000224ed8474bc: 8b54 2430 | 4c89 9424 | 9000 0000 | 4c8b 5424 | 384c 8954 | 2430 448b | 6c24 244c | 8b5c 2440 
  0x00000224ed8474dc: 448b 5424 | 5048 8b4c | 2460 8b5c | 2454 8b44 | 2458 448b | 4424 5ce9 | 52ca ffff 

  0x00000224ed8474f8: ;   {metadata('java/util/zip/ZipFile$ZipFileInflaterInputStream')}
  0x00000224ed8474f8: 498b e948 | ba88 dd31 | 8024 0200 | 0066 6690 

  0x00000224ed847508: ;   {runtime_call _new_instance_Java}
  0x00000224ed847508: c5f8 77e8 

  0x00000224ed84750c: ; ImmutableOopMap {[48]=Oop [64]=Oop [72]=Oop [80]=NarrowOop [88]=Oop [96]=Oop [104]=NarrowOop [112]=Oop [120]=NarrowOop [144]=Oop }
                      ;*new {reexecute=0 rethrow=0 return_oop=1}
                      ; - java.util.zip.ZipFile::getInputStream@203 (line 401)
                      ; - java.util.jar.JarFile::getInputStream@21 (line 856)
                      ; - jdk.internal.loader.URLClassPath$JarLoader$2::getInputStream@11 (line 848)
                      ; - jdk.internal.loader.Resource::cachedInputStream@9 (line 77)
                      ; - jdk.internal.loader.Resource::getByteBuffer@1 (line 163)
                      ; - jdk.internal.loader.BuiltinClassLoader::defineClass@45 (line 853)
                      ; - jdk.internal.loader.BuiltinClassLoader::findClassOnClassPathOrNull@37 (line 760)
  0x00000224ed84750c: 7026 3aff 

  0x00000224ed847510: ;   {other}
  0x00000224ed847510: 0f1f 8400 | 805e 004a | 4c8b cd0f | 1f44 0000 | e999 ccff 

  0x00000224ed847524: ;   {metadata({type array byte})}
  0x00000224ed847524: ff48 ba68 | 2200 8024 | 0200 0041 | b801 0000 | 0066 6690 

  0x00000224ed847538: ;   {runtime_call _new_array_Java}
  0x00000224ed847538: c5f8 77e8 

  0x00000224ed84753c: ; ImmutableOopMap {rbp=Oop [48]=Oop [60]=NarrowOop [64]=Oop [72]=Oop [80]=NarrowOop [84]=NarrowOop [88]=Oop [96]=Oop [112]=Oop [120]=NarrowOop [144]=Oop [152]=Oop [224]=Oop }
                      ;*newarray {reexecute=0 rethrow=0 return_oop=1}
                      ; - java.util.zip.InflaterInputStream::<init>@22 (line 113)
                      ; - java.util.zip.ZipFile$ZipFileInflaterInputStream::<init>@11 (line 440)
                      ; - java.util.zip.ZipFile$ZipFileInflaterInputStream::<init>@10 (line 434)
                      ; - java.util.zip.ZipFile::getInputStream@216 (line 401)
                      ; - java.util.jar.JarFile::getInputStream@21 (line 856)
                      ; - jdk.internal.loader.URLClassPath$JarLoader$2::getInputStream@11 (line 848)
                      ; - jdk.internal.loader.Resource::cachedInputStream@9 (line 77)
                      ; - jdk.internal.loader.Resource::getByteBuffer@1 (line 163)
                      ; - jdk.internal.loader.BuiltinClassLoader::defineClass@45 (line 853)
                      ; - jdk.internal.loader.BuiltinClassLoader::findClassOnClassPathOrNull@37 (line 760)
  0x00000224ed84753c: 4072 3aff 

  0x00000224ed847540: ;   {other}
  0x00000224ed847540: 0f1f 8400 | b05e 004b | 4c8b c8e9 | 62cf ffff 

  0x00000224ed847550: ;   {metadata('java/util/zip/ZipFile$InflaterCleanupAction')}
  0x00000224ed847550: 48ba f008 | 3280 2402 | 0000 6690 

  0x00000224ed84755c: ;   {runtime_call _new_instance_Java}
  0x00000224ed84755c: c5f8 77e8 

  0x00000224ed847560: ; ImmutableOopMap {[44]=NarrowOop [48]=Oop [60]=NarrowOop [64]=Oop [72]=Oop [80]=NarrowOop [84]=NarrowOop [88]=Oop [96]=Oop [112]=Oop [120]=NarrowOop [144]=Oop [152]=Oop [224]=Oop }
                      ;*new {reexecute=0 rethrow=0 return_oop=1}
                      ; - java.util.zip.ZipFile$ZipFileInflaterInputStream::<init>@24 (line 441)
                      ; - java.util.zip.ZipFile$ZipFileInflaterInputStream::<init>@10 (line 434)
                      ; - java.util.zip.ZipFile::getInputStream@216 (line 401)
                      ; - java.util.jar.JarFile::getInputStream@21 (line 856)
                      ; - jdk.internal.loader.URLClassPath$JarLoader$2::getInputStream@11 (line 848)
                      ; - jdk.internal.loader.Resource::cachedInputStream@9 (line 77)
                      ; - jdk.internal.loader.Resource::getByteBuffer@1 (line 163)
                      ; - jdk.internal.loader.BuiltinClassLoader::defineClass@45 (line 853)
                      ; - jdk.internal.loader.BuiltinClassLoader::findClassOnClassPathOrNull@37 (line 760)
  0x00000224ed847560: 1c26 3aff 

  0x00000224ed847564: ;   {other}
  0x00000224ed847564: 0f1f 8400 | d45e 004c | 488b e8e9 | 68d1 ffff 

  0x00000224ed847574: ;   {metadata('jdk/internal/ref/CleanerImpl$PhantomCleanableRef')}
  0x00000224ed847574: 48ba 187f | 2580 2402 | 0000 6690 

  0x00000224ed847580: ;   {runtime_call _new_instance_Java}
  0x00000224ed847580: c5f8 77e8 

  0x00000224ed847584: ; ImmutableOopMap {rbp=Oop [48]=Oop [60]=NarrowOop [64]=Oop [72]=Oop [80]=NarrowOop [88]=Oop [96]=Oop [112]=Oop [120]=NarrowOop [144]=Oop }
                      ;*new {reexecute=0 rethrow=0 return_oop=1}
                      ; - java.lang.ref.Cleaner::register@14 (line 224)
                      ; - java.util.zip.ZipFile$ZipFileInflaterInputStream::<init>@34 (line 441)
                      ; - java.util.zip.ZipFile$ZipFileInflaterInputStream::<init>@10 (line 434)
                      ; - java.util.zip.ZipFile::getInputStream@216 (line 401)
                      ; - java.util.jar.JarFile::getInputStream@21 (line 856)
                      ; - jdk.internal.loader.URLClassPath$JarLoader$2::getInputStream@11 (line 848)
                      ; - jdk.internal.loader.Resource::cachedInputStream@9 (line 77)
                      ; - jdk.internal.loader.Resource::getByteBuffer@1 (line 163)
                      ; - jdk.internal.loader.BuiltinClassLoader::defineClass@45 (line 853)
                      ; - jdk.internal.loader.BuiltinClassLoader::findClassOnClassPathOrNull@37 (line 760)
  0x00000224ed847584: f825 3aff 

  0x00000224ed847588: ;   {other}
  0x00000224ed847588: 0f1f 8400 | f85e 004d | e9a9 d1ff 

  0x00000224ed847594: ;   {metadata({type array byte})}
  0x00000224ed847594: ff48 ba68 | 2200 8024 | 0200 0044 | 8bc3 6690 

  0x00000224ed8475a4: ;   {runtime_call _new_array_Java}
  0x00000224ed8475a4: c5f8 77e8 

  0x00000224ed8475a8: ; ImmutableOopMap {[44]=NarrowOop [48]=Oop [60]=NarrowOop [64]=Oop [72]=Oop [80]=NarrowOop [84]=NarrowOop [88]=Oop [96]=Oop [112]=Oop [120]=NarrowOop [144]=Oop [152]=Oop [224]=Oop }
                      ;*newarray {reexecute=0 rethrow=0 return_oop=1}
                      ; - java.util.zip.InflaterInputStream::<init>@64 (line 89)
                      ; - java.util.zip.ZipFile$ZipFileInflaterInputStream::<init>@11 (line 440)
                      ; - java.util.zip.ZipFile$ZipFileInflaterInputStream::<init>@10 (line 434)
                      ; - java.util.zip.ZipFile::getInputStream@216 (line 401)
                      ; - java.util.jar.JarFile::getInputStream@21 (line 856)
                      ; - jdk.internal.loader.URLClassPath$JarLoader$2::getInputStream@11 (line 848)
                      ; - jdk.internal.loader.Resource::cachedInputStream@9 (line 77)
                      ; - jdk.internal.loader.Resource::getByteBuffer@1 (line 163)
                      ; - jdk.internal.loader.BuiltinClassLoader::defineClass@45 (line 853)
                      ; - jdk.internal.loader.BuiltinClassLoader::findClassOnClassPathOrNull@37 (line 760)
  0x00000224ed8475a8: d471 3aff 

  0x00000224ed8475ac: ;   {other}
  0x00000224ed8475ac: 0f1f 8400 | 1c5f 004e | 4c8b c0e9 | 8fd0 ffff | 4889 9c24 | 9800 0000 | 4489 5424 | 384c 898c 
  0x00000224ed8475cc: 2488 0000 | 0044 8944 

  0x00000224ed8475d4: ;   {metadata('java/util/WeakHashMap$Entry')}
  0x00000224ed8475d4: 242c 48ba | e0dd 2080 | 2402 0000 

  0x00000224ed8475e0: ;   {runtime_call _new_instance_Java}
  0x00000224ed8475e0: c5f8 77e8 

  0x00000224ed8475e4: ; ImmutableOopMap {rbp=NarrowOop [48]=Oop [60]=NarrowOop [64]=Oop [72]=Oop [80]=Oop [88]=Oop [96]=Oop [104]=Oop [112]=Oop [120]=NarrowOop [128]=Oop [136]=Oop [152]=Derived_oop_[136] [144]=Oop }
                      ;*new {reexecute=0 rethrow=0 return_oop=1}
                      ; - java.util.WeakHashMap::put@113 (line 476)
                      ; - java.util.Collections$SetFromMap::add@8 (line 5929)
                      ; - java.util.zip.ZipFile::getInputStream@231 (line 403)
                      ; - java.util.jar.JarFile::getInputStream@21 (line 856)
                      ; - jdk.internal.loader.URLClassPath$JarLoader$2::getInputStream@11 (line 848)
                      ; - jdk.internal.loader.Resource::cachedInputStream@9 (line 77)
                      ; - jdk.internal.loader.Resource::getByteBuffer@1 (line 163)
                      ; - jdk.internal.loader.BuiltinClassLoader::defineClass@45 (line 853)
                      ; - jdk.internal.loader.BuiltinClassLoader::findClassOnClassPathOrNull@37 (line 760)
  0x00000224ed8475e4: 9825 3aff 

  0x00000224ed8475e8: ;   {other}
  0x00000224ed8475e8: 0f1f 8400 | 585f 004f | e9bf d3ff | ff4c 899c | 24a0 0000 | 0048 899c | 2498 0000 | 0044 8954 
  0x00000224ed847608: 242c 4c89 | 8c24 8800 | 0000 8b6c | 2438 488b | 5424 684d | 8bc3 4c8b | 8c24 8000 | 0000 6690 
  0x00000224ed847628: ;   {optimized virtual_call}
  0x00000224ed847628: c5f8 77e8 

  0x00000224ed84762c: ; ImmutableOopMap {[48]=Oop [60]=NarrowOop [64]=Oop [72]=Oop [80]=Oop [88]=Oop [96]=Oop [104]=Oop [112]=Oop [120]=NarrowOop [128]=Oop [136]=Oop [152]=Derived_oop_[136] [144]=Oop [160]=Oop }
                      ;*invokevirtual matchesKey {reexecute=0 rethrow=0 return_oop=0}
                      ; - java.util.WeakHashMap::put@54 (line 466)
                      ; - java.util.Collections$SetFromMap::add@8 (line 5929)
                      ; - java.util.zip.ZipFile::getInputStream@231 (line 403)
                      ; - java.util.jar.JarFile::getInputStream@21 (line 856)
                      ; - jdk.internal.loader.URLClassPath$JarLoader$2::getInputStream@11 (line 848)
                      ; - jdk.internal.loader.Resource::cachedInputStream@9 (line 77)
                      ; - jdk.internal.loader.Resource::getByteBuffer@1 (line 163)
                      ; - jdk.internal.loader.BuiltinClassLoader::defineClass@45 (line 853)
                      ; - jdk.internal.loader.BuiltinClassLoader::findClassOnClassPathOrNull@37 (line 760)
  0x00000224ed84762c: 5074 2dff 

  0x00000224ed847630: ;   {other}
  0x00000224ed847630: 0f1f 8400 | a05f 0050 | 85c0 660f | 1f44 0000 | 0f84 310b | 0000 488b | 9c24 a000 | 0000 448b 
  0x00000224ed847650: 5b20 6666 | 0f1f 8400 | 0000 0000 | 6666 6690 

  0x00000224ed847660: ;   {oop(a 'java/lang/Boolean'{0x0000000702cd44c8} = true)}
  0x00000224ed847660: 4181 fb99 | a859 e00f | 8401 d4ff | ff41 807f | 4000 0f85 | 7826 0000 

  0x00000224ed847678: ;   {oop(a 'java/lang/Boolean'{0x0000000702cd44c8} = true)}
  0x00000224ed847678: c743 2099 

  0x00000224ed84767c: ;   {oop(a 'java/lang/Boolean'{0x0000000702cd44c8} = true)}
  0x00000224ed84767c: a859 e049 | bac8 44cd | 0207 0000 | 004c 8bdb | 4d33 d349 | c1ea 154d | 85d2 0f84 | d2d3 ffff 
  0x00000224ed84769c: 49c1 eb09 | 48b9 0090 | 6af1 2402 | 0000 4903 | cb80 3902 | 0f84 b8d3 | ffff 4d8b | 5748 4d8b 
  0x00000224ed8476bc: 5f58 f083 | 4424 c000 | 8039 000f | 84a1 d3ff | ff44 8821 | 4d85 d275 | 2049 8bd7 | c5f8 7749 
  0x00000224ed8476dc: bab0 018d | e5fc 7f00 | 0041 ffd2 

  0x00000224ed8476e8: ;   {other}
  0x00000224ed8476e8: 0f1f 8400 | 0000 0000 | e979 d3ff | ff4b 894c | 13f8 4983 | c2f8 4d89 | 5748 e967 | d3ff ff41 
  0x00000224ed847708: ;   {metadata({type array byte})}
  0x00000224ed847708: 8bea 48ba | 6822 0080 | 2402 0000 | 448b c54c | 89b4 24d0 | 0000 0090 

  0x00000224ed847720: ;   {runtime_call _new_array_Java}
  0x00000224ed847720: c5f8 77e8 

  0x00000224ed847724: ; ImmutableOopMap {[40]=Oop [56]=Oop [72]=Oop [88]=Oop [112]=Oop [120]=NarrowOop [124]=NarrowOop [128]=Oop [136]=Oop [144]=Oop [152]=Oop [160]=Oop }
                      ;*invokevirtual allocateUninitializedArray0 {reexecute=0 rethrow=0 return_oop=1}
                      ; - jdk.internal.misc.Unsafe::allocateUninitializedArray@51 (line 1380)
                      ; - java.lang.StringConcatHelper::newArray@33 (line 511)
                      ; - java.lang.StringConcatHelper::simpleConcat@61 (line 435)
                      ; - java.lang.String::concat@11 (line 2899)
                      ; - jdk.internal.loader.BuiltinClassLoader::isSealed@14 (line 992)
                      ; - jdk.internal.loader.BuiltinClassLoader::getAndVerifyPackage@70 (line 911)
                      ; - jdk.internal.loader.BuiltinClassLoader::defineOrCheckPackage@4 (line 877)
                      ; - jdk.internal.loader.ClassLoaders$AppClassLoader::defineOrCheckPackage@4 (line 211)
                      ; - jdk.internal.loader.BuiltinClassLoader::defineClass@40 (line 849)
                      ; - jdk.internal.loader.BuiltinClassLoader::findClassOnClassPathOrNull@37 (line 760)
  0x00000224ed847724: 5870 3aff 

  0x00000224ed847728: ;   {other}
  0x00000224ed847728: 0f1f 8400 | 9860 0051 | 488b d8e9 | 0ac2 ffff | 4889 5c24 

  0x00000224ed84773c: ;   {metadata('java/lang/String')}
  0x00000224ed84773c: 4048 ba58 | e500 8024 | 0200 0048 | 8b6c 2438 

  0x00000224ed84774c: ;   {runtime_call _new_instance_Java}
  0x00000224ed84774c: c5f8 77e8 

  0x00000224ed847750: ; ImmutableOopMap {rbp=Oop [40]=Oop [64]=Oop [72]=Oop [88]=Oop [112]=Oop [120]=NarrowOop [124]=NarrowOop [128]=Oop [136]=Oop [144]=Oop }
                      ;*new {reexecute=0 rethrow=0 return_oop=1}
                      ; - java.lang.StringConcatHelper::newString@6 (line 400)
                      ; - java.lang.StringConcatHelper::simpleConcat@90 (line 440)
                      ; - java.lang.String::concat@11 (line 2899)
                      ; - jdk.internal.loader.BuiltinClassLoader::isSealed@14 (line 992)
                      ; - jdk.internal.loader.BuiltinClassLoader::getAndVerifyPackage@70 (line 911)
                      ; - jdk.internal.loader.BuiltinClassLoader::defineOrCheckPackage@4 (line 877)
                      ; - jdk.internal.loader.ClassLoaders$AppClassLoader::defineOrCheckPackage@4 (line 211)
                      ; - jdk.internal.loader.BuiltinClassLoader::defineClass@40 (line 849)
                      ; - jdk.internal.loader.BuiltinClassLoader::findClassOnClassPathOrNull@37 (line 760)
  0x00000224ed847750: 2c24 3aff 

  0x00000224ed847754: ;   {other}
  0x00000224ed847754: 0f1f 8400 | c460 0052 | 488b 5c24 | 40e9 acc2 

  0x00000224ed847764: ;   {metadata({type array byte})}
  0x00000224ed847764: ffff 48ba | 6822 0080 | 2402 0000 | 448b 8424 | a000 0000 

  0x00000224ed847778: ;   {runtime_call _new_array_Java}
  0x00000224ed847778: c5f8 77e8 

  0x00000224ed84777c: ; ImmutableOopMap {[40]=Oop [56]=Oop [72]=Oop [80]=Oop [96]=Oop [112]=Oop [120]=NarrowOop [128]=Oop [136]=Oop [144]=Oop [152]=NarrowOop [156]=NarrowOop }
                      ;*invokevirtual allocateUninitializedArray0 {reexecute=0 rethrow=0 return_oop=1}
                      ; - jdk.internal.misc.Unsafe::allocateUninitializedArray@51 (line 1380)
                      ; - java.lang.StringConcatHelper::newArray@33 (line 511)
                      ; - java.lang.StringLatin1::replace@49 (line 304)
                      ; - java.lang.String::replace@18 (line 2933)
                      ; - jdk.internal.loader.BuiltinClassLoader::isSealed@9 (line 992)
                      ; - jdk.internal.loader.BuiltinClassLoader::getAndVerifyPackage@70 (line 911)
                      ; - jdk.internal.loader.BuiltinClassLoader::defineOrCheckPackage@4 (line 877)
                      ; - jdk.internal.loader.ClassLoaders$AppClassLoader::defineOrCheckPackage@4 (line 211)
                      ; - jdk.internal.loader.BuiltinClassLoader::defineClass@40 (line 849)
                      ; - jdk.internal.loader.BuiltinClassLoader::findClassOnClassPathOrNull@37 (line 760)
  0x00000224ed84777c: 0070 3aff 

  0x00000224ed847780: ;   {other}
  0x00000224ed847780: 0f1f 8400 | f060 0053 | 4c8b c0e9 | a5bd ffff 

  0x00000224ed847790: ;   {metadata('java/lang/String')}
  0x00000224ed847790: 488b ea48 | ba58 e500 | 8024 0200 | 0066 6690 

  0x00000224ed8477a0: ;   {runtime_call _new_instance_Java}
  0x00000224ed8477a0: c5f8 77e8 

  0x00000224ed8477a4: ; ImmutableOopMap {rbp=Oop [40]=Oop [56]=Oop [72]=Oop [96]=Oop [112]=Oop [120]=NarrowOop [128]=Oop [136]=Oop [144]=Oop [152]=NarrowOop }
                      ;*new {reexecute=0 rethrow=0 return_oop=1}
                      ; - java.lang.StringLatin1::replace@116 (line 313)
                      ; - java.lang.String::replace@18 (line 2933)
                      ; - jdk.internal.loader.BuiltinClassLoader::isSealed@9 (line 992)
                      ; - jdk.internal.loader.BuiltinClassLoader::getAndVerifyPackage@70 (line 911)
                      ; - jdk.internal.loader.BuiltinClassLoader::defineOrCheckPackage@4 (line 877)
                      ; - jdk.internal.loader.ClassLoaders$AppClassLoader::defineOrCheckPackage@4 (line 211)
                      ; - jdk.internal.loader.BuiltinClassLoader::defineClass@40 (line 849)
                      ; - jdk.internal.loader.BuiltinClassLoader::findClassOnClassPathOrNull@37 (line 760)
  0x00000224ed8477a4: d823 3aff 

  0x00000224ed8477a8: ;   {other}
  0x00000224ed8477a8: 0f1f 8400 | 1861 0054 | 488b d5e9 | 1ac0 ffff | 4c89 4424 | 6848 894c | 2460 4c89 | 4c24 5848 
  0x00000224ed8477c8: 895c 2450 | 4489 5c24 | 444c 8b54 | 2470 4c89 | 5424 304c | 8b54 2438 | 4c89 5424 | 284c 8b54 
  0x00000224ed8477e8: 2448 4c89 

  0x00000224ed8477ec: ;   {metadata({type array byte})}
  0x00000224ed8477ec: 5424 2048 | ba68 2200 | 8024 0200 | 0044 8b44 | 2444 6690 

  0x00000224ed847800: ;   {runtime_call _new_array_nozero_Java}
  0x00000224ed847800: c5f8 77e8 

  0x00000224ed847804: ; ImmutableOopMap {rbp=Oop [88]=Derived_oop_rbp [32]=Oop [40]=Oop [48]=Oop [80]=Oop [120]=NarrowOop }
                      ;*newarray {reexecute=0 rethrow=0 return_oop=1}
                      ; - java.util.Arrays::copyOfRangeByte@10 (line 3863)
                      ; - java.util.Arrays::copyOfRange@13 (line 3854)
                      ; - java.lang.StringLatin1::newString@16 (line 752)
                      ; - java.lang.String::substring@41 (line 2839)
                      ; - jdk.internal.loader.BuiltinClassLoader::defineClass@23 (line 847)
                      ; - jdk.internal.loader.BuiltinClassLoader::findClassOnClassPathOrNull@37 (line 760)
  0x00000224ed847804: 7872 3aff 

  0x00000224ed847808: ;   {other}
  0x00000224ed847808: 0f1f 8400 | 7861 0055 | 4c8b 5c24 | 204c 895c | 2448 4c8b | 5c24 284c | 895c 2438 | 4c8b 5c24 
  0x00000224ed847828: 304c 895c | 2470 448b | 5c24 4448 | 8b5c 2450 | 4c8b 4c24 | 5848 8b4c | 2460 4c8b | 4424 6848 
  0x00000224ed847848: 8bf0 e9ef | b1ff ff89 | 5c24 3489 | 4c24 304c | 894c 2428 | 4889 7424 | 2066 6690 

  0x00000224ed847864: ;   {static_call}
  0x00000224ed847864: c5f8 77e8 

  0x00000224ed847868: ; ImmutableOopMap {rbp=Oop [40]=Oop [48]=NarrowOop [52]=NarrowOop [72]=Oop [112]=Oop [120]=NarrowOop [128]=Oop [136]=Oop [144]=Oop }
                      ;*invokestatic hashCode {reexecute=0 rethrow=0 return_oop=0}
                      ; - java.lang.String::hashCode@37 (line 2370)
                      ; - java.util.concurrent.ConcurrentHashMap::get@1 (line 936)
                      ; - java.lang.ClassLoader::definePackage@47 (line 2125)
                      ; - java.lang.ClassLoader::getDefinedPackage@32 (line 2267)
                      ; - jdk.internal.loader.BuiltinClassLoader::getAndVerifyPackage@2 (line 902)
                      ; - jdk.internal.loader.BuiltinClassLoader::defineOrCheckPackage@4 (line 877)
                      ; - jdk.internal.loader.ClassLoaders$AppClassLoader::defineOrCheckPackage@4 (line 211)
                      ; - jdk.internal.loader.BuiltinClassLoader::defineClass@40 (line 849)
                      ; - jdk.internal.loader.BuiltinClassLoader::findClassOnClassPathOrNull@37 (line 760)
  0x00000224ed847868: 1478 2dff 

  0x00000224ed84786c: ;   {other}
  0x00000224ed84786c: 0f1f 8400 | dc61 0056 | e91f d9ff | ff4c 8b94 | 2480 0000 | 0041 c642 | 1101 33c0 | 488b 7424 
  0x00000224ed84788c: 208b 4c24 | 308b 5c24 | 344c 8b4c | 2428 e95a | b7ff ff48 | 899c 2498 | 0000 0044 | 8954 247c 
  0x00000224ed8478ac: 4889 4424 | 684c 895c | 2460 4c8b | 5424 284c | 8954 2458 | 4c8b 9424 | 9000 0000 | 4c89 5424 
  0x00000224ed8478cc: 504c 8b94 | 2488 0000 | 004c 8954 | 2440 4c8b | 9424 8000 | 0000 4c89 | 5424 3848 | 8974 2430 
  0x00000224ed8478ec: 448b 5c24 | 7844 895c | 2428 4c8b | 5424 704c | 8954 2420 | 488b 6c24 | 4866 6690 

  0x00000224ed847908: ;   {static_call}
  0x00000224ed847908: c5f8 77e8 

  0x00000224ed84790c: ; ImmutableOopMap {rbp=Oop [32]=Oop [40]=NarrowOop [56]=Oop [64]=Oop [80]=Oop [88]=Oop [96]=Oop [104]=Oop [128]=Oop [136]=Oop [152]=Oop }
                      ;*invokestatic hashCode {reexecute=0 rethrow=0 return_oop=0}
                      ; - java.lang.String::hashCode@37 (line 2370)
                      ; - java.util.HashMap::hash@9 (line 338)
                      ; - java.util.HashMap::getNode@23 (line 576)
                      ; - java.util.HashMap::get@2 (line 564)
                      ; - java.util.jar.Manifest::getAttributes@5 (line 160)
                      ; - java.util.jar.Manifest::getTrustedAttributes@2 (line 177)
                      ; - java.util.jar.JavaUtilJarAccessImpl::getTrustedAttributes@2 (line 38)
                      ; - jdk.internal.loader.BuiltinClassLoader::isSealed@17 (line 992)
                      ; - jdk.internal.loader.BuiltinClassLoader::getAndVerifyPackage@70 (line 911)
                      ; - jdk.internal.loader.BuiltinClassLoader::defineOrCheckPackage@4 (line 877)
                      ; - jdk.internal.loader.ClassLoaders$AppClassLoader::defineOrCheckPackage@4 (line 211)
                      ; - jdk.internal.loader.BuiltinClassLoader::defineClass@40 (line 849)
                      ; - jdk.internal.loader.BuiltinClassLoader::findClassOnClassPathOrNull@37 (line 760)
  0x00000224ed84790c: 7077 2dff 

  0x00000224ed847910: ;   {other}
  0x00000224ed847910: 0f1f 8400 | 8062 0057 | e917 daff | ff48 8b4c | 2468 c641 | 1101 4533 | d245 33c9 | 4889 6c24 
  0x00000224ed847930: 484c 8b5c | 2420 4c89 | 5c24 7044 | 8b44 2428 | 4489 4424 | 7848 8b74 | 2430 4c8b | 5c24 384c 
  0x00000224ed847950: 899c 2480 | 0000 004c | 8b5c 2440 | 4c89 9c24 | 8800 0000 | 4c8b 5c24 | 504c 899c | 2490 0000 
  0x00000224ed847970: 004c 8b5c | 2458 4c89 | 5c24 284c | 8b5c 2460 | 488b 9c24 | 9800 0000 | e910 c1ff | ff8b ebe9 
  0x00000224ed847990: 71a8 ffff | 894c 2434 | 4c89 4c24 | 604c 8b94 | 2490 0000 | 004c 8954 | 2458 4889 | 7424 3844 
  0x00000224ed8479b0: 8b5c 2478 | 4489 5c24 | 304c 8b54 | 2470 4c89 | 5424 284c | 8b54 2448 | 4c89 5424 

  0x00000224ed8479cc: ;   {metadata('java/lang/ClassLoader$$Lambda+0x000002248104e3b8')}
  0x00000224ed8479cc: 2048 bab8 | e304 8124 | 0200 004c | 8b94 2490 | 0000 004c | 8954 2448 

  0x00000224ed8479e4: ;   {runtime_call _new_instance_Java}
  0x00000224ed8479e4: c5f8 77e8 

  0x00000224ed8479e8: ; ImmutableOopMap {rbp=NarrowOop [32]=Oop [40]=Oop [48]=NarrowOop [52]=NarrowOop [72]=Oop [88]=Oop [96]=Oop [128]=Oop [136]=Oop }
                      ;*invokevirtual allocateInstance {reexecute=0 rethrow=0 return_oop=1}
                      ; - java.lang.invoke.DirectMethodHandle::allocateInstance@12 (line 501)
                      ; - java.lang.invoke.DirectMethodHandle$Holder::newInvokeSpecial@1
                      ; - java.lang.invoke.Invokers$Holder::linkToTargetMethod@6
                      ; - java.lang.ClassLoader::definePackage@73 (line 2129)
                      ; - java.lang.ClassLoader::getDefinedPackage@32 (line 2267)
                      ; - jdk.internal.loader.BuiltinClassLoader::getAndVerifyPackage@2 (line 902)
                      ; - jdk.internal.loader.BuiltinClassLoader::defineOrCheckPackage@4 (line 877)
                      ; - jdk.internal.loader.ClassLoaders$AppClassLoader::defineOrCheckPackage@4 (line 211)
                      ; - jdk.internal.loader.BuiltinClassLoader::defineClass@40 (line 849)
                      ; - jdk.internal.loader.BuiltinClassLoader::findClassOnClassPathOrNull@37 (line 760)
  0x00000224ed8479e8: 9421 3aff 

  0x00000224ed8479ec: ;   {other}
  0x00000224ed8479ec: 0f1f 8400 | 5c63 0058 | 4c8b 5424 | 204c 8954 | 2448 4c8b | 5424 284c | 8954 2470 | 448b 5424 
  0x00000224ed847a0c: 3044 8954 | 2478 488b | 7424 384c | 8b54 2458 | 4c89 9424 | 9000 0000 | 8b4c 2434 | 4c8b d04c 
  0x00000224ed847a2c: 8b4c 2460 | e965 b8ff | ff48 8944 | 2460 4c89 | 4c24 5848 | 895c 2450 | 4489 5424 | 444c 8b54 
  0x00000224ed847a4c: 2470 4c89 | 5424 304c | 8b54 2438 | 4c89 5424 | 284c 8b54 | 2448 4c89 

  0x00000224ed847a64: ;   {metadata({type array byte})}
  0x00000224ed847a64: 5424 2048 | ba68 2200 | 8024 0200 | 0044 8bc7 

  0x00000224ed847a74: ;   {runtime_call _new_array_nozero_Java}
  0x00000224ed847a74: c5f8 77e8 

  0x00000224ed847a78: ; ImmutableOopMap {rbp=Oop [88]=Derived_oop_rbp [32]=Oop [40]=Oop [48]=Oop [68]=NarrowOop [80]=Oop [112]=Oop [120]=NarrowOop }
                      ;*invokevirtual clone {reexecute=1 rethrow=0 return_oop=1}
                      ; - (reexecute) java.util.Arrays::copyOfRange@18 (line 3856)
                      ; - java.lang.StringLatin1::newString@16 (line 752)
                      ; - java.lang.String::substring@41 (line 2839)
                      ; - jdk.internal.loader.BuiltinClassLoader::defineClass@23 (line 847)
                      ; - jdk.internal.loader.BuiltinClassLoader::findClassOnClassPathOrNull@37 (line 760)
  0x00000224ed847a78: 0470 3aff 

  0x00000224ed847a7c: ;   {other}
  0x00000224ed847a7c: 0f1f 8400 | ec63 0059 | 4c8b d04c | 8b5c 2420 | 4c89 5c24 | 484c 8b5c | 2428 4c89 | 5c24 3848 
  0x00000224ed847a9c: 8b5c 2450 | 4c8b 4c24 | 5848 8b44 | 2460 498b | f2e9 b5ae | ffff 488b | 5c24 4044 | 8b5b 100f 
  0x00000224ed847abc: 1f44 0000 | 4585 db0f | 84e8 dbff | ff4d 8b57 | 2849 8bcb | 48c1 e103 | 4d85 d20f | 84ab 2500 
  0x00000224ed847adc: 004d 8b5f | 384b 894c | 13f8 4983 | c2f8 4d89 | 5728 e9be | dbff ff48 | 8b5c 2440 | 448b 5b14 
  0x00000224ed847afc: 0f1f 4000 | 4585 db0f | 840b dcff | ff4d 8b57 | 2849 8bcb | 48c1 e103 | 4d85 d20f | 848b 2500 
  0x00000224ed847b1c: 004d 8b5f | 384b 894c | 13f8 4983 | c2f8 4d89 | 5728 e9e1 | dbff ff4d | 8b57 584d | 8b5f 48f0 
  0x00000224ed847b3c: 8344 24c0 | 0080 3900 | 0f84 6ada | ffff 4488 | 214d 85db | 7526 4d8b | f149 8bd7 | c5f8 7749 
  0x00000224ed847b5c: bab0 018d | e5fc 7f00 | 0041 ffd2 

  0x00000224ed847b68: ;   {other}
  0x00000224ed847b68: 0f1f 8400 | 0000 0000 | 4d8b cee9 | 3cda ffff | 4b89 4c1a | f849 83c3 | f84d 895f | 48e9 2ada 
  0x00000224ed847b88: ffff 4d8b | 5748 4d8b | 5f58 f083 | 4424 c000 | 8039 0074 | 3244 8821 | 4d85 d274 | 0f4b 894c 
  0x00000224ed847ba8: 13f8 4983 | c2f8 4d89 | 5748 eb1b | 498b d7c5 | f877 49ba | b001 8de5 | fc7f 0000 

  0x00000224ed847bc4: ;   {other}
  0x00000224ed847bc4: 41ff d20f | 1f84 0000 | 0000 0044 | 8b53 1045 | 85d2 0f84 | 962a 0000 | 49c1 e203 | 498b fae9 
  0x00000224ed847be4: 01db ffff | 4d8b 5748 | 4d8b 5f58 | f083 4424 | c000 8039 | 000f 844f | dbff ff44 | 8821 4d85 
  0x00000224ed847c04: d275 2049 | 8bd7 c5f8 | 7749 bab0 | 018d e5fc | 7f00 0041 

  0x00000224ed847c18: ;   {other}
  0x00000224ed847c18: ffd2 0f1f | 8400 0000 | 0000 e927 | dbff ff4b | 894c 13f8 | 4983 c2f8 | 4d89 5748 | e915 dbff 
  0x00000224ed847c38: ff48 8b6c 

  0x00000224ed847c3c: ;   {metadata('java/lang/String')}
  0x00000224ed847c3c: 2448 48ba | 58e5 0080 | 2402 0000 

  0x00000224ed847c48: ;   {runtime_call _new_instance_Java}
  0x00000224ed847c48: c5f8 77e8 

  0x00000224ed847c4c: ; ImmutableOopMap {rbp=Oop [56]=Oop [72]=Oop }
                      ;*new {reexecute=0 rethrow=0 return_oop=1}
                      ; - java.lang.StringConcatHelper::simpleConcat@17 (line 425)
                      ; - java.lang.String::concat@11 (line 2899)
                      ; - jdk.internal.loader.BuiltinClassLoader::findClassOnClassPathOrNull@10 (line 755)
  0x00000224ed847c4c: 301f 3aff 

  0x00000224ed847c50: ;   {other}
  0x00000224ed847c50: 0f1f 8400 | c065 005a | e9c1 d4ff | ff48 8bd8 | 488b d3c5 | f877 4881 | c420 0100 

  0x00000224ed847c6c: ;   {runtime_call _rethrow_Java}
  0x00000224ed847c6c: 005d e90d | 953a ff41 | 8beb e934 | b8ff ff44 | 8b55 0c90 | 4585 d20f | 84e5 ddff | ff4d 8b5f 
  0x00000224ed847c8c: 2849 8bca | 48c1 e103 | 4d85 db0f | 8477 2400 | 004d 8b57 | 384b 894c | 1af8 4983 | c3f8 4d89 
  0x00000224ed847cac: 5f28 e9bb | ddff ff45 | 8b58 1045 | 85db 660f | 1f44 0000 | 0f84 a8de | ffff 4d8b | 5728 498b 
  0x00000224ed847ccc: cb48 c1e1 | 034d 85d2 | 0f84 ee23 | 0000 4d8b | 5f38 4b89 | 4c13 f849 | 83c2 f84d | 8957 28e9 
  0x00000224ed847cec: 7ede ffff | 4c8b 4424 | 5845 8b58 | 0c45 85db | 0f1f 4000 | 0f84 d3dd | ffff 4d8b | 5728 498b 
  0x00000224ed847d0c: cb48 c1e1 | 034d 85d2 | 0f84 da23 | 0000 4d8b | 5f38 4b89 | 4c13 f849 | 83c2 f84d | 8957 284c 
  0x00000224ed847d2c: 8b44 2458 | e9a4 ddff | ff4c 8bd5 | 458b 4214 | 0f1f 4000 | 4585 c00f | 8491 deff | ff4d 8b5f 
  0x00000224ed847d4c: 2849 8bc8 | 48c1 e103 | 4d85 db0f | 84d7 2300 | 004d 8b47 | 384b 894c | 18f8 4983 | c3f8 4d89 
  0x00000224ed847d6c: ;   {no_reloc}
  0x00000224ed847d6c: 5f28 e967 | deff ff45 | 8b58 1045 | 85db 660f | 1f44 0000 | 0f84 eede | ffff 4d8b | 5728 498b 
  0x00000224ed847d8c: cb48 c1e1 | 034d 85d2 | 0f84 bd23 | 0000 4d8b | 5f38 4b89 | 4c13 f849 | 83c2 f84d | 8957 28e9 
  0x00000224ed847dac: c4de ffff | 4c8b 4c24 | 4845 8b59 | 2845 85db | 0f1f 4000 | 0f84 0adf | ffff 4d8b | 5728 498b 
  0x00000224ed847dcc: cb48 c1e1 | 034d 85d2 | 0f84 a323 | 0000 4d8b | 5f38 4b89 | 4c13 f849 | 83c2 f84d | 8957 28e9 
  0x00000224ed847dec: e0de ffff | 4d8b 5758 | 4d8b 5f48 | f083 4424 | c000 6690 | 8039 000f | 84a0 ddff | ff44 8821 
  0x00000224ed847e0c: 4d85 db75 | 2649 8bd8 | 498b d7c5 | f877 49ba | b001 8de5 | fc7f 0000 

  0x00000224ed847e24: ;   {other}
  0x00000224ed847e24: 41ff d20f | 1f84 0000 | 0000 004c | 8bc3 e972 | ddff ff4b | 894c 1af8 | 4983 c3f8 | 4d89 5f48 
  0x00000224ed847e44: e960 ddff | ff4d 8b57 | 484d 8b5f | 58f0 8344 | 24c0 0080 | 3900 660f | 1f44 0000 | 0f84 a3dc 
  0x00000224ed847e64: ffff 4488 | 214d 85d2 | 7526 498b | d849 8bd7 | c5f8 7749 | bab0 018d | e5fc 7f00 | 0041 ffd2 
  0x00000224ed847e84: ;   {other}
  0x00000224ed847e84: 0f1f 8400 | 0000 0000 | 4c8b c3e9 | 75dc ffff | 4b89 4c13 | f849 83c2 | f84d 8957 | 48e9 63dc 
  0x00000224ed847ea4: ffff 4d8b | 5748 4d8b | 5f58 f083 | 4424 c000 | 8039 000f | 84f9 ddff | ff44 8821 | 4d85 d275 
  0x00000224ed847ec4: 2649 8bf0 | 498b d7c5 | f877 49ba | b001 8de5 | fc7f 0000 

  0x00000224ed847ed8: ;   {other}
  0x00000224ed847ed8: 41ff d20f | 1f84 0000 | 0000 004c | 8bc6 e9cb | ddff ff4b | 894c 13f8 | 4983 c2f8 | 4d89 5748 
  0x00000224ed847ef8: e9b9 ddff | ff4d 8b57 | 484d 8b5f | 58f0 8344 | 24c0 0080 | 3900 0f84 | fedd ffff | 4488 214d 
  0x00000224ed847f18: 85d2 7520 | 498b d7c5 | f877 49ba | b001 8de5 | fc7f 0000 

  0x00000224ed847f2c: ;   {other}
  0x00000224ed847f2c: 41ff d20f | 1f84 0000 | 0000 00e9 | d6dd ffff | 4b89 4c13 | f849 83c2 | f84d 8957 | 48e9 c4dd 
  0x00000224ed847f4c: ffff 4d8b | 5758 4d8b | 5f48 f083 | 4424 c000 | 0f1f 4000 | 8039 000f | 8460 dbff | ff44 8821 
  0x00000224ed847f6c: 4d85 db75 | 2049 8bd7 | c5f8 7749 | bab0 018d | e5fc 7f00 | 0041 ffd2 

  0x00000224ed847f84: ;   {other}
  0x00000224ed847f84: 0f1f 8400 | 0000 0000 | e938 dbff | ff4b 894c | 1af8 4983 | c3f8 4d89 | 5f48 6690 | e924 dbff 
  0x00000224ed847fa4: ff4c 8bc5 | 448b 5530 | 4585 d20f | 84b9 dfff | ff4d 8b5f | 2849 8bca | 48c1 e103 | 4d85 db0f 
  0x00000224ed847fc4: 842b 2200 | 004d 8b57 | 384b 894c | 1af8 4983 | c3f8 4d89 | 5f28 4c8b | c54c 8b9c | 2488 0000 
  0x00000224ed847fe4: 00e9 84df | ffff 4c8b | 9c24 8800 | 0000 458b | 530c 4585 | d274 2b49 | 8bfb 4d8b | 5f28 498b 
  0x00000224ed848004: ca48 c1e1 | 034d 85db | 0f84 c221 | 0000 4d8b | 5738 4b89 | 4c1a f849 | 83c3 f84d | 895f 284c 
  0x00000224ed848024: 8bdf 4c89 | 9c24 8800 | 0000 e9c3 | deff ff49 | 8bd8 4d8b | 5748 4d8b | 5f58 f083 | 4424 c000 
  0x00000224ed848044: 8039 0074 | 3444 8821 | 4d85 d274 | 114b 894c | 13f8 4983 | c2f8 4d89 | 5748 6690 | eb1b 498b 
  0x00000224ed848064: d7c5 f877 | 49ba b001 | 8de5 fc7f | 0000 41ff 

  0x00000224ed848074: ;   {other}
  0x00000224ed848074: d20f 1f84 | 0000 0000 | 004c 8bc3 | e91a dfff | ff4d 8b57 | 584d 8b5f | 48f0 8344 | 24c0 0080 
  0x00000224ed848094: 3900 0f84 | adde ffff | 4488 2190 | 4d85 db75 | 2049 8bd7 | c5f8 7749 | bab0 018d | e5fc 7f00 
  0x00000224ed8480b4: 0041 ffd2 

  0x00000224ed8480b8: ;   {other}
  0x00000224ed8480b8: 0f1f 8400 | 0000 0000 | e984 deff | ff4b 894c | 1af8 4983 | c3f8 4d89 | 5f48 e972 | deff ff89 
  0x00000224ed8480d8: 7c24 7c44 | 8954 2434 | 4c89 5c24 | 684c 8b54 | 2428 4c89 | 5424 604c | 8b94 2490 | 0000 004c 
  0x00000224ed8480f8: 8954 2458 | 4889 7424 | 384c 8b54 | 2470 4c89 | 5424 284c | 8b54 2448 | 4c89 5424 

  0x00000224ed848114: ;   {metadata('java/lang/String')}
  0x00000224ed848114: 2048 ba58 | e500 8024 | 0200 0049 | 8be9 6690 

  0x00000224ed848124: ;   {runtime_call _new_instance_Java}
  0x00000224ed848124: c5f8 77e8 

  0x00000224ed848128: ; ImmutableOopMap {rbp=Oop [32]=Oop [40]=Oop [52]=NarrowOop [88]=Oop [96]=Oop [104]=Oop [120]=NarrowOop [128]=Oop [136]=Oop }
                      ;*new {reexecute=0 rethrow=0 return_oop=1}
                      ; - java.lang.StringConcatHelper::simpleConcat@17 (line 425)
                      ; - java.lang.String::concat@11 (line 2899)
                      ; - jdk.internal.loader.BuiltinClassLoader::isSealed@14 (line 992)
                      ; - jdk.internal.loader.BuiltinClassLoader::getAndVerifyPackage@70 (line 911)
                      ; - jdk.internal.loader.BuiltinClassLoader::defineOrCheckPackage@4 (line 877)
                      ; - jdk.internal.loader.ClassLoaders$AppClassLoader::defineOrCheckPackage@4 (line 211)
                      ; - jdk.internal.loader.BuiltinClassLoader::defineClass@40 (line 849)
                      ; - jdk.internal.loader.BuiltinClassLoader::findClassOnClassPathOrNull@37 (line 760)
  0x00000224ed848128: 541a 3aff 

  0x00000224ed84812c: ;   {other}
  0x00000224ed84812c: 0f1f 8400 | 9c6a 005b | 4c8b 5424 | 204c 8954 | 2448 4c8b | 5424 284c | 8954 2470 | 488b 7424 
  0x00000224ed84814c: 384c 8b54 | 2458 4c89 | 9424 9000 | 0000 4c8b | 5424 604c | 8954 2428 | 4c8b 5c24 | 6844 8b54 
  0x00000224ed84816c: 2434 8b7c | 247c e9de | d0ff ff44 | 8bc5 4c8b | 8c24 8800 | 0000 448b | 5424 2c48 | 8b9c 2498 
  0x00000224ed84818c: 0000 004c | 8b9c 24a0 | 0000 00e9 | 79e9 ffff | 4889 5c24 | 4044 896c | 2424 4c89 | 4c24 3848 
  0x00000224ed8481ac: 8974 2428 | 488b 6c24 

  0x00000224ed8481b4: ;   {metadata('java/io/FileInputStream')}
  0x00000224ed8481b4: 4848 ba00 | 1601 8024 | 0200 0090 

  0x00000224ed8481c0: ;   {runtime_call _new_instance_Java}
  0x00000224ed8481c0: c5f8 77e8 

  0x00000224ed8481c4: ; ImmutableOopMap {rbp=Oop [56]=Oop [64]=Oop [112]=Oop [120]=NarrowOop [144]=Oop }
                      ;*new {reexecute=0 rethrow=0 return_oop=1}
                      ; - jdk.internal.loader.URLClassPath$FileLoader$1::getInputStream@0 (line 1119)
                      ; - jdk.internal.loader.Resource::cachedInputStream@9 (line 77)
                      ; - jdk.internal.loader.Resource::getByteBuffer@1 (line 163)
                      ; - jdk.internal.loader.BuiltinClassLoader::defineClass@45 (line 853)
                      ; - jdk.internal.loader.BuiltinClassLoader::findClassOnClassPathOrNull@37 (line 760)
  0x00000224ed8481c4: b819 3aff 

  0x00000224ed8481c8: ;   {other}
  0x00000224ed8481c8: 0f1f 8400 | 386b 005c | 4889 6c24 | 4848 8b74 | 2428 448b | 6c24 2448 | 8b5c 2440 | 4c8b 4c24 
  0x00000224ed8481e8: 38e9 4dd3 | ffff 4889 | 7c24 5848 | 895c 2450 | 4489 6c24 | 2c4c 894c | 2440 4889 | 7424 3044 
  0x00000224ed848208: 8b54 2478 | 4489 5424 | 284c 8b54 | 2448 4c89 

  0x00000224ed848218: ;   {metadata('java/lang/Object')}
  0x00000224ed848218: 5424 2048 | ba70 0e00 | 8024 0200 | 0066 6690 

  0x00000224ed848228: ;   {runtime_call _new_instance_Java}
  0x00000224ed848228: c5f8 77e8 

  0x00000224ed84822c: ; ImmutableOopMap {rbp=NarrowOop [32]=Oop [40]=NarrowOop [64]=Oop [80]=Oop [88]=Oop [112]=Oop [144]=Oop }
                      ;*new {reexecute=0 rethrow=0 return_oop=1}
                      ; - java.io.FileInputStream::<init>@5 (line 74)
                      ; - jdk.internal.loader.URLClassPath$FileLoader$1::getInputStream@8 (line 1119)
                      ; - jdk.internal.loader.Resource::cachedInputStream@9 (line 77)
                      ; - jdk.internal.loader.Resource::getByteBuffer@1 (line 163)
                      ; - jdk.internal.loader.BuiltinClassLoader::defineClass@45 (line 853)
                      ; - jdk.internal.loader.BuiltinClassLoader::findClassOnClassPathOrNull@37 (line 760)
  0x00000224ed84822c: 5019 3aff 

  0x00000224ed848230: ;   {other}
  0x00000224ed848230: 0f1f 8400 | a06b 005d | 4c8b 5424 | 204c 8954 | 2448 448b | 5c24 2844 | 895c 2478 | 488b 7424 
  0x00000224ed848250: 3044 8b6c | 242c 488b | 5c24 5048 | 8b7c 2458 | 4c8b 4c24 | 40e9 13d3 

  0x00000224ed848268: ;   {metadata('java/io/FileDescriptor')}
  0x00000224ed848268: ffff 48ba | 8820 0180 | 2402 0000 

  0x00000224ed848274: ;   {runtime_call _new_instance_Java}
  0x00000224ed848274: c5f8 77e8 

  0x00000224ed848278: ; ImmutableOopMap {rbp=Oop [48]=Oop [56]=Oop [64]=Oop [72]=Oop [112]=Oop [120]=NarrowOop [144]=Oop }
                      ;*new {reexecute=0 rethrow=0 return_oop=1}
                      ; - java.io.FileInputStream::<init>@71 (line 149)
                      ; - jdk.internal.loader.URLClassPath$FileLoader$1::getInputStream@8 (line 1119)
                      ; - jdk.internal.loader.Resource::cachedInputStream@9 (line 77)
                      ; - jdk.internal.loader.Resource::getByteBuffer@1 (line 163)
                      ; - jdk.internal.loader.BuiltinClassLoader::defineClass@45 (line 853)
                      ; - jdk.internal.loader.BuiltinClassLoader::findClassOnClassPathOrNull@37 (line 760)
  0x00000224ed848278: 0419 3aff 

  0x00000224ed84827c: ;   {other}
  0x00000224ed84827c: 0f1f 8400 | ec6b 005e | 488b f8e9 | 06d4 ffff 

  0x00000224ed84828c: ;   {metadata('java/util/jar/Manifest')}
  0x00000224ed84828c: 48ba 80ee | 0480 2402 | 0000 6690 

  0x00000224ed848298: ;   {runtime_call _new_instance_Java}
  0x00000224ed848298: c5f8 77e8 

  0x00000224ed84829c: ; ImmutableOopMap {rbp=Oop [32]=Oop [40]=Oop [48]=Oop [56]=Oop [64]=NarrowOop [80]=Oop [120]=NarrowOop [128]=Oop }
                      ;*new {reexecute=0 rethrow=0 return_oop=1}
                      ; - java.util.jar.JarFile::getManifestFromReference@134 (line 432)
                      ; - java.util.jar.JarFile::getManifest@1 (line 405)
                      ; - jdk.internal.loader.URLClassPath$JarLoader$2::getManifest@22 (line 853)
                      ; - jdk.internal.loader.BuiltinClassLoader::defineClass@29 (line 848)
                      ; - jdk.internal.loader.BuiltinClassLoader::findClassOnClassPathOrNull@37 (line 760)
  0x00000224ed84829c: e018 3aff 

  0x00000224ed8482a0: ;   {other}
  0x00000224ed8482a0: 0f1f 8400 | 106c 005f | e945 d7ff | ff44 894c | 2444 4c89 | 5c24 584c | 8944 2448 

  0x00000224ed8482bc: ;   {metadata('java/util/jar/Attributes')}
  0x00000224ed8482bc: 48ba a8d2 | 1680 2402 | 0000 488b | 6c24 2090 

  0x00000224ed8482cc: ;   {runtime_call _new_instance_Java}
  0x00000224ed8482cc: c5f8 77e8 

  0x00000224ed8482d0: ; ImmutableOopMap {rbp=Oop [32]=Oop [40]=Oop [48]=Oop [56]=Oop [64]=NarrowOop [68]=NarrowOop [72]=Oop [80]=Oop [88]=Oop [128]=Oop }
                      ;*new {reexecute=0 rethrow=0 return_oop=1}
                      ; - java.util.jar.Manifest::<init>@5 (line 55)
                      ; - java.util.jar.Manifest::<init>@4 (line 88)
                      ; - java.util.jar.JarFile::getManifestFromReference@143 (line 432)
                      ; - java.util.jar.JarFile::getManifest@1 (line 405)
                      ; - jdk.internal.loader.URLClassPath$JarLoader$2::getManifest@22 (line 853)
                      ; - jdk.internal.loader.BuiltinClassLoader::defineClass@29 (line 848)
                      ; - jdk.internal.loader.BuiltinClassLoader::findClassOnClassPathOrNull@37 (line 760)
  0x00000224ed8482d0: ac18 3aff 

  0x00000224ed8482d4: ;   {other}
  0x00000224ed8482d4: 0f1f 8400 | 446c 0060 | 488b e890 | e963 d7ff | ff49 8be8 

  0x00000224ed8482e8: ;   {metadata('java/util/HashMap')}
  0x00000224ed8482e8: 48ba d0cc | 0880 2402 | 0000 6690 

  0x00000224ed8482f4: ;   {runtime_call _new_instance_Java}
  0x00000224ed8482f4: c5f8 77e8 

  0x00000224ed8482f8: ; ImmutableOopMap {rbp=Oop [32]=Oop [40]=Oop [48]=Oop [56]=Oop [64]=NarrowOop [68]=NarrowOop [72]=Oop [80]=Oop [96]=Oop [128]=Oop }
                      ;*new {reexecute=0 rethrow=0 return_oop=1}
                      ; - java.util.jar.Manifest::<init>@16 (line 58)
                      ; - java.util.jar.Manifest::<init>@4 (line 88)
                      ; - java.util.jar.JarFile::getManifestFromReference@143 (line 432)
                      ; - java.util.jar.JarFile::getManifest@1 (line 405)
                      ; - jdk.internal.loader.URLClassPath$JarLoader$2::getManifest@22 (line 853)
                      ; - jdk.internal.loader.BuiltinClassLoader::defineClass@29 (line 848)
                      ; - jdk.internal.loader.BuiltinClassLoader::findClassOnClassPathOrNull@37 (line 760)
  0x00000224ed8482f8: 8418 3aff 

  0x00000224ed8482fc: ;   {other}
  0x00000224ed8482fc: 0f1f 8400 | 6c6c 0061 | 4c8b c54c | 8bc8 e94c 

  0x00000224ed84830c: ;   {metadata('java/lang/ref/SoftReference')}
  0x00000224ed84830c: d8ff ff48 | bab0 d103 | 8024 0200 | 004c 8b54 | 2450 4c89 | 5424 3890 

  0x00000224ed848324: ;   {runtime_call _new_instance_Java}
  0x00000224ed848324: c5f8 77e8 

  0x00000224ed848328: ; ImmutableOopMap {rbp=Oop [32]=Oop [40]=Oop [48]=Oop [56]=Oop [64]=NarrowOop [72]=Oop [128]=Oop }
                      ;*new {reexecute=0 rethrow=0 return_oop=1}
                      ; - java.util.jar.JarFile::getManifestFromReference@184 (line 435)
                      ; - java.util.jar.JarFile::getManifest@1 (line 405)
                      ; - jdk.internal.loader.URLClassPath$JarLoader$2::getManifest@22 (line 853)
                      ; - jdk.internal.loader.BuiltinClassLoader::defineClass@29 (line 848)
                      ; - jdk.internal.loader.BuiltinClassLoader::findClassOnClassPathOrNull@37 (line 760)
  0x00000224ed848328: 5418 3aff 

  0x00000224ed84832c: ;   {other}
  0x00000224ed84832c: 0f1f 8400 | 9c6c 0062 | 4c8b c0e9 | 1fd9 ffff | baf6 ffff | ff48 8b6c | 2438 4889 | 4424 2890 
  0x00000224ed84834c: ;   {runtime_call UncommonTrapBlob}
  0x00000224ed84834c: c5f8 77e8 

  0x00000224ed848350: ; ImmutableOopMap {rbp=Oop [40]=Oop [72]=Oop }
                      ;*invokevirtual getResource {reexecute=0 rethrow=0 return_oop=0}
                      ; - jdk.internal.loader.BuiltinClassLoader::findClassOnClassPathOrNull@26 (line 757)
  0x00000224ed848350: acc2 2dff 

  0x00000224ed848354: ;   {other}
  0x00000224ed848354: 0f1f 8400 | c46c 0063 

  0x00000224ed84835c: ;   {metadata('java/util/zip/Inflater')}
  0x00000224ed84835c: 48ba 181d | 3680 2402 | 0000 6690 

  0x00000224ed848368: ;   {runtime_call _new_instance_Java}
  0x00000224ed848368: c5f8 77e8 

  0x00000224ed84836c: ; ImmutableOopMap {[48]=Oop [60]=NarrowOop [64]=Oop [72]=Oop [80]=NarrowOop [84]=NarrowOop [88]=Oop [96]=Oop [104]=Oop [112]=Oop [120]=NarrowOop [144]=Oop [152]=Oop }
                      ;*new {reexecute=0 rethrow=0 return_oop=1}
                      ; - java.util.zip.ZipFile$CleanableResource::getInflater@38 (line 742)
                      ; - java.util.zip.ZipFile$ZipFileInflaterInputStream::<init>@5 (line 434)
                      ; - java.util.zip.ZipFile::getInputStream@216 (line 401)
                      ; - java.util.jar.JarFile::getInputStream@21 (line 856)
                      ; - jdk.internal.loader.URLClassPath$JarLoader$2::getInputStream@11 (line 848)
                      ; - jdk.internal.loader.Resource::cachedInputStream@9 (line 77)
                      ; - jdk.internal.loader.Resource::getByteBuffer@1 (line 163)
                      ; - jdk.internal.loader.BuiltinClassLoader::defineClass@45 (line 853)
                      ; - jdk.internal.loader.BuiltinClassLoader::findClassOnClassPathOrNull@37 (line 760)
  0x00000224ed84836c: 1018 3aff 

  0x00000224ed848370: ;   {other}
  0x00000224ed848370: 0f1f 8400 | e06c 0064 | e9c9 daff | ff49 8beb 

  0x00000224ed848380: ;   {metadata('java/util/zip/Inflater$InflaterZStreamRef')}
  0x00000224ed848380: 48ba 2036 | 3680 2402 | 0000 6690 

  0x00000224ed84838c: ;   {runtime_call _new_instance_Java}
  0x00000224ed84838c: c5f8 77e8 

  0x00000224ed848390: ; ImmutableOopMap {rbp=Oop [48]=Oop [60]=NarrowOop [64]=Oop [72]=Oop [80]=NarrowOop [84]=NarrowOop [88]=Oop [96]=Oop [104]=Oop [112]=Oop [120]=NarrowOop [144]=Oop [152]=Oop }
                      ;*new {reexecute=0 rethrow=0 return_oop=1}
                      ; - java.util.zip.Inflater::<init>@12 (line 134)
                      ; - java.util.zip.ZipFile$CleanableResource::getInflater@43 (line 742)
                      ; - java.util.zip.ZipFile$ZipFileInflaterInputStream::<init>@5 (line 434)
                      ; - java.util.zip.ZipFile::getInputStream@216 (line 401)
                      ; - java.util.jar.JarFile::getInputStream@21 (line 856)
                      ; - jdk.internal.loader.URLClassPath$JarLoader$2::getInputStream@11 (line 848)
                      ; - jdk.internal.loader.Resource::cachedInputStream@9 (line 77)
                      ; - jdk.internal.loader.Resource::getByteBuffer@1 (line 163)
                      ; - jdk.internal.loader.BuiltinClassLoader::defineClass@45 (line 853)
                      ; - jdk.internal.loader.BuiltinClassLoader::findClassOnClassPathOrNull@37 (line 760)
  0x00000224ed848390: ec17 3aff 

  0x00000224ed848394: ;   {other}
  0x00000224ed848394: 0f1f 8400 | 046d 0065 | 0f1f 4000 | e9f0 daff | ffba f6ff | ffff 488b | ac24 9000 | 0000 4c8b 
  0x00000224ed8483b4: 5424 484c | 8954 2420 

  0x00000224ed8483bc: ;   {runtime_call UncommonTrapBlob}
  0x00000224ed8483bc: c5f8 77e8 

  0x00000224ed8483c0: ; ImmutableOopMap {rbp=Oop [32]=Oop [112]=Oop [120]=NarrowOop [128]=Oop [136]=Oop }
                      ;*invokevirtual get {reexecute=0 rethrow=0 return_oop=0}
                      ; - java.lang.ClassLoader::getDefinedPackage@13 (line 2263)
                      ; - jdk.internal.loader.BuiltinClassLoader::getAndVerifyPackage@2 (line 902)
                      ; - jdk.internal.loader.BuiltinClassLoader::defineOrCheckPackage@4 (line 877)
                      ; - jdk.internal.loader.ClassLoaders$AppClassLoader::defineOrCheckPackage@4 (line 211)
                      ; - jdk.internal.loader.BuiltinClassLoader::defineClass@40 (line 849)
                      ; - jdk.internal.loader.BuiltinClassLoader::findClassOnClassPathOrNull@37 (line 760)
  0x00000224ed8483c0: 3cc2 2dff 

  0x00000224ed8483c4: ;   {other}
  0x00000224ed8483c4: 0f1f 8400 | 346d 0066 | ba45 ffff | ff66 6690 

  0x00000224ed8483d4: ;   {runtime_call UncommonTrapBlob}
  0x00000224ed8483d4: c5f8 77e8 

  0x00000224ed8483d8: ; ImmutableOopMap {rbp=NarrowOop [72]=Oop [112]=Oop [120]=NarrowOop [144]=Oop }
                      ;*ifeq {reexecute=1 rethrow=0 return_oop=0}
                      ; - (reexecute) jdk.internal.loader.Resource::getByteBuffer@9 (line 164)
                      ; - jdk.internal.loader.BuiltinClassLoader::defineClass@45 (line 853)
                      ; - jdk.internal.loader.BuiltinClassLoader::findClassOnClassPathOrNull@37 (line 760)
  0x00000224ed8483d8: 24c2 2dff 

  0x00000224ed8483dc: ;   {other}
  0x00000224ed8483dc: 0f1f 8400 | 4c6d 0067 | ba76 ffff | ff48 8b6c | 2438 4489 | 4c24 3844 | 8954 243c 

  0x00000224ed8483f8: ;   {runtime_call UncommonTrapBlob}
  0x00000224ed8483f8: c5f8 77e8 

  0x00000224ed8483fc: ; ImmutableOopMap {rbp=Oop [60]=NarrowOop [72]=Oop [112]=Oop [120]=NarrowOop }
                      ;*iflt {reexecute=1 rethrow=0 return_oop=0}
                      ; - (reexecute) java.lang.StringLatin1::lastIndexOf@19 (line 285)
                      ; - java.lang.String::lastIndexOf@13 (line 2573)
                      ; - java.lang.String::lastIndexOf@8 (line 2535)
                      ; - jdk.internal.loader.BuiltinClassLoader::defineClass@8 (line 845)
                      ; - jdk.internal.loader.BuiltinClassLoader::findClassOnClassPathOrNull@37 (line 760)
  0x00000224ed8483fc: 00c2 2dff 

  0x00000224ed848400: ;   {other}
  0x00000224ed848400: 0f1f 8400 | 706d 0068 | ba76 ffff | ff48 8b6c | 2438 4c8b | 5c24 484c | 895c 2428 | 4489 5424 
  0x00000224ed848420: 3444 8944 | 2438 6690 

  0x00000224ed848428: ;   {runtime_call UncommonTrapBlob}
  0x00000224ed848428: c5f8 77e8 

  0x00000224ed84842c: ; ImmutableOopMap {rbp=Oop [40]=Oop [56]=NarrowOop [72]=Oop }
                      ;*if_icmpge {reexecute=1 rethrow=0 return_oop=0}
                      ; - (reexecute) java.lang.StringLatin1::replace@19 (line 297)
                      ; - java.lang.String::replace@18 (line 2933)
                      ; - jdk.internal.loader.BuiltinClassLoader::findClassOnClassPathOrNull@5 (line 755)
  0x00000224ed84842c: d0c1 2dff 

  0x00000224ed848430: ;   {other}
  0x00000224ed848430: 0f1f 8400 | a06d 0069 | bade ffff | ff4c 8b54 | 2448 4c89 | 5424 2090 

  0x00000224ed848448: ;   {runtime_call UncommonTrapBlob}
  0x00000224ed848448: c5f8 77e8 

  0x00000224ed84844c: ; ImmutableOopMap {[32]=Oop [56]=Oop [112]=Oop [120]=NarrowOop [128]=Oop [136]=Oop }
                      ;*invokevirtual defineOrCheckPackage {reexecute=0 rethrow=0 return_oop=0}
                      ; - jdk.internal.loader.BuiltinClassLoader::defineClass@40 (line 849)
                      ; - jdk.internal.loader.BuiltinClassLoader::findClassOnClassPathOrNull@37 (line 760)
  0x00000224ed84844c: b0c1 2dff 

  0x00000224ed848450: ;   {other}
  0x00000224ed848450: 0f1f 8400 | c06d 006a | 4c89 4c24 | 4048 8974 | 2430 488b | 6c24 4848 | 8b54 2470 | 4c8d 8424 
  0x00000224ed848470: f000 0000 

  0x00000224ed848474: ;   {runtime_call _complete_monitor_locking_Java}
  0x00000224ed848474: c5f8 77e8 

  0x00000224ed848478: ; ImmutableOopMap {rbp=Oop [64]=Oop [112]=Oop [120]=NarrowOop [144]=Oop }
                      ;*synchronization entry
                      ; - jdk.internal.loader.Resource::cachedInputStream@-1 (line 76)
                      ; - jdk.internal.loader.Resource::getByteBuffer@1 (line 163)
                      ; - jdk.internal.loader.BuiltinClassLoader::defineClass@45 (line 853)
                      ; - jdk.internal.loader.BuiltinClassLoader::findClassOnClassPathOrNull@37 (line 760)
  0x00000224ed848478: 0484 3aff 

  0x00000224ed84847c: ;   {other}
  0x00000224ed84847c: 0f1f 8400 | ec6d 006b | 4889 6c24 | 4848 8b74 | 2430 4c8b | 4c24 40e9 | b6b8 ffff | 498b d948 
  0x00000224ed84849c: 8b4c 2470 | 488d 9424 | f000 0000 | 4d8b c7c5 | f877 49ba | 000d cee5 | fc7f 0000 

  0x00000224ed8484b8: ;   {other}
  0x00000224ed8484b8: 41ff d20f | 1f84 0000 | 0000 004c | 8bcb e9e3 | c7ff ffba | ecff ffff | 4889 4424 | 3866 6690 
  0x00000224ed8484d8: ;   {runtime_call UncommonTrapBlob}
  0x00000224ed8484d8: c5f8 77e8 

  0x00000224ed8484dc: ; ImmutableOopMap {[48]=Oop [56]=Oop [72]=Oop [120]=NarrowOop [144]=Oop }
                      ;*astore {reexecute=0 rethrow=0 return_oop=0}
                      ; - jdk.internal.loader.BuiltinClassLoader::defineClass@93 (line 860)
                      ; - jdk.internal.loader.BuiltinClassLoader::findClassOnClassPathOrNull@37 (line 760)
  0x00000224ed8484dc: 20c1 2dff 

  0x00000224ed8484e0: ;   {other}
  0x00000224ed8484e0: 0f1f 8400 | 506e 006c | ba6e ffff | ff48 8b6c | 2438 4489 | 4c24 3844 | 8954 243c 

  0x00000224ed8484fc: ;   {runtime_call UncommonTrapBlob}
  0x00000224ed8484fc: c5f8 77e8 

  0x00000224ed848500: ; ImmutableOopMap {rbp=Oop [60]=NarrowOop [72]=Oop [112]=Oop [120]=NarrowOop }
                      ;*iflt {reexecute=1 rethrow=0 return_oop=0}
                      ; - (reexecute) java.lang.StringLatin1::lastIndexOf@19 (line 285)
                      ; - java.lang.String::lastIndexOf@13 (line 2573)
                      ; - java.lang.String::lastIndexOf@8 (line 2535)
                      ; - jdk.internal.loader.BuiltinClassLoader::defineClass@8 (line 845)
                      ; - jdk.internal.loader.BuiltinClassLoader::findClassOnClassPathOrNull@37 (line 760)
  0x00000224ed848500: fcc0 2dff 

  0x00000224ed848504: ;   {other}
  0x00000224ed848504: 0f1f 8400 | 746e 006d | baf6 ffff | ff66 6690 

  0x00000224ed848514: ;   {runtime_call UncommonTrapBlob}
  0x00000224ed848514: c5f8 77e8 

  0x00000224ed848518: ; ImmutableOopMap {}
                      ;*invokevirtual ensureInitialization {reexecute=0 rethrow=0 return_oop=0}
                      ; - java.util.jar.JavaUtilJarAccessImpl::ensureInitialization@1 (line 42)
                      ; - jdk.internal.loader.URLClassPath$JarLoader$2::getManifest@10 (line 852)
                      ; - jdk.internal.loader.BuiltinClassLoader::defineClass@29 (line 848)
                      ; - jdk.internal.loader.BuiltinClassLoader::findClassOnClassPathOrNull@37 (line 760)
  0x00000224ed848518: e4c0 2dff 

  0x00000224ed84851c: ;   {other}
  0x00000224ed84851c: 0f1f 8400 | 8c6e 006e | bade ffff | ff48 8b6c | 2438 4c8b | 4c24 484c | 894c 2420 | 4c89 5424 
  0x00000224ed84853c: 4044 8944 | 242c 4489 | 5c24 4890 

  0x00000224ed848548: ;   {runtime_call UncommonTrapBlob}
  0x00000224ed848548: c5f8 77e8 

  0x00000224ed84854c: ; ImmutableOopMap {rbp=Oop [32]=Oop [44]=NarrowOop [64]=Oop [72]=NarrowOop [120]=NarrowOop [128]=Oop }
                      ;*invokeinterface ensureInitialization {reexecute=0 rethrow=0 return_oop=0}
                      ; - jdk.internal.loader.URLClassPath$JarLoader$2::getManifest@10 (line 852)
                      ; - jdk.internal.loader.BuiltinClassLoader::defineClass@29 (line 848)
                      ; - jdk.internal.loader.BuiltinClassLoader::findClassOnClassPathOrNull@37 (line 760)
  0x00000224ed84854c: b0c0 2dff 

  0x00000224ed848550: ;   {other}
  0x00000224ed848550: 0f1f 8400 | c06e 006f | 4c89 4c24 | 5044 895c | 2434 4c89 | 5424 404c | 8b54 2438 | 4c89 5424 
  0x00000224ed848570: 2048 8b6c | 2448 498b | d14c 8d84 | 24f0 0000 | 004c 8b54 | 2440 4c89 | 5424 3890 

  0x00000224ed84858c: ;   {runtime_call _complete_monitor_locking_Java}
  0x00000224ed84858c: c5f8 77e8 

  0x00000224ed848590: ; ImmutableOopMap {rbp=Oop [32]=Oop [52]=NarrowOop [56]=Oop [64]=Oop [80]=Oop [112]=Oop [120]=NarrowOop [128]=Oop }
                      ;*synchronization entry
                      ; - java.util.jar.JarFile::ensureInitialization@-1 (line 1064)
                      ; - java.util.jar.JavaUtilJarAccessImpl::ensureInitialization@1 (line 42)
                      ; - jdk.internal.loader.URLClassPath$JarLoader$2::getManifest@10 (line 852)
                      ; - jdk.internal.loader.BuiltinClassLoader::defineClass@29 (line 848)
                      ; - jdk.internal.loader.BuiltinClassLoader::findClassOnClassPathOrNull@37 (line 760)
  0x00000224ed848590: ec82 3aff 

  0x00000224ed848594: ;   {other}
  0x00000224ed848594: 0f1f 8400 | 046f 0070 | 4889 6c24 | 484c 8b54 | 2420 4c89 | 5424 384c | 8b54 2440 | 448b 5c24 
  0x00000224ed8485b4: 344c 8b4c | 2450 e9d9 | a5ff ff4d | 8bea 498b | c948 8d94 | 24f0 0000 | 004d 8bc7 | c5f8 7749 
  0x00000224ed8485d4: ba00 0dce | e5fc 7f00 | 0041 ffd2 

  0x00000224ed8485e0: ;   {other}
  0x00000224ed8485e0: 0f1f 8400 | 0000 0000 | 4d8b d5e9 | 62a6 ffff | bade ffff | ff4c 8b5c | 2438 4c89 | 5c24 204c 
  0x00000224ed848600: 8954 2440 

  0x00000224ed848604: ;   {runtime_call UncommonTrapBlob}
  0x00000224ed848604: c5f8 77e8 

  0x00000224ed848608: ; ImmutableOopMap {rbp=NarrowOop [32]=Oop [64]=Oop [72]=Oop [120]=NarrowOop [128]=Oop }
                      ;*invokevirtual getManifest {reexecute=0 rethrow=0 return_oop=0}
                      ; - jdk.internal.loader.URLClassPath$JarLoader$2::getManifest@22 (line 853)
                      ; - jdk.internal.loader.BuiltinClassLoader::defineClass@29 (line 848)
                      ; - jdk.internal.loader.BuiltinClassLoader::findClassOnClassPathOrNull@37 (line 760)
  0x00000224ed848608: f4bf 2dff 

  0x00000224ed84860c: ;   {other}
  0x00000224ed84860c: 0f1f 8400 | 7c6f 0071 | 4963 d2e9 | 629f ffff | bacc ffff | ff48 8b6c | 2438 4c8b | 5424 484c 
  0x00000224ed84862c: 8954 2420 | 4c89 4c24 | 2848 8974 | 2438 4889 | 5c24 4089 | 4c24 4890 

  0x00000224ed848644: ;   {runtime_call UncommonTrapBlob}
  0x00000224ed848644: c5f8 77e8 

  0x00000224ed848648: ; ImmutableOopMap {rbp=Oop [32]=Oop [40]=Oop [64]=Oop }
                      ;*invokestatic arraycopy {reexecute=0 rethrow=0 return_oop=0}
                      ; - java.lang.String::getBytes@22 (line 4726)
                      ; - java.lang.StringConcatHelper::prepend@21 (line 324)
                      ; - java.lang.StringConcatHelper::simpleConcat@71 (line 438)
                      ; - java.lang.String::concat@11 (line 2899)
                      ; - jdk.internal.loader.BuiltinClassLoader::findClassOnClassPathOrNull@10 (line 755)
  0x00000224ed848648: b4bf 2dff 

  0x00000224ed84864c: ;   {other}
  0x00000224ed84864c: 0f1f 8400 | bc6f 0072 | bacc ffff | ff48 8b6c | 2438 4c89 | 5c24 2848 | 895c 2438 | 897c 2440 
  0x00000224ed84866c: ;   {runtime_call UncommonTrapBlob}
  0x00000224ed84866c: c5f8 77e8 

  0x00000224ed848670: ; ImmutableOopMap {rbp=Oop [40]=Oop [56]=Oop [72]=Oop }
                      ;*invokestatic arraycopy {reexecute=0 rethrow=0 return_oop=0}
                      ; - java.lang.String::getBytes@22 (line 4726)
                      ; - java.lang.StringConcatHelper::prepend@21 (line 324)
                      ; - java.lang.StringConcatHelper::simpleConcat@81 (line 439)
                      ; - java.lang.String::concat@11 (line 2899)
                      ; - jdk.internal.loader.BuiltinClassLoader::findClassOnClassPathOrNull@10 (line 755)
  0x00000224ed848670: 8cbf 2dff 

  0x00000224ed848674: ;   {other}
  0x00000224ed848674: 0f1f 8400 | e46f 0073 | ba76 ffff | ff4c 8b4c | 2438 4c89 | 4c24 204c | 8b4c 2448 | 4c89 4c24 
  0x00000224ed848694: 304c 895c | 2440 4489 | 5424 4844 | 8944 244c 

  0x00000224ed8486a4: ;   {runtime_call UncommonTrapBlob}
  0x00000224ed8486a4: c5f8 77e8 

  0x00000224ed8486a8: ; ImmutableOopMap {[32]=Oop [48]=Oop [64]=Oop [76]=NarrowOop }
                      ;*if_icmpge {reexecute=1 rethrow=0 return_oop=0}
                      ; - (reexecute) java.lang.StringLatin1::replace@82 (line 308)
                      ; - java.lang.String::replace@18 (line 2933)
                      ; - jdk.internal.loader.BuiltinClassLoader::findClassOnClassPathOrNull@5 (line 755)
  0x00000224ed8486a8: 54bf 2dff 

  0x00000224ed8486ac: ;   {other}
  0x00000224ed8486ac: 0f1f 8400 | 1c70 0074 | ba76 ffff | ff4c 8b4c | 2438 4c89 | 4c24 204c | 8b4c 2448 | 4c89 4c24 
  0x00000224ed8486cc: 3044 8954 | 2438 4c89 | 5c24 4044 | 8944 2448 

  0x00000224ed8486dc: ;   {runtime_call UncommonTrapBlob}
  0x00000224ed8486dc: c5f8 77e8 

  0x00000224ed8486e0: ; ImmutableOopMap {[32]=Oop [48]=Oop [64]=Oop [72]=NarrowOop }
                      ;*if_icmpge {reexecute=1 rethrow=0 return_oop=0}
                      ; - (reexecute) java.lang.StringLatin1::replace@61 (line 305)
                      ; - java.lang.String::replace@18 (line 2933)
                      ; - jdk.internal.loader.BuiltinClassLoader::findClassOnClassPathOrNull@5 (line 755)
  0x00000224ed8486e0: 1cbf 2dff 

  0x00000224ed8486e4: ;   {other}
  0x00000224ed8486e4: 0f1f 8400 | 5470 0075 | bb01 0000 | 00e9 1b9c | ffff 458b | d9e9 6fa1 | ffff baf6 | ffff ff4c 
  0x00000224ed848704: 8b54 2448 | 4c89 5424 | 2066 6690 

  0x00000224ed848710: ;   {runtime_call UncommonTrapBlob}
  0x00000224ed848710: c5f8 77e8 

  0x00000224ed848714: ; ImmutableOopMap {[32]=Oop [112]=Oop [120]=NarrowOop [128]=Oop [136]=Oop [144]=Oop }
                      ;*invokevirtual get {reexecute=0 rethrow=0 return_oop=0}
                      ; - java.lang.ClassLoader::definePackage@47 (line 2125)
                      ; - java.lang.ClassLoader::getDefinedPackage@32 (line 2267)
                      ; - jdk.internal.loader.BuiltinClassLoader::getAndVerifyPackage@2 (line 902)
                      ; - jdk.internal.loader.BuiltinClassLoader::defineOrCheckPackage@4 (line 877)
                      ; - jdk.internal.loader.ClassLoaders$AppClassLoader::defineOrCheckPackage@4 (line 211)
                      ; - jdk.internal.loader.BuiltinClassLoader::defineClass@40 (line 849)
                      ; - jdk.internal.loader.BuiltinClassLoader::findClassOnClassPathOrNull@37 (line 760)
  0x00000224ed848714: e8be 2dff 

  0x00000224ed848718: ;   {other}
  0x00000224ed848718: 0f1f 8400 | 8870 0076 | ba45 ffff | ff4c 8b54 | 2448 4c89 | 5424 204c | 8b54 2470 | 4c89 5424 
  0x00000224ed848738: 2844 8b5c | 2478 4489 | 5c24 3444 | 895c 2468 | 894c 246c 

  0x00000224ed84874c: ;   {runtime_call UncommonTrapBlob}
  0x00000224ed84874c: c5f8 77e8 

  0x00000224ed848750: ; ImmutableOopMap {[32]=Oop [40]=Oop [52]=NarrowOop [104]=NarrowOop [108]=NarrowOop [128]=Oop [136]=Oop [144]=Oop }
                      ;*ifeq {reexecute=1 rethrow=0 return_oop=0}
                      ; - (reexecute) java.lang.ClassLoader::definePackage@4 (line 2120)
                      ; - java.lang.ClassLoader::getDefinedPackage@32 (line 2267)
                      ; - jdk.internal.loader.BuiltinClassLoader::getAndVerifyPackage@2 (line 902)
                      ; - jdk.internal.loader.BuiltinClassLoader::defineOrCheckPackage@4 (line 877)
                      ; - jdk.internal.loader.ClassLoaders$AppClassLoader::defineOrCheckPackage@4 (line 211)
                      ; - jdk.internal.loader.BuiltinClassLoader::defineClass@40 (line 849)
                      ; - jdk.internal.loader.BuiltinClassLoader::findClassOnClassPathOrNull@37 (line 760)
  0x00000224ed848750: acbe 2dff 

  0x00000224ed848754: ;   {other}
  0x00000224ed848754: 0f1f 8400 | c470 0077 | ba76 ffff | ff4c 8b4c | 2448 4c89 | 4c24 204c | 8b4c 2470 | 4c89 4c24 
  0x00000224ed848774: 288b 5c24 | 7889 5c24 | 344c 8b8c | 2480 0000 | 004c 894c | 2450 4c89 | 5c24 584c | 894c 2470 
  0x00000224ed848794: 894c 247c | 4489 9424 | 8000 0000 | 4489 8424 | 8400 0000 

  0x00000224ed8487a8: ;   {runtime_call UncommonTrapBlob}
  0x00000224ed8487a8: c5f8 77e8 

  0x00000224ed8487ac: ; ImmutableOopMap {[32]=Oop [40]=Oop [52]=NarrowOop [80]=Oop [88]=Oop [112]=Oop [128]=NarrowOop [132]=NarrowOop [136]=Oop [144]=Oop }
                      ;*if_icmpge {reexecute=1 rethrow=0 return_oop=0}
                      ; - (reexecute) java.lang.StringLatin1::replace@19 (line 297)
                      ; - java.lang.String::replace@18 (line 2933)
                      ; - jdk.internal.loader.BuiltinClassLoader::isSealed@9 (line 992)
                      ; - jdk.internal.loader.BuiltinClassLoader::getAndVerifyPackage@70 (line 911)
                      ; - jdk.internal.loader.BuiltinClassLoader::defineOrCheckPackage@4 (line 877)
                      ; - jdk.internal.loader.ClassLoaders$AppClassLoader::defineOrCheckPackage@4 (line 211)
                      ; - jdk.internal.loader.BuiltinClassLoader::defineClass@40 (line 849)
                      ; - jdk.internal.loader.BuiltinClassLoader::findClassOnClassPathOrNull@37 (line 760)
  0x00000224ed8487ac: 50be 2dff 

  0x00000224ed8487b0: ;   {other}
  0x00000224ed8487b0: 0f1f 8400 | 2071 0078 | bade ffff | ff4c 8b44 | 2448 4c89 | 4424 204c | 8b44 2470 | 4c89 4424 
  0x00000224ed8487d0: 2844 8b4c | 2478 4489 | 4c24 344c | 895c 2458 | 4489 5424 | 7048 8944 | 2478 6690 

  0x00000224ed8487ec: ;   {runtime_call UncommonTrapBlob}
  0x00000224ed8487ec: c5f8 77e8 

  0x00000224ed8487f0: ; ImmutableOopMap {[32]=Oop [40]=Oop [52]=NarrowOop [88]=Oop [112]=NarrowOop [120]=Oop [128]=Oop [136]=Oop [144]=Oop }
                      ;*invokeinterface getTrustedAttributes {reexecute=0 rethrow=0 return_oop=0}
                      ; - jdk.internal.loader.BuiltinClassLoader::isSealed@17 (line 992)
                      ; - jdk.internal.loader.BuiltinClassLoader::getAndVerifyPackage@70 (line 911)
                      ; - jdk.internal.loader.BuiltinClassLoader::defineOrCheckPackage@4 (line 877)
                      ; - jdk.internal.loader.ClassLoaders$AppClassLoader::defineOrCheckPackage@4 (line 211)
                      ; - jdk.internal.loader.BuiltinClassLoader::defineClass@40 (line 849)
                      ; - jdk.internal.loader.BuiltinClassLoader::findClassOnClassPathOrNull@37 (line 760)
  0x00000224ed8487f0: 0cbe 2dff 

  0x00000224ed8487f4: ;   {other}
  0x00000224ed8487f4: 0f1f 8400 | 6471 0079 | bade ffff | ff4c 8b54 | 2448 4c89 | 5424 284c | 8b54 2470 | 4c89 5424 
  0x00000224ed848814: 3044 8b44 | 2478 4489 | 4424 3c4c | 8b94 2480 | 0000 004c | 8954 2458 | 4c89 5c24 | 6048 8984 
  0x00000224ed848834: 2480 0000 | 0066 6690 

  0x00000224ed84883c: ;   {runtime_call UncommonTrapBlob}
  0x00000224ed84883c: c5f8 77e8 

  0x00000224ed848840: ; ImmutableOopMap {rbp=NarrowOop [40]=Oop [48]=Oop [60]=NarrowOop [88]=Oop [96]=Oop [128]=Oop [136]=Oop [144]=Oop }
                      ;*invokeinterface get {reexecute=0 rethrow=0 return_oop=0}
                      ; - java.util.jar.Manifest::getAttributes@5 (line 160)
                      ; - java.util.jar.Manifest::getTrustedAttributes@2 (line 177)
                      ; - java.util.jar.JavaUtilJarAccessImpl::getTrustedAttributes@2 (line 38)
                      ; - jdk.internal.loader.BuiltinClassLoader::isSealed@17 (line 992)
                      ; - jdk.internal.loader.BuiltinClassLoader::getAndVerifyPackage@70 (line 911)
                      ; - jdk.internal.loader.BuiltinClassLoader::defineOrCheckPackage@4 (line 877)
                      ; - jdk.internal.loader.ClassLoaders$AppClassLoader::defineOrCheckPackage@4 (line 211)
                      ; - jdk.internal.loader.BuiltinClassLoader::defineClass@40 (line 849)
                      ; - jdk.internal.loader.BuiltinClassLoader::findClassOnClassPathOrNull@37 (line 760)
  0x00000224ed848840: bcbd 2dff 

  0x00000224ed848844: ;   {other}
  0x00000224ed848844: 0f1f 8400 | b471 007a | bade ffff | ff4c 8b54 | 2448 4c89 | 5424 284c | 895c 2460 

  0x00000224ed848860: ;   {runtime_call UncommonTrapBlob}
  0x00000224ed848860: c5f8 77e8 

  0x00000224ed848864: ; ImmutableOopMap {rbp=NarrowOop [40]=Oop [96]=Oop [112]=Oop [120]=NarrowOop [128]=Oop [136]=Oop [144]=Oop }
                      ;*invokeinterface get {reexecute=0 rethrow=0 return_oop=0}
                      ; - java.util.jar.Attributes::get@5 (line 106)
                      ; - java.util.jar.Attributes::getValue@2 (line 142)
                      ; - jdk.internal.loader.BuiltinClassLoader::isSealed@57 (line 997)
                      ; - jdk.internal.loader.BuiltinClassLoader::getAndVerifyPackage@70 (line 911)
                      ; - jdk.internal.loader.BuiltinClassLoader::defineOrCheckPackage@4 (line 877)
                      ; - jdk.internal.loader.ClassLoaders$AppClassLoader::defineOrCheckPackage@4 (line 211)
                      ; - jdk.internal.loader.BuiltinClassLoader::defineClass@40 (line 849)
                      ; - jdk.internal.loader.BuiltinClassLoader::findClassOnClassPathOrNull@37 (line 760)
  0x00000224ed848864: 98bd 2dff 

  0x00000224ed848868: ;   {other}
  0x00000224ed848868: 0f1f 8400 | d871 007b | 33ed 4585 | db40 0f94 | c5ba 45ff | ffff 4c89 | 4424 3090 

  0x00000224ed848884: ;   {runtime_call UncommonTrapBlob}
  0x00000224ed848884: c5f8 77e8 

  0x00000224ed848888: ; ImmutableOopMap {[48]=Oop [56]=Oop [72]=Oop }
                      ;*ifeq {reexecute=1 rethrow=0 return_oop=0}
                      ; - (reexecute) java.lang.String::replace@9 (line 2933)
                      ; - jdk.internal.loader.BuiltinClassLoader::findClassOnClassPathOrNull@5 (line 755)
  0x00000224ed848888: 74bd 2dff 

  0x00000224ed84888c: ;   {other}
  0x00000224ed84888c: 0f1f 8400 | fc71 007c | 33ed 4585 | c940 0f94 | c5ba 45ff | ffff 4c8b | 5424 384c | 8954 2420 
  0x00000224ed8488ac: 4489 4424 | 3c66 6690 

  0x00000224ed8488b4: ;   {runtime_call UncommonTrapBlob}
  0x00000224ed8488b4: c5f8 77e8 

  0x00000224ed8488b8: ; ImmutableOopMap {[32]=Oop [72]=Oop [112]=Oop [120]=NarrowOop }
                      ;*ifeq {reexecute=1 rethrow=0 return_oop=0}
                      ; - (reexecute) java.lang.String::lastIndexOf@4 (line 2573)
                      ; - java.lang.String::lastIndexOf@8 (line 2535)
                      ; - jdk.internal.loader.BuiltinClassLoader::defineClass@8 (line 845)
                      ; - jdk.internal.loader.BuiltinClassLoader::findClassOnClassPathOrNull@37 (line 760)
  0x00000224ed8488b8: 44bd 2dff 

  0x00000224ed8488bc: ;   {other}
  0x00000224ed8488bc: 0f1f 8400 | 2c72 007d | ba45 ffff | ff48 8b6c | 2438 4c8b | 5424 484c | 8954 2438 | 4489 5c24 
  0x00000224ed8488dc: 4044 895c | 2444 894c | 244c 6690 

  0x00000224ed8488e8: ;   {runtime_call UncommonTrapBlob}
  0x00000224ed8488e8: c5f8 77e8 

  0x00000224ed8488ec: ; ImmutableOopMap {rbp=Oop [56]=Oop [112]=Oop [120]=NarrowOop }
                      ;*if_icmpgt {reexecute=1 rethrow=0 return_oop=0}
                      ; - (reexecute) jdk.internal.util.Preconditions::checkFromToIndex@6 (line 348)
                      ; - java.lang.String::checkBoundsBeginEnd@6 (line 4865)
                      ; - java.lang.String::substring@8 (line 2834)
                      ; - jdk.internal.loader.BuiltinClassLoader::defineClass@23 (line 847)
                      ; - jdk.internal.loader.BuiltinClassLoader::findClassOnClassPathOrNull@37 (line 760)
  0x00000224ed8488ec: 10bd 2dff 

  0x00000224ed8488f0: ;   {other}
  0x00000224ed8488f0: 0f1f 8400 | 6072 007e | ba45 ffff | ff48 8bac | 2490 0000 | 004c 8b5c | 2448 4c89 | 5c24 204c 
  0x00000224ed848910: 8b5c 2470 | 4c89 5c24 | 2844 8b44 | 2478 4489 | 4424 3444 | 8944 2468 | 4489 5424 | 6c66 6690 
  0x00000224ed848930: ;   {runtime_call UncommonTrapBlob}
  0x00000224ed848930: c5f8 77e8 

  0x00000224ed848934: ; ImmutableOopMap {rbp=Oop [32]=Oop [40]=Oop [52]=NarrowOop [104]=NarrowOop [128]=Oop [136]=Oop }
                      ;*ifle {reexecute=1 rethrow=0 return_oop=0}
                      ; - (reexecute) java.util.concurrent.ConcurrentHashMap::get@23 (line 937)
                      ; - java.lang.ClassLoader::getDefinedPackage@13 (line 2263)
                      ; - jdk.internal.loader.BuiltinClassLoader::getAndVerifyPackage@2 (line 902)
                      ; - jdk.internal.loader.BuiltinClassLoader::defineOrCheckPackage@4 (line 877)
                      ; - jdk.internal.loader.ClassLoaders$AppClassLoader::defineOrCheckPackage@4 (line 211)
                      ; - jdk.internal.loader.BuiltinClassLoader::defineClass@40 (line 849)
                      ; - jdk.internal.loader.BuiltinClassLoader::findClassOnClassPathOrNull@37 (line 760)
  0x00000224ed848934: c8bc 2dff 

  0x00000224ed848938: ;   {other}
  0x00000224ed848938: 0f1f 8400 | a872 007f | baf6 ffff | ff49 8beb | 4489 4424 | 2066 6690 

  0x00000224ed848950: ;   {runtime_call UncommonTrapBlob}
  0x00000224ed848950: c5f8 77e8 

  0x00000224ed848954: ; ImmutableOopMap {rbp=Oop [32]=NarrowOop }
                      ;*invokevirtual getInputStream {reexecute=0 rethrow=0 return_oop=0}
                      ; - jdk.internal.loader.URLClassPath$JarLoader$2::getInputStream@11 (line 848)
                      ; - jdk.internal.loader.Resource::cachedInputStream@9 (line 77)
                      ; - jdk.internal.loader.Resource::getByteBuffer@1 (line 163)
                      ; - jdk.internal.loader.BuiltinClassLoader::defineClass@45 (line 853)
                      ; - jdk.internal.loader.BuiltinClassLoader::findClassOnClassPathOrNull@37 (line 760)
  0x00000224ed848954: a8bc 2dff 

  0x00000224ed848958: ;   {other}
  0x00000224ed848958: 0f1f 8400 | c872 0080 | bae4 ffff | ff48 8bac | 2490 0000 | 004c 8b5c | 2448 4c89 | 5c24 204c 
  0x00000224ed848978: 8b5c 2470 | 4c89 5c24 | 2844 8b5c | 2478 4489 | 5c24 3044 | 8974 2438 | 4489 7424 | 6c89 bc24 
  0x00000224ed848998: 8400 0000 | 89bc 2494 | 0000 0089 | 9c24 9800 | 0000 899c | 24a0 0000 | 0066 6690 

  0x00000224ed8489b4: ;   {runtime_call UncommonTrapBlob}
  0x00000224ed8489b4: c5f8 77e8 

  0x00000224ed8489b8: ; ImmutableOopMap {rbp=Oop [32]=Oop [40]=Oop [48]=NarrowOop [56]=NarrowOop [60]=NarrowOop [64]=Oop [80]=NarrowOop [88]=Oop [108]=NarrowOop [132]=NarrowOop [148]=NarrowOop }
                      ;*baload {reexecute=0 rethrow=0 return_oop=0}
                      ; - java.util.zip.ZipUtils::SH@2 (line 207)
                      ; - java.util.zip.ZipUtils::LG@2 (line 211)
                      ; - java.util.zip.ZipUtils::CENSIZ@5 (line 274)
                      ; - java.util.zip.ZipFile$ZipFileInputStream::<init>@12 (line 871)
                      ; - java.util.zip.ZipFile::getInputStream@88 (line 384)
                      ; - java.util.jar.JarFile::getInputStream@21 (line 856)
                      ; - jdk.internal.loader.URLClassPath$JarLoader$2::getInputStream@11 (line 848)
                      ; - jdk.internal.loader.Resource::cachedInputStream@9 (line 77)
                      ; - jdk.internal.loader.Resource::getByteBuffer@1 (line 163)
                      ; - jdk.internal.loader.BuiltinClassLoader::defineClass@45 (line 853)
                      ; - jdk.internal.loader.BuiltinClassLoader::findClassOnClassPathOrNull@37 (line 760)
  0x00000224ed8489b8: 44bc 2dff 

  0x00000224ed8489bc: ;   {other}
  0x00000224ed8489bc: 0f1f 8400 | 2c73 0081 | 8b6c 2454 | 83c5 15ba | e4ff ffff | 4c8b 9424 | 9000 0000 | 4c89 5424 
  0x00000224ed8489dc: 204c 8b54 | 2448 4c89 | 5424 284c | 8b54 2470 | 4c89 5424 | 3044 8b5c | 2478 4489 | 5c24 3845 
  0x00000224ed8489fc: 8bd6 4489 | 5424 7045 | 8bd6 4489 | 5424 7889 | bc24 9800 | 0000 899c | 249c 0000 | 0089 bc24 
  0x00000224ed848a1c: a000 0000 

  0x00000224ed848a20: ;   {runtime_call UncommonTrapBlob}
  0x00000224ed848a20: c5f8 77e8 

  0x00000224ed848a24: ; ImmutableOopMap {[32]=Oop [40]=Oop [48]=Oop [56]=NarrowOop [60]=NarrowOop [64]=Oop [80]=NarrowOop [88]=Oop [112]=NarrowOop [120]=NarrowOop [152]=NarrowOop [160]=NarrowOop }
                      ;*baload {reexecute=0 rethrow=0 return_oop=0}
                      ; - java.util.zip.ZipUtils::SH@11 (line 207)
                      ; - java.util.zip.ZipUtils::LG@2 (line 211)
                      ; - java.util.zip.ZipUtils::CENSIZ@5 (line 274)
                      ; - java.util.zip.ZipFile$ZipFileInputStream::<init>@12 (line 871)
                      ; - java.util.zip.ZipFile::getInputStream@88 (line 384)
                      ; - java.util.jar.JarFile::getInputStream@21 (line 856)
                      ; - jdk.internal.loader.URLClassPath$JarLoader$2::getInputStream@11 (line 848)
                      ; - jdk.internal.loader.Resource::cachedInputStream@9 (line 77)
                      ; - jdk.internal.loader.Resource::getByteBuffer@1 (line 163)
                      ; - jdk.internal.loader.BuiltinClassLoader::defineClass@45 (line 853)
                      ; - jdk.internal.loader.BuiltinClassLoader::findClassOnClassPathOrNull@37 (line 760)
  0x00000224ed848a24: d8bb 2dff 

  0x00000224ed848a28: ;   {other}
  0x00000224ed848a28: 0f1f 8400 | 9873 0082 | bae4 ffff | ff4c 8b5c | 2448 4c89 | 5c24 204c | 8b5c 2470 | 4c89 5c24 
  0x00000224ed848a48: 2844 8b5c | 2478 4489 | 5c24 3089 | 5c24 3844 | 894c 2478 | 4489 5424 | 7c66 6690 

  0x00000224ed848a64: ;   {runtime_call UncommonTrapBlob}
  0x00000224ed848a64: c5f8 77e8 

  0x00000224ed848a68: ; ImmutableOopMap {[32]=Oop [40]=Oop [48]=NarrowOop [56]=NarrowOop [60]=NarrowOop [64]=Oop [80]=NarrowOop [88]=Oop [104]=NarrowOop [120]=NarrowOop [144]=Oop }
                      ;*baload {reexecute=0 rethrow=0 return_oop=0}
                      ; - java.util.zip.ZipUtils::SH@2 (line 207)
                      ; - java.util.zip.ZipUtils::CENHOW@5 (line 271)
                      ; - java.util.zip.ZipFile::getInputStream@98 (line 385)
                      ; - java.util.jar.JarFile::getInputStream@21 (line 856)
                      ; - jdk.internal.loader.URLClassPath$JarLoader$2::getInputStream@11 (line 848)
                      ; - jdk.internal.loader.Resource::cachedInputStream@9 (line 77)
                      ; - jdk.internal.loader.Resource::getByteBuffer@1 (line 163)
                      ; - jdk.internal.loader.BuiltinClassLoader::defineClass@45 (line 853)
                      ; - jdk.internal.loader.BuiltinClassLoader::findClassOnClassPathOrNull@37 (line 760)
  0x00000224ed848a68: 94bb 2dff 

  0x00000224ed848a6c: ;   {other}
  0x00000224ed848a6c: 0f1f 8400 | dc73 0083 | 8b6c 2454 | 83c5 0bba | e4ff ffff | 4c8b 5424 | 484c 8954 | 2428 4c8b 
  0x00000224ed848a8c: 5424 704c | 8954 2430 | 448b 4424 | 7844 8944 | 2438 4489 | 5c24 7844 | 894c 247c 

  0x00000224ed848aa8: ;   {runtime_call UncommonTrapBlob}
  0x00000224ed848aa8: c5f8 77e8 

  0x00000224ed848aac: ; ImmutableOopMap {[40]=Oop [48]=Oop [56]=NarrowOop [60]=NarrowOop [64]=Oop [80]=NarrowOop [88]=Oop [104]=NarrowOop [124]=NarrowOop [144]=Oop }
                      ;*baload {reexecute=0 rethrow=0 return_oop=0}
                      ; - java.util.zip.ZipUtils::SH@11 (line 207)
                      ; - java.util.zip.ZipUtils::CENHOW@5 (line 271)
                      ; - java.util.zip.ZipFile::getInputStream@98 (line 385)
                      ; - java.util.jar.JarFile::getInputStream@21 (line 856)
                      ; - jdk.internal.loader.URLClassPath$JarLoader$2::getInputStream@11 (line 848)
                      ; - jdk.internal.loader.Resource::cachedInputStream@9 (line 77)
                      ; - jdk.internal.loader.Resource::getByteBuffer@1 (line 163)
                      ; - jdk.internal.loader.BuiltinClassLoader::defineClass@45 (line 853)
                      ; - jdk.internal.loader.BuiltinClassLoader::findClassOnClassPathOrNull@37 (line 760)
  0x00000224ed848aac: 50bb 2dff 

  0x00000224ed848ab0: ;   {other}
  0x00000224ed848ab0: 0f1f 8400 | 2074 0084 | baf6 ffff | ff4c 8b54 | 2448 4c89 | 5424 204c | 8b54 2470 | 4c89 5424 
  0x00000224ed848ad0: 2844 8b54 | 2478 4489 | 5424 3044 | 8944 2454 | 4489 4c24 | 6c48 8944 | 2470 898c | 2480 0000 
  0x00000224ed848af0: 0066 6690 

  0x00000224ed848af4: ;   {runtime_call UncommonTrapBlob}
  0x00000224ed848af4: c5f8 77e8 

  0x00000224ed848af8: ; ImmutableOopMap {[32]=Oop [40]=Oop [48]=NarrowOop [64]=Oop [80]=NarrowOop [84]=NarrowOop [88]=Oop [104]=NarrowOop [112]=Oop [128]=NarrowOop [144]=Oop }
                      ;*monitorenter {reexecute=0 rethrow=0 return_oop=0}
                      ; - java.util.zip.ZipFile$CleanableResource::getInflater@6 (line 737)
                      ; - java.util.zip.ZipFile$ZipFileInflaterInputStream::<init>@5 (line 434)
                      ; - java.util.zip.ZipFile::getInputStream@216 (line 401)
                      ; - java.util.jar.JarFile::getInputStream@21 (line 856)
                      ; - jdk.internal.loader.URLClassPath$JarLoader$2::getInputStream@11 (line 848)
                      ; - jdk.internal.loader.Resource::cachedInputStream@9 (line 77)
                      ; - jdk.internal.loader.Resource::getByteBuffer@1 (line 163)
                      ; - jdk.internal.loader.BuiltinClassLoader::defineClass@45 (line 853)
                      ; - jdk.internal.loader.BuiltinClassLoader::findClassOnClassPathOrNull@37 (line 760)
  0x00000224ed848af8: 04bb 2dff 

  0x00000224ed848afc: ;   {other}
  0x00000224ed848afc: 0f1f 8400 | 6c74 0085 | bae4 ffff | ff48 8bac | 2490 0000 | 004c 8b5c | 2448 4c89 | 5c24 204c 
  0x00000224ed848b1c: 8b5c 2470 | 4c89 5c24 | 2844 8b44 | 2478 4489 | 4424 3044 | 8b5c 243c | 4489 5c24 | 3444 8b44 
  0x00000224ed848b3c: 2450 4489 | 4424 3844 | 8b84 2480 | 0000 0044 | 8944 2478 | 4889 9c24 | 8800 0000 | 4489 9424 
  0x00000224ed848b5c: 9800 0000 | 89bc 249c | 0000 0090 

  0x00000224ed848b68: ;   {runtime_call UncommonTrapBlob}
  0x00000224ed848b68: c5f8 77e8 

  0x00000224ed848b6c: ; ImmutableOopMap {rbp=Oop [32]=Oop [40]=Oop [48]=NarrowOop [52]=NarrowOop [56]=NarrowOop [64]=Oop [84]=NarrowOop [88]=Oop [104]=Oop [124]=NarrowOop [136]=Oop [152]=NarrowOop }
                      ;*aaload {reexecute=0 rethrow=0 return_oop=0}
                      ; - java.util.ArrayDeque::elementAt@2 (line 258)
                      ; - java.util.ArrayDeque::pollFirst@12 (line 378)
                      ; - java.util.ArrayDeque::poll@1 (line 536)
                      ; - java.util.zip.ZipFile$CleanableResource::getInflater@11 (line 738)
                      ; - java.util.zip.ZipFile$ZipFileInflaterInputStream::<init>@5 (line 434)
                      ; - java.util.zip.ZipFile::getInputStream@216 (line 401)
                      ; - java.util.jar.JarFile::getInputStream@21 (line 856)
                      ; - jdk.internal.loader.URLClassPath$JarLoader$2::getInputStream@11 (line 848)
                      ; - jdk.internal.loader.Resource::cachedInputStream@9 (line 77)
                      ; - jdk.internal.loader.Resource::getByteBuffer@1 (line 163)
                      ; - jdk.internal.loader.BuiltinClassLoader::defineClass@45 (line 853)
                      ; - jdk.internal.loader.BuiltinClassLoader::findClassOnClassPathOrNull@37 (line 760)
  0x00000224ed848b6c: 90ba 2dff 

  0x00000224ed848b70: ;   {other}
  0x00000224ed848b70: 0f1f 8400 | e074 0086 | 4863 cb0f | 1f44 0000 | e9ea b9ff | ff48 894c | 2460 4489 | 4424 5c44 
  0x00000224ed848b90: 8954 2458 | 4c89 5c24 | 5044 896c | 242c 4c8b | 5424 304c | 8954 2440 | 4889 7424 | 3044 8b5c 
  0x00000224ed848bb0: 2478 4489 | 5c24 284c | 8b54 2470 | 4c89 5424 | 2048 8b6c | 2448 488b | d14c 8d84 | 24f8 0000 
  0x00000224ed848bd0: 0066 6690 

  0x00000224ed848bd4: ;   {runtime_call _complete_monitor_locking_Java}
  0x00000224ed848bd4: c5f8 77e8 

  0x00000224ed848bd8: ; ImmutableOopMap {rbp=Oop [32]=Oop [40]=NarrowOop [64]=Oop [80]=Oop [88]=NarrowOop [92]=NarrowOop [96]=Oop [144]=Oop }
                      ;*synchronization entry
                      ; - java.util.jar.JarFile::getInputStream@-1 (line 852)
                      ; - jdk.internal.loader.URLClassPath$JarLoader$2::getInputStream@11 (line 848)
                      ; - jdk.internal.loader.Resource::cachedInputStream@9 (line 77)
                      ; - jdk.internal.loader.Resource::getByteBuffer@1 (line 163)
                      ; - jdk.internal.loader.BuiltinClassLoader::defineClass@45 (line 853)
                      ; - jdk.internal.loader.BuiltinClassLoader::findClassOnClassPathOrNull@37 (line 760)
  0x00000224ed848bd8: a47c 3aff 

  0x00000224ed848bdc: ;   {other}
  0x00000224ed848bdc: 0f1f 8400 | 4c75 0087 | 4889 6c24 | 484c 8b54 | 2420 4c89 | 5424 7044 | 8b54 2428 | 4489 5424 
  0x00000224ed848bfc: 7848 8b74 | 2430 4c8b | 5424 404c | 8954 2430 | 448b 6c24 | 2c4c 8b5c | 2450 448b | 5424 5844 
  0x00000224ed848c1c: 8b44 245c | 488b 4c24 | 60e9 dcb1 | ffff ba45 | ffff ff4c | 8b54 2448 | 4c89 5424 | 284c 8b54 
  0x00000224ed848c3c: 2470 4c89 | 5424 3090 

  0x00000224ed848c44: ;   {runtime_call UncommonTrapBlob}
  0x00000224ed848c44: c5f8 77e8 

  0x00000224ed848c48: ; ImmutableOopMap {[40]=Oop [48]=Oop [60]=NarrowOop [64]=Oop [80]=NarrowOop [88]=Oop [104]=NarrowOop [120]=NarrowOop [144]=Oop }
                      ;*lookupswitch {reexecute=1 rethrow=0 return_oop=0}
                      ; - (reexecute) java.util.zip.ZipFile::getInputStream@101 (line 385)
                      ; - java.util.jar.JarFile::getInputStream@21 (line 856)
                      ; - jdk.internal.loader.URLClassPath$JarLoader$2::getInputStream@11 (line 848)
                      ; - jdk.internal.loader.Resource::cachedInputStream@9 (line 77)
                      ; - jdk.internal.loader.Resource::getByteBuffer@1 (line 163)
                      ; - jdk.internal.loader.BuiltinClassLoader::defineClass@45 (line 853)
                      ; - jdk.internal.loader.BuiltinClassLoader::findClassOnClassPathOrNull@37 (line 760)
  0x00000224ed848c48: b4b9 2dff 

  0x00000224ed848c4c: ;   {other}
  0x00000224ed848c4c: 0f1f 8400 | bc75 0088 | 498b d34c | 8d84 2408 | 0100 0090 

  0x00000224ed848c60: ;   {runtime_call _complete_monitor_locking_Java}
  0x00000224ed848c60: c5f8 77e8 

  0x00000224ed848c64: ; ImmutableOopMap {[48]=Oop [60]=NarrowOop [64]=Oop [72]=Oop [80]=NarrowOop [84]=NarrowOop [88]=Oop [96]=Oop [104]=Oop [112]=Oop [120]=NarrowOop [124]=NarrowOop [136]=Oop [144]=Oop [152]=Oop }
                      ;*monitorenter {reexecute=0 rethrow=0 return_oop=0}
                      ; - java.util.zip.ZipFile$CleanableResource::getInflater@6 (line 737)
                      ; - java.util.zip.ZipFile$ZipFileInflaterInputStream::<init>@5 (line 434)
                      ; - java.util.zip.ZipFile::getInputStream@216 (line 401)
                      ; - java.util.jar.JarFile::getInputStream@21 (line 856)
                      ; - jdk.internal.loader.URLClassPath$JarLoader$2::getInputStream@11 (line 848)
                      ; - jdk.internal.loader.Resource::cachedInputStream@9 (line 77)
                      ; - jdk.internal.loader.Resource::getByteBuffer@1 (line 163)
                      ; - jdk.internal.loader.BuiltinClassLoader::defineClass@45 (line 853)
                      ; - jdk.internal.loader.BuiltinClassLoader::findClassOnClassPathOrNull@37 (line 760)
  0x00000224ed848c64: 187c 3aff 

  0x00000224ed848c68: ;   {other}
  0x00000224ed848c68: 0f1f 8400 | d875 0089 | e90a b6ff | ffba deff | ffff 4c8b | 5424 484c | 8954 2428 | 4c8b 5424 
  0x00000224ed848c88: 704c 8954 | 2430 448b | 5c24 7844 | 895c 2438 | 448b 9c24 | 8000 0000 | 4489 5c24 | 7866 6690 
  0x00000224ed848ca8: ;   {runtime_call UncommonTrapBlob}
  0x00000224ed848ca8: c5f8 77e8 

  0x00000224ed848cac: ; ImmutableOopMap {rbp=NarrowOop [40]=Oop [48]=Oop [56]=NarrowOop [60]=NarrowOop [64]=Oop [80]=NarrowOop [84]=NarrowOop [88]=Oop [104]=Oop [124]=NarrowOop [144]=Oop }
                      ;*invokeinterface poll {reexecute=0 rethrow=0 return_oop=0}
                      ; - java.util.zip.ZipFile$CleanableResource::getInflater@11 (line 738)
                      ; - java.util.zip.ZipFile$ZipFileInflaterInputStream::<init>@5 (line 434)
                      ; - java.util.zip.ZipFile::getInputStream@216 (line 401)
                      ; - java.util.jar.JarFile::getInputStream@21 (line 856)
                      ; - jdk.internal.loader.URLClassPath$JarLoader$2::getInputStream@11 (line 848)
                      ; - jdk.internal.loader.Resource::cachedInputStream@9 (line 77)
                      ; - jdk.internal.loader.Resource::getByteBuffer@1 (line 163)
                      ; - jdk.internal.loader.BuiltinClassLoader::defineClass@45 (line 853)
                      ; - jdk.internal.loader.BuiltinClassLoader::findClassOnClassPathOrNull@37 (line 760)
  0x00000224ed848cac: 50b9 2dff 

  0x00000224ed848cb0: ;   {other}
  0x00000224ed848cb0: 0f1f 8400 | 2076 008a | bade ffff | ff4c 8b54 | 2448 4c89 | 5424 204c | 8b54 2470 | 4c89 5424 
  0x00000224ed848cd0: 2844 8b5c | 243c 458b | d344 8954 | 2438 894c | 2464 4c89 | 4424 6889 | 4c24 7090 

  0x00000224ed848cec: ;   {runtime_call UncommonTrapBlob}
  0x00000224ed848cec: c5f8 77e8 

  0x00000224ed848cf0: ; ImmutableOopMap {[32]=Oop [40]=Oop [56]=NarrowOop [60]=NarrowOop [64]=Oop [100]=NarrowOop [104]=Oop [112]=NarrowOop [120]=NarrowOop [144]=Oop }
                      ;*invokeinterface add {reexecute=0 rethrow=0 return_oop=0}
                      ; - java.util.zip.ZipFile::getInputStream@231 (line 403)
                      ; - java.util.jar.JarFile::getInputStream@21 (line 856)
                      ; - jdk.internal.loader.URLClassPath$JarLoader$2::getInputStream@11 (line 848)
                      ; - jdk.internal.loader.Resource::cachedInputStream@9 (line 77)
                      ; - jdk.internal.loader.Resource::getByteBuffer@1 (line 163)
                      ; - jdk.internal.loader.BuiltinClassLoader::defineClass@45 (line 853)
                      ; - jdk.internal.loader.BuiltinClassLoader::findClassOnClassPathOrNull@37 (line 760)
  0x00000224ed848cf0: 0cb9 2dff 

  0x00000224ed848cf4: ;   {other}
  0x00000224ed848cf4: 0f1f 8400 | 6476 008b | 4c89 4c24 | 584c 8944 | 2450 894c | 242c 498b | d14c 8d84 | 2408 0100 
  0x00000224ed848d14: 0066 6690 

  0x00000224ed848d18: ;   {runtime_call _complete_monitor_locking_Java}
  0x00000224ed848d18: c5f8 77e8 

  0x00000224ed848d1c: ; ImmutableOopMap {[44]=NarrowOop [48]=Oop [60]=NarrowOop [64]=Oop [72]=Oop [80]=Oop [88]=Oop [96]=Oop [112]=Oop [120]=NarrowOop [144]=Oop }
                      ;*monitorenter {reexecute=0 rethrow=0 return_oop=0}
                      ; - java.util.zip.ZipFile::getInputStream@226 (line 402)
                      ; - java.util.jar.JarFile::getInputStream@21 (line 856)
                      ; - jdk.internal.loader.URLClassPath$JarLoader$2::getInputStream@11 (line 848)
                      ; - jdk.internal.loader.Resource::cachedInputStream@9 (line 77)
                      ; - jdk.internal.loader.Resource::getByteBuffer@1 (line 163)
                      ; - jdk.internal.loader.BuiltinClassLoader::defineClass@45 (line 853)
                      ; - jdk.internal.loader.BuiltinClassLoader::findClassOnClassPathOrNull@37 (line 760)
  0x00000224ed848d1c: 607b 3aff 

  0x00000224ed848d20: ;   {other}
  0x00000224ed848d20: 0f1f 8400 | 9076 008c | 8b4c 242c | 4c8b 4424 | 504c 8b4c | 2458 e943 | bbff ff49 | 8bcb 488d 
  0x00000224ed848d40: 9424 f800 | 0000 4d8b | c7c5 f877 | 49ba 000d | cee5 fc7f | 0000 41ff 

  0x00000224ed848d58: ;   {other}
  0x00000224ed848d58: d20f 1f84 | 0000 0000 | 00e9 48be | ffff 488b | 4c24 5848 | 8d94 2408 | 0100 004d | 8bc7 c5f8 
  0x00000224ed848d78: 7749 ba00 | 0dce e5fc | 7f00 0041 

  0x00000224ed848d84: ;   {other}
  0x00000224ed848d84: ffd2 0f1f | 8400 0000 | 0000 e97b | bdff ffba | e4ff ffff | 488b ac24 | 9000 0000 | 4c8b 5c24 
  0x00000224ed848da4: 484c 895c | 2420 4c8b | 5c24 704c | 895c 2428 | 448b 4424 | 7844 8944 | 2430 4889 | 8424 9000 
  0x00000224ed848dc4: 0000 4489 | 9424 9800 | 0000 6690 

  0x00000224ed848dd0: ;   {runtime_call UncommonTrapBlob}
  0x00000224ed848dd0: c5f8 77e8 

  0x00000224ed848dd4: ; ImmutableOopMap {rbp=Oop [32]=Oop [40]=Oop [48]=NarrowOop [60]=NarrowOop [64]=Oop [80]=Oop [88]=Oop [104]=Oop [128]=Oop [144]=Oop }
                      ;*aaload {reexecute=0 rethrow=0 return_oop=0}
                      ; - java.util.WeakHashMap::put@32 (line 465)
                      ; - java.util.Collections$SetFromMap::add@8 (line 5929)
                      ; - java.util.zip.ZipFile::getInputStream@231 (line 403)
                      ; - java.util.jar.JarFile::getInputStream@21 (line 856)
                      ; - jdk.internal.loader.URLClassPath$JarLoader$2::getInputStream@11 (line 848)
                      ; - jdk.internal.loader.Resource::cachedInputStream@9 (line 77)
                      ; - jdk.internal.loader.Resource::getByteBuffer@1 (line 163)
                      ; - jdk.internal.loader.BuiltinClassLoader::defineClass@45 (line 853)
                      ; - jdk.internal.loader.BuiltinClassLoader::findClassOnClassPathOrNull@37 (line 760)
  0x00000224ed848dd4: 28b8 2dff 

  0x00000224ed848dd8: ;   {other}
  0x00000224ed848dd8: 0f1f 8400 | 4877 008d | 4889 5c24 | 284c 8954 | 2420 498b | d7c5 f877 | 49ba d001 | 8de5 fc7f 
  0x00000224ed848df8: 0000 41ff 

  0x00000224ed848dfc: ;   {other}
  0x00000224ed848dfc: d20f 1f84 | 0000 0000 | 004c 8b54 | 2420 488b | 5c24 28e9 | 859e ffff | ba45 ffff | ff48 8b6c 
  0x00000224ed848e1c: 2438 4489 | 5c24 3490 

  0x00000224ed848e24: ;   {runtime_call UncommonTrapBlob}
  0x00000224ed848e24: c5f8 77e8 

  0x00000224ed848e28: ; ImmutableOopMap {rbp=Oop [72]=Oop [112]=Oop [120]=NarrowOop }
                      ;*if_icmpeq {reexecute=1 rethrow=0 return_oop=0}
                      ; - (reexecute) jdk.internal.loader.BuiltinClassLoader::defineClass@16 (line 846)
                      ; - jdk.internal.loader.BuiltinClassLoader::findClassOnClassPathOrNull@37 (line 760)
  0x00000224ed848e28: d4b7 2dff 

  0x00000224ed848e2c: ;   {other}
  0x00000224ed848e2c: 0f1f 8400 | 9c77 008e | ba45 ffff | ff48 8b6c | 2438 4c8b | 5424 484c | 8954 2438 | 4489 5c24 
  0x00000224ed848e4c: 4044 895c | 2444 894c | 244c 894c | 2450 6690 

  0x00000224ed848e5c: ;   {runtime_call UncommonTrapBlob}
  0x00000224ed848e5c: c5f8 77e8 

  0x00000224ed848e60: ; ImmutableOopMap {rbp=Oop [56]=Oop [112]=Oop [120]=NarrowOop }
                      ;*if_icmple {reexecute=1 rethrow=0 return_oop=0}
                      ; - (reexecute) jdk.internal.util.Preconditions::checkFromToIndex@11 (line 348)
                      ; - java.lang.String::checkBoundsBeginEnd@6 (line 4865)
                      ; - java.lang.String::substring@8 (line 2834)
                      ; - jdk.internal.loader.BuiltinClassLoader::defineClass@23 (line 847)
                      ; - jdk.internal.loader.BuiltinClassLoader::findClassOnClassPathOrNull@37 (line 760)
  0x00000224ed848e60: 9cb7 2dff 

  0x00000224ed848e64: ;   {other}
  0x00000224ed848e64: 0f1f 8400 | d477 008f | 4d8b d349 | 8bca 488d | 9424 0801 | 0000 4d8b | c7c5 f877 | 49ba 000d 
  0x00000224ed848e84: cee5 fc7f | 0000 41ff 

  0x00000224ed848e8c: ;   {other}
  0x00000224ed848e8c: d20f 1f84 | 0000 0000 | 00e9 16b5 | ffff ba45 | ffff ff4c | 8b44 2438 | 4c89 4424 | 204c 8b44 
  0x00000224ed848eac: 2448 4c89 | 4424 284c | 8954 2448 | 4489 5c24 | 5066 6690 

  0x00000224ed848ec0: ;   {runtime_call UncommonTrapBlob}
  0x00000224ed848ec0: c5f8 77e8 

  0x00000224ed848ec4: ; ImmutableOopMap {rbp=NarrowOop [32]=Oop [40]=Oop [72]=Oop [80]=NarrowOop [120]=NarrowOop [128]=Oop }
                      ;*ifnull {reexecute=1 rethrow=0 return_oop=0}
                      ; - (reexecute) java.util.jar.JarFile::maybeInstantiateVerifier@4 (line 713)
                      ; - java.util.jar.JarFile::ensureInitialization@1 (line 1064)
                      ; - java.util.jar.JavaUtilJarAccessImpl::ensureInitialization@1 (line 42)
                      ; - jdk.internal.loader.URLClassPath$JarLoader$2::getManifest@10 (line 852)
                      ; - jdk.internal.loader.BuiltinClassLoader::defineClass@29 (line 848)
                      ; - jdk.internal.loader.BuiltinClassLoader::findClassOnClassPathOrNull@37 (line 760)
  0x00000224ed848ec4: 38b7 2dff 

  0x00000224ed848ec8: ;   {other}
  0x00000224ed848ec8: 0f1f 8400 | 3878 0090 | 4d63 dae9 | 01aa ffff | bacc ffff | ff48 8bac | 2490 0000 | 004c 8b54 
  0x00000224ed848ee8: 2448 4c89 | 5424 204c | 8b54 2470 | 4c89 5424 | 2844 8b5c | 2478 4489 | 5c24 344c | 8b94 2480 
  0x00000224ed848f08: 0000 004c | 8954 2450 | 4c8b 9424 | 8800 0000 | 4c89 5424 | 604c 8954 | 2468 448b | 5424 7c44 
  0x00000224ed848f28: 8954 2470 | 4889 9c24 | 9000 0000 

  0x00000224ed848f34: ;   {runtime_call UncommonTrapBlob}
  0x00000224ed848f34: c5f8 77e8 

  0x00000224ed848f38: ; ImmutableOopMap {rbp=Oop [32]=Oop [40]=Oop [52]=NarrowOop [80]=Oop [88]=Oop [96]=Oop [104]=Oop [112]=NarrowOop [144]=Oop [160]=Oop }
                      ;*invokestatic arraycopy {reexecute=0 rethrow=0 return_oop=0}
                      ; - java.lang.String::getBytes@22 (line 4726)
                      ; - java.lang.StringConcatHelper::prepend@21 (line 324)
                      ; - java.lang.StringConcatHelper::simpleConcat@71 (line 438)
                      ; - java.lang.String::concat@11 (line 2899)
                      ; - jdk.internal.loader.BuiltinClassLoader::isSealed@14 (line 992)
                      ; - jdk.internal.loader.BuiltinClassLoader::getAndVerifyPackage@70 (line 911)
                      ; - jdk.internal.loader.BuiltinClassLoader::defineOrCheckPackage@4 (line 877)
                      ; - jdk.internal.loader.ClassLoaders$AppClassLoader::defineOrCheckPackage@4 (line 211)
                      ; - jdk.internal.loader.BuiltinClassLoader::defineClass@40 (line 849)
                      ; - jdk.internal.loader.BuiltinClassLoader::findClassOnClassPathOrNull@37 (line 760)
  0x00000224ed848f38: c4b6 2dff 

  0x00000224ed848f3c: ;   {other}
  0x00000224ed848f3c: 0f1f 8400 | ac78 0091 | bacc ffff | ff4c 8b54 | 2448 4c89 | 5424 204c | 8b54 2470 | 4c89 5424 
  0x00000224ed848f5c: 2844 8b5c | 2478 4489 | 5c24 344c | 8b94 2480 | 0000 004c | 8954 2450 | 4c8b 9424 | 8800 0000 
  0x00000224ed848f7c: 4c89 5424 | 604c 8954 | 2468 448b | 5c24 7c44 | 895c 2478 | 4889 9c24 | 8800 0000 

  0x00000224ed848f98: ;   {runtime_call UncommonTrapBlob}
  0x00000224ed848f98: c5f8 77e8 

  0x00000224ed848f9c: ; ImmutableOopMap {[32]=Oop [40]=Oop [52]=NarrowOop [80]=Oop [88]=Oop [96]=Oop [104]=Oop [120]=NarrowOop [136]=Oop [144]=Oop [152]=Oop }
                      ;*invokestatic arraycopy {reexecute=0 rethrow=0 return_oop=0}
                      ; - java.lang.String::getBytes@22 (line 4726)
                      ; - java.lang.StringConcatHelper::prepend@21 (line 324)
                      ; - java.lang.StringConcatHelper::simpleConcat@81 (line 439)
                      ; - java.lang.String::concat@11 (line 2899)
                      ; - jdk.internal.loader.BuiltinClassLoader::isSealed@14 (line 992)
                      ; - jdk.internal.loader.BuiltinClassLoader::getAndVerifyPackage@70 (line 911)
                      ; - jdk.internal.loader.BuiltinClassLoader::defineOrCheckPackage@4 (line 877)
                      ; - jdk.internal.loader.ClassLoaders$AppClassLoader::defineOrCheckPackage@4 (line 211)
                      ; - jdk.internal.loader.BuiltinClassLoader::defineClass@40 (line 849)
                      ; - jdk.internal.loader.BuiltinClassLoader::findClassOnClassPathOrNull@37 (line 760)
  0x00000224ed848f9c: 60b6 2dff 

  0x00000224ed848fa0: ;   {other}
  0x00000224ed848fa0: 0f1f 8400 | 1079 0092 | ba45 ffff | ff48 8b6c | 2438 4c89 | 4c24 2889 | 4c24 3090 

  0x00000224ed848fbc: ;   {runtime_call UncommonTrapBlob}
  0x00000224ed848fbc: c5f8 77e8 

  0x00000224ed848fc0: ; ImmutableOopMap {rbp=Oop [40]=Oop [72]=Oop }
                      ;*iflt {reexecute=1 rethrow=0 return_oop=0}
                      ; - (reexecute) java.lang.StringConcatHelper::checkOverflow@2 (line 65)
                      ; - java.lang.StringConcatHelper::mix@23 (line 127)
                      ; - java.lang.StringConcatHelper::simpleConcat@46 (line 433)
                      ; - java.lang.String::concat@11 (line 2899)
                      ; - jdk.internal.loader.BuiltinClassLoader::findClassOnClassPathOrNull@10 (line 755)
  0x00000224ed848fc0: 3cb6 2dff 

  0x00000224ed848fc4: ;   {other}
  0x00000224ed848fc4: 0f1f 8400 | 3479 0093 | ba45 ffff | ff4c 894c | 2430 6690 

  0x00000224ed848fd8: ;   {runtime_call UncommonTrapBlob}
  0x00000224ed848fd8: c5f8 77e8 

  0x00000224ed848fdc: ; ImmutableOopMap {[48]=Oop [56]=Oop [72]=Oop }
                      ;*iflt {reexecute=1 rethrow=0 return_oop=0}
                      ; - (reexecute) java.lang.StringConcatHelper::checkOverflow@2 (line 65)
                      ; - java.lang.StringConcatHelper::mix@23 (line 127)
                      ; - java.lang.StringConcatHelper::simpleConcat@54 (line 434)
                      ; - java.lang.String::concat@11 (line 2899)
                      ; - jdk.internal.loader.BuiltinClassLoader::findClassOnClassPathOrNull@10 (line 755)
  0x00000224ed848fdc: 20b6 2dff 

  0x00000224ed848fe0: ;   {other}
  0x00000224ed848fe0: 0f1f 8400 | 5079 0094 | ba45 ffff | ff48 8b6c | 2438 4c89 | 4c24 3048 | 895c 2438 | 4489 4424 
  0x00000224ed849000: 4066 6690 

  0x00000224ed849004: ;   {runtime_call UncommonTrapBlob}
  0x00000224ed849004: c5f8 77e8 

  0x00000224ed849008: ; ImmutableOopMap {rbp=Oop [48]=Oop [56]=Oop [72]=Oop }
                      ;*if_icmpne {reexecute=1 rethrow=0 return_oop=0}
                      ; - (reexecute) java.lang.String::getBytes@5 (line 4725)
                      ; - java.lang.StringConcatHelper::prepend@21 (line 324)
                      ; - java.lang.StringConcatHelper::simpleConcat@81 (line 439)
                      ; - java.lang.String::concat@11 (line 2899)
                      ; - jdk.internal.loader.BuiltinClassLoader::findClassOnClassPathOrNull@10 (line 755)
  0x00000224ed849008: f4b5 2dff 

  0x00000224ed84900c: ;   {other}
  0x00000224ed84900c: 0f1f 8400 | 7c79 0095 | ba45 ffff | ff48 8b6c | 2438 4c89 | 4c24 2848 | 8974 2430 | 4489 4424 
  0x00000224ed84902c: 3866 6690 

  0x00000224ed849030: ;   {runtime_call UncommonTrapBlob}
  0x00000224ed849030: c5f8 77e8 

  0x00000224ed849034: ; ImmutableOopMap {rbp=Oop [40]=Oop [72]=Oop }
                      ;*if_icmpne {reexecute=1 rethrow=0 return_oop=0}
                      ; - (reexecute) java.lang.StringConcatHelper::mix@13 (line 124)
                      ; - java.lang.StringConcatHelper::simpleConcat@46 (line 433)
                      ; - java.lang.String::concat@11 (line 2899)
                      ; - jdk.internal.loader.BuiltinClassLoader::findClassOnClassPathOrNull@10 (line 755)
  0x00000224ed849034: c8b5 2dff 

  0x00000224ed849038: ;   {other}
  0x00000224ed849038: 0f1f 8400 | a879 0096 | ba45 ffff | ff48 8b6c | 2438 4c89 | 4c24 2848 | 8944 2430 | 4489 5424 
  0x00000224ed849058: 3866 6690 

  0x00000224ed84905c: ;   {runtime_call UncommonTrapBlob}
  0x00000224ed84905c: c5f8 77e8 

  0x00000224ed849060: ; ImmutableOopMap {rbp=Oop [40]=Oop [72]=Oop }
                      ;*ifge {reexecute=1 rethrow=0 return_oop=0}
                      ; - (reexecute) java.lang.StringConcatHelper::newArray@13 (line 508)
                      ; - java.lang.StringConcatHelper::simpleConcat@61 (line 435)
                      ; - java.lang.String::concat@11 (line 2899)
                      ; - jdk.internal.loader.BuiltinClassLoader::findClassOnClassPathOrNull@10 (line 755)
  0x00000224ed849060: 9cb5 2dff 

  0x00000224ed849064: ;   {other}
  0x00000224ed849064: 0f1f 8400 | d479 0097 | ba76 ffff | ff4c 8b54 | 2448 4c89 | 5424 284c | 8b54 2470 | 4c89 5424 
  0x00000224ed849084: 304c 8b94 | 2490 0000 | 004c 8954 | 2440 448b | 5424 7844 | 8954 243c | 4c8b 9424 | 8000 0000 
  0x00000224ed8490a4: 4c89 5424 | 584c 8b94 | 2488 0000 | 004c 8954 | 2468 4c89 | 5424 704c | 8b94 2480 | 0000 004c 
  0x00000224ed8490c4: 8954 2478 | 4c89 8424 | 8800 0000 | 448b 9424 | 9800 0000 | 4489 9424 | 9400 0000 

  0x00000224ed8490e0: ;   {runtime_call UncommonTrapBlob}
  0x00000224ed8490e0: c5f8 77e8 

  0x00000224ed8490e4: ; ImmutableOopMap {[40]=Oop [48]=Oop [60]=NarrowOop [64]=Oop [88]=Oop [96]=Oop [104]=Oop [112]=Oop [120]=Oop [136]=Oop [148]=NarrowOop [156]=NarrowOop }
                      ;*if_icmpge {reexecute=1 rethrow=0 return_oop=0}
                      ; - (reexecute) java.lang.StringLatin1::replace@82 (line 308)
                      ; - java.lang.String::replace@18 (line 2933)
                      ; - jdk.internal.loader.BuiltinClassLoader::isSealed@9 (line 992)
                      ; - jdk.internal.loader.BuiltinClassLoader::getAndVerifyPackage@70 (line 911)
                      ; - jdk.internal.loader.BuiltinClassLoader::defineOrCheckPackage@4 (line 877)
                      ; - jdk.internal.loader.ClassLoaders$AppClassLoader::defineOrCheckPackage@4 (line 211)
                      ; - jdk.internal.loader.BuiltinClassLoader::defineClass@40 (line 849)
                      ; - jdk.internal.loader.BuiltinClassLoader::findClassOnClassPathOrNull@37 (line 760)
  0x00000224ed8490e4: 18b5 2dff 

  0x00000224ed8490e8: ;   {other}
  0x00000224ed8490e8: 0f1f 8400 | 587a 0098 | 4963 cbe9 | b898 ffff | 4883 c1fe | 498b fa48 | 33c0 4883 | f908 7f10 
  0x00000224ed849108: 48ff c978 | 4f48 8904 | cf48 ffc9 | 7df7 eb44 | c5fd efc0 | e90d 0000 | 00c5 fe7f | 07c5 fe7f 
  0x00000224ed849128: 4720 4883 | c740 4883 | e908 7ded | 4883 c104 | 7c0c c5fe | 7f07 4883 | c720 4883 | e904 4883 
  0x00000224ed849148: c104 7e10 | 48ff c9c5 | f9d6 0748 | 83c7 0848 | ffc9 7df3 | 0f1f 4000 | e91f 99ff | ffba ccff 
  0x00000224ed849168: ffff 488b | 6c24 384c | 8b44 2448 | 4c89 4424 | 2044 895c | 2438 4889 | 5c24 4844 | 8954 243c 
  0x00000224ed849188: ;   {runtime_call UncommonTrapBlob}
  0x00000224ed849188: c5f8 77e8 

  0x00000224ed84918c: ; ImmutableOopMap {rbp=Oop [32]=Oop [60]=NarrowOop [72]=Oop [112]=Oop [120]=NarrowOop }
                      ;*newarray {reexecute=1 rethrow=0 return_oop=0}
                      ; - (reexecute) java.util.Arrays::copyOfRangeByte@10 (line 3863)
                      ; - java.util.Arrays::copyOfRange@13 (line 3854)
                      ; - java.lang.StringLatin1::newString@16 (line 752)
                      ; - java.lang.String::substring@41 (line 2839)
                      ; - jdk.internal.loader.BuiltinClassLoader::defineClass@23 (line 847)
                      ; - jdk.internal.loader.BuiltinClassLoader::findClassOnClassPathOrNull@37 (line 760)
  0x00000224ed84918c: 70b4 2dff 

  0x00000224ed849190: ;   {other}
  0x00000224ed849190: 0f1f 8400 | 007b 0099 | 4d8d 1cf4 | 4489 4424 | 38e9 5dd9 | ffff ba76 | ffff ff4c | 8b54 2448 
  0x00000224ed8491b0: 4c89 5424 | 284c 8b54 | 2470 4c89 | 5424 3044 | 8b5c 2478 | 4c8b 9424 | 9000 0000 | 4c89 5424 
  0x00000224ed8491d0: 4044 895c | 243c 4c8b | 9424 8000 | 0000 4c89 | 5424 584c | 8b94 2488 | 0000 004c | 8954 2468 
  0x00000224ed8491f0: 4c89 5424 | 704c 8b94 | 2480 0000 | 004c 8954 | 2478 4c89 | 8424 8800 | 0000 6690 

  0x00000224ed84920c: ;   {runtime_call UncommonTrapBlob}
  0x00000224ed84920c: c5f8 77e8 

  0x00000224ed849210: ; ImmutableOopMap {[40]=Oop [48]=Oop [60]=NarrowOop [64]=Oop [88]=Oop [96]=Oop [104]=Oop [112]=Oop [120]=Oop [136]=Oop [152]=NarrowOop [156]=NarrowOop }
                      ;*if_icmpge {reexecute=1 rethrow=0 return_oop=0}
                      ; - (reexecute) java.lang.StringLatin1::replace@61 (line 305)
                      ; - java.lang.String::replace@18 (line 2933)
                      ; - jdk.internal.loader.BuiltinClassLoader::isSealed@9 (line 992)
                      ; - jdk.internal.loader.BuiltinClassLoader::getAndVerifyPackage@70 (line 911)
                      ; - jdk.internal.loader.BuiltinClassLoader::defineOrCheckPackage@4 (line 877)
                      ; - jdk.internal.loader.ClassLoaders$AppClassLoader::defineOrCheckPackage@4 (line 211)
                      ; - jdk.internal.loader.BuiltinClassLoader::defineClass@40 (line 849)
                      ; - jdk.internal.loader.BuiltinClassLoader::findClassOnClassPathOrNull@37 (line 760)
  0x00000224ed849210: ecb3 2dff 

  0x00000224ed849214: ;   {other}
  0x00000224ed849214: 0f1f 8400 | 847b 009a | b901 0000 | 00e9 ada3 | ffff 498b | d7c5 f877 | 49ba d001 | 8de5 fc7f 
  0x00000224ed849234: 0000 41ff 

  0x00000224ed849238: ;   {other}
  0x00000224ed849238: d20f 1f84 | 0000 0000 | 00e9 4998 | ffff 33ed | 4585 d240 | 0f95 c5ba | 45ff ffff | 4c8b 5424 
  0x00000224ed849258: 484c 8954 | 2428 4c8b | 5424 704c | 8954 2430 | 448b 4424 | 7844 8944 | 243c 4489 | 4424 704c 
  0x00000224ed849278: 895c 2478 

  0x00000224ed84927c: ;   {runtime_call UncommonTrapBlob}
  0x00000224ed84927c: c5f8 77e8 

  0x00000224ed849280: ; ImmutableOopMap {[40]=Oop [48]=Oop [60]=NarrowOop [112]=NarrowOop [120]=Oop [128]=Oop [136]=Oop [144]=Oop }
                      ;*ifne {reexecute=1 rethrow=0 return_oop=0}
                      ; - (reexecute) java.lang.Package::isSealed@7 (line 235)
                      ; - jdk.internal.loader.BuiltinClassLoader::getAndVerifyPackage@14 (line 904)
                      ; - jdk.internal.loader.BuiltinClassLoader::defineOrCheckPackage@4 (line 877)
                      ; - jdk.internal.loader.ClassLoaders$AppClassLoader::defineOrCheckPackage@4 (line 211)
                      ; - jdk.internal.loader.BuiltinClassLoader::defineClass@40 (line 849)
                      ; - jdk.internal.loader.BuiltinClassLoader::findClassOnClassPathOrNull@37 (line 760)
  0x00000224ed849280: 7cb3 2dff 

  0x00000224ed849284: ;   {other}
  0x00000224ed849284: 0f1f 8400 | f47b 009b | ba45 ffff | ff4c 8b54 | 2448 4c89 | 5424 204c | 8b54 2470 | 4c89 5424 
  0x00000224ed8492a4: 2844 8b44 | 2478 4489 | 4424 344c | 8b94 2480 | 0000 004c | 8954 2458 | 4489 4424 | 684c 8b94 
  0x00000224ed8492c4: 2480 0000 | 004c 8954 | 2478 894c | 246c 4489 | 9c24 8000 | 0000 6690 

  0x00000224ed8492dc: ;   {runtime_call UncommonTrapBlob}
  0x00000224ed8492dc: c5f8 77e8 

  0x00000224ed8492e0: ; ImmutableOopMap {[32]=Oop [40]=Oop [52]=NarrowOop [88]=Oop [104]=NarrowOop [108]=NarrowOop [120]=Oop [136]=Oop [144]=Oop }
                      ;*ifle {reexecute=1 rethrow=0 return_oop=0}
                      ; - (reexecute) java.util.concurrent.ConcurrentHashMap::get@23 (line 937)
                      ; - java.lang.ClassLoader::definePackage@47 (line 2125)
                      ; - java.lang.ClassLoader::getDefinedPackage@32 (line 2267)
                      ; - jdk.internal.loader.BuiltinClassLoader::getAndVerifyPackage@2 (line 902)
                      ; - jdk.internal.loader.BuiltinClassLoader::defineOrCheckPackage@4 (line 877)
                      ; - jdk.internal.loader.ClassLoaders$AppClassLoader::defineOrCheckPackage@4 (line 211)
                      ; - jdk.internal.loader.BuiltinClassLoader::defineClass@40 (line 849)
                      ; - jdk.internal.loader.BuiltinClassLoader::findClassOnClassPathOrNull@37 (line 760)
  0x00000224ed8492e0: 1cb3 2dff 

  0x00000224ed8492e4: ;   {other}
  0x00000224ed8492e4: 0f1f 8400 | 547c 009c | 33ed 85c9 | 400f 94c5 | ba45 ffff | ff4c 8b44 | 2448 4c89 | 4424 284c 
  0x00000224ed849304: 8b44 2470 | 4c89 4424 | 3044 8b4c | 2478 4489 | 4c24 3c4c | 8b84 2480 | 0000 004c | 8944 2458 
  0x00000224ed849324: 4c89 5c24 | 604c 8944 | 2478 4489 | 9424 8000 | 0000 6690 

  0x00000224ed849338: ;   {runtime_call UncommonTrapBlob}
  0x00000224ed849338: c5f8 77e8 

  0x00000224ed84933c: ; ImmutableOopMap {[40]=Oop [48]=Oop [60]=NarrowOop [88]=Oop [96]=Oop [120]=Oop [128]=NarrowOop [136]=Oop [144]=Oop }
                      ;*ifeq {reexecute=1 rethrow=0 return_oop=0}
                      ; - (reexecute) java.lang.String::replace@9 (line 2933)
                      ; - jdk.internal.loader.BuiltinClassLoader::isSealed@9 (line 992)
                      ; - jdk.internal.loader.BuiltinClassLoader::getAndVerifyPackage@70 (line 911)
                      ; - jdk.internal.loader.BuiltinClassLoader::defineOrCheckPackage@4 (line 877)
                      ; - jdk.internal.loader.ClassLoaders$AppClassLoader::defineOrCheckPackage@4 (line 211)
                      ; - jdk.internal.loader.BuiltinClassLoader::defineClass@40 (line 849)
                      ; - jdk.internal.loader.BuiltinClassLoader::findClassOnClassPathOrNull@37 (line 760)
  0x00000224ed84933c: c0b2 2dff 

  0x00000224ed849340: ;   {other}
  0x00000224ed849340: 0f1f 8400 | b07c 009d | baf6 ffff | ff4c 8b5c | 2448 4c89 | 5c24 204c | 8954 2458 

  0x00000224ed84935c: ;   {runtime_call UncommonTrapBlob}
  0x00000224ed84935c: c5f8 77e8 

  0x00000224ed849360: ; ImmutableOopMap {[32]=Oop [88]=Oop [112]=Oop [120]=NarrowOop [128]=Oop [136]=Oop [144]=Oop }
                      ;*invokevirtual compute {reexecute=0 rethrow=0 return_oop=0}
                      ; - java.lang.ClassLoader::definePackage@78 (line 2129)
                      ; - java.lang.ClassLoader::getDefinedPackage@32 (line 2267)
                      ; - jdk.internal.loader.BuiltinClassLoader::getAndVerifyPackage@2 (line 902)
                      ; - jdk.internal.loader.BuiltinClassLoader::defineOrCheckPackage@4 (line 877)
                      ; - jdk.internal.loader.ClassLoaders$AppClassLoader::defineOrCheckPackage@4 (line 211)
                      ; - jdk.internal.loader.BuiltinClassLoader::defineClass@40 (line 849)
                      ; - jdk.internal.loader.BuiltinClassLoader::findClassOnClassPathOrNull@37 (line 760)
  0x00000224ed849360: 9cb2 2dff 

  0x00000224ed849364: ;   {other}
  0x00000224ed849364: 0f1f 8400 | d47c 009e | ba45 ffff | ff4c 8b54 | 2448 4c89 | 5424 284c | 8b54 2470 | 4c89 5424 
  0x00000224ed849384: 3044 8b44 | 2478 4489 | 4424 3c44 | 8944 2470 | 4c89 5c24 | 7866 6690 

  0x00000224ed84939c: ;   {runtime_call UncommonTrapBlob}
  0x00000224ed84939c: c5f8 77e8 

  0x00000224ed8493a0: ; ImmutableOopMap {rbp=NarrowOop [40]=Oop [48]=Oop [60]=NarrowOop [112]=NarrowOop [120]=Oop [128]=Oop [136]=Oop [144]=Oop }
                      ;*ifnull {reexecute=1 rethrow=0 return_oop=0}
                      ; - (reexecute) java.lang.Package::isSealed@17 (line 235)
                      ; - jdk.internal.loader.BuiltinClassLoader::getAndVerifyPackage@14 (line 904)
                      ; - jdk.internal.loader.BuiltinClassLoader::defineOrCheckPackage@4 (line 877)
                      ; - jdk.internal.loader.ClassLoaders$AppClassLoader::defineOrCheckPackage@4 (line 211)
                      ; - jdk.internal.loader.BuiltinClassLoader::defineClass@40 (line 849)
                      ; - jdk.internal.loader.BuiltinClassLoader::findClassOnClassPathOrNull@37 (line 760)
  0x00000224ed8493a0: 5cb2 2dff 

  0x00000224ed8493a4: ;   {other}
  0x00000224ed8493a4: 0f1f 8400 | 147d 009f | 498b d7c5 | f877 49ba | d001 8de5 | fc7f 0000 

  0x00000224ed8493bc: ;   {other}
  0x00000224ed8493bc: 41ff d20f | 1f84 0000 | 0000 00e9 | f2b7 ffff | 498b d7c5 | f877 49ba | d001 8de5 | fc7f 0000 
  0x00000224ed8493dc: ;   {other}
  0x00000224ed8493dc: 41ff d20f | 1f84 0000 | 0000 00e9 | 13d2 ffff | 498b d7c5 | f877 49ba | d001 8de5 | fc7f 0000 
  0x00000224ed8493fc: ;   {other}
  0x00000224ed8493fc: 41ff d20f | 1f84 0000 | 0000 00e9 | 6fd2 ffff | 498b d7c5 | f877 49ba | d001 8de5 | fc7f 0000 
  0x00000224ed84941c: ;   {other}
  0x00000224ed84941c: 41ff d20f | 1f84 0000 | 0000 00e9 | eeaf ffff | 8bfb 498b | d849 8bd7 | c5f8 7749 | bad0 018d 
  0x00000224ed84943c: e5fc 7f00 | 0041 ffd2 

  0x00000224ed849444: ;   {other}
  0x00000224ed849444: 0f1f 8400 | 0000 0000 | e971 d2ff | ff49 8bd7 | c5f8 7749 | bad0 018d | e5fc 7f00 | 0041 ffd2 
  0x00000224ed849464: ;   {other}
  0x00000224ed849464: 0f1f 8400 | 0000 0000 | e991 d2ff | ff49 8bf1 | 498b d849 | 8bd7 c5f8 | 7749 bad0 | 018d e5fc 
  0x00000224ed849484: 7f00 0041 

  0x00000224ed849488: ;   {other}
  0x00000224ed849488: ffd2 0f1f | 8400 0000 | 0000 4c8b | c34c 8bce | e933 b3ff | ff49 8bd9 | 498b d7c5 | f877 49ba 
  0x00000224ed8494a8: d001 8de5 | fc7f 0000 

  0x00000224ed8494b0: ;   {other}
  0x00000224ed8494b0: 41ff d20f | 1f84 0000 | 0000 004c | 8bcb 6690 | e9b3 b2ff | ff49 8bd7 | c5f8 7749 | bad0 018d 
  0x00000224ed8494d0: e5fc 7f00 | 0041 ffd2 

  0x00000224ed8494d8: ;   {other}
  0x00000224ed8494d8: 0f1f 8400 | 0000 0000 | 4c8b 8424 | 9800 0000 | e926 b5ff | ff49 8bd7 | c5f8 7749 | bad0 018d 
  0x00000224ed8494f8: e5fc 7f00 | 0041 ffd2 

  0x00000224ed849500: ;   {other}
  0x00000224ed849500: 0f1f 8400 | 0000 0000 | e9c6 adff | ffba 45ff | ffff 4c8b | 4c24 484c | 894c 2420 | 4c89 5c24 
  0x00000224ed849520: 404c 895c | 2448 4489 | 5424 5444 | 8944 2458 | 4489 4424 | 5c66 6690 

  0x00000224ed849538: ;   {runtime_call UncommonTrapBlob}
  0x00000224ed849538: c5f8 77e8 

  0x00000224ed84953c: ; ImmutableOopMap {[32]=Oop [64]=Oop [72]=Oop [84]=NarrowOop [88]=NarrowOop [92]=NarrowOop [112]=Oop [120]=NarrowOop [144]=Oop }
                      ;*ifnonnull {reexecute=1 rethrow=0 return_oop=0}
                      ; - (reexecute) java.util.Objects::requireNonNull@1 (line 258)
                      ; - java.util.jar.JarFile::getInputStream@4 (line 852)
                      ; - jdk.internal.loader.URLClassPath$JarLoader$2::getInputStream@11 (line 848)
                      ; - jdk.internal.loader.Resource::cachedInputStream@9 (line 77)
                      ; - jdk.internal.loader.Resource::getByteBuffer@1 (line 163)
                      ; - jdk.internal.loader.BuiltinClassLoader::defineClass@45 (line 853)
                      ; - jdk.internal.loader.BuiltinClassLoader::findClassOnClassPathOrNull@37 (line 760)
  0x00000224ed84953c: c0b0 2dff 

  0x00000224ed849540: ;   {other}
  0x00000224ed849540: 0f1f 8400 | b07e 00a0 | ba45 ffff | ff4c 8b4c | 2448 4c89 | 4c24 284c | 895c 2448 | 4c89 5c24 
  0x00000224ed849560: 5044 8944 | 2458 4489 | 5424 5c90 

  0x00000224ed84956c: ;   {runtime_call UncommonTrapBlob}
  0x00000224ed84956c: c5f8 77e8 

  0x00000224ed849570: ; ImmutableOopMap {rbp=NarrowOop [40]=Oop [72]=Oop [80]=Oop [88]=NarrowOop [92]=NarrowOop [112]=Oop [120]=NarrowOop [144]=Oop }
                      ;*ifnull {reexecute=1 rethrow=0 return_oop=0}
                      ; - (reexecute) java.util.jar.JarFile::maybeInstantiateVerifier@4 (line 713)
                      ; - java.util.jar.JarFile::getInputStream@9 (line 854)
                      ; - jdk.internal.loader.URLClassPath$JarLoader$2::getInputStream@11 (line 848)
                      ; - jdk.internal.loader.Resource::cachedInputStream@9 (line 77)
                      ; - jdk.internal.loader.Resource::getByteBuffer@1 (line 163)
                      ; - jdk.internal.loader.BuiltinClassLoader::defineClass@45 (line 853)
                      ; - jdk.internal.loader.BuiltinClassLoader::findClassOnClassPathOrNull@37 (line 760)
  0x00000224ed849570: 8cb0 2dff 

  0x00000224ed849574: ;   {other}
  0x00000224ed849574: 0f1f 8400 | e47e 00a1 | ba45 ffff | ff4c 8b4c | 2448 4c89 | 4c24 284c | 895c 2448 | 4c89 5c24 
  0x00000224ed849594: 5044 8954 | 2458 4489 | 4424 5c89 | 5c24 6089 | 4424 6444 | 8954 2468 

  0x00000224ed8495ac: ;   {runtime_call UncommonTrapBlob}
  0x00000224ed8495ac: c5f8 77e8 

  0x00000224ed8495b0: ; ImmutableOopMap {[40]=Oop [72]=Oop [80]=Oop [88]=NarrowOop [92]=NarrowOop [96]=NarrowOop [100]=NarrowOop [104]=NarrowOop [112]=Oop [120]=NarrowOop [144]=Oop }
                      ;*ifeq {reexecute=1 rethrow=0 return_oop=0}
                      ; - (reexecute) java.util.zip.ZipFile::ensureOpen@4 (line 845)
                      ; - java.util.zip.ZipFile::getInputStream@31 (line 375)
                      ; - java.util.jar.JarFile::getInputStream@21 (line 856)
                      ; - jdk.internal.loader.URLClassPath$JarLoader$2::getInputStream@11 (line 848)
                      ; - jdk.internal.loader.Resource::cachedInputStream@9 (line 77)
                      ; - jdk.internal.loader.Resource::getByteBuffer@1 (line 163)
                      ; - jdk.internal.loader.BuiltinClassLoader::defineClass@45 (line 853)
                      ; - jdk.internal.loader.BuiltinClassLoader::findClassOnClassPathOrNull@37 (line 760)
  0x00000224ed8495b0: 4cb0 2dff 

  0x00000224ed8495b4: ;   {other}
  0x00000224ed8495b4: 0f1f 8400 | 247f 00a2 | ba45 ffff | ff4c 8b4c | 2448 4c89 | 4c24 284c | 895c 2448 | 4c89 5c24 
  0x00000224ed8495d4: 5044 8954 | 2458 4489 | 4424 5c89 | 5c24 6089 | 4424 6444 | 8954 2468 

  0x00000224ed8495ec: ;   {runtime_call UncommonTrapBlob}
  0x00000224ed8495ec: c5f8 77e8 

  0x00000224ed8495f0: ; ImmutableOopMap {rbp=NarrowOop [40]=Oop [72]=Oop [80]=Oop [88]=NarrowOop [92]=NarrowOop [96]=NarrowOop [100]=NarrowOop [104]=NarrowOop [112]=Oop [120]=NarrowOop [144]=Oop }
                      ;*ifnonnull {reexecute=1 rethrow=0 return_oop=0}
                      ; - (reexecute) java.util.zip.ZipFile::ensureOpen@25 (line 848)
                      ; - java.util.zip.ZipFile::getInputStream@31 (line 375)
                      ; - java.util.jar.JarFile::getInputStream@21 (line 856)
                      ; - jdk.internal.loader.URLClassPath$JarLoader$2::getInputStream@11 (line 848)
                      ; - jdk.internal.loader.Resource::cachedInputStream@9 (line 77)
                      ; - jdk.internal.loader.Resource::getByteBuffer@1 (line 163)
                      ; - jdk.internal.loader.BuiltinClassLoader::defineClass@45 (line 853)
                      ; - jdk.internal.loader.BuiltinClassLoader::findClassOnClassPathOrNull@37 (line 760)
  0x00000224ed8495f0: 0cb0 2dff 

  0x00000224ed8495f4: ;   {other}
  0x00000224ed8495f4: 0f1f 8400 | 647f 00a3 | ba45 ffff | ff4c 8b4c | 2448 4c89 | 4c24 204c | 895c 2440 | 4c89 5c24 
  0x00000224ed849614: 4844 8954 | 2450 4489 | 4424 5444 | 8954 2458 

  0x00000224ed849624: ;   {runtime_call UncommonTrapBlob}
  0x00000224ed849624: c5f8 77e8 

  0x00000224ed849628: ; ImmutableOopMap {[32]=Oop [64]=Oop [72]=Oop [80]=NarrowOop [88]=NarrowOop [112]=Oop [120]=NarrowOop [144]=Oop }
                      ;*if_icmpne {reexecute=1 rethrow=0 return_oop=0}
                      ; - (reexecute) java.util.zip.ZipFile::getInputStream@69 (line 381)
                      ; - java.util.jar.JarFile::getInputStream@21 (line 856)
                      ; - jdk.internal.loader.URLClassPath$JarLoader$2::getInputStream@11 (line 848)
                      ; - jdk.internal.loader.Resource::cachedInputStream@9 (line 77)
                      ; - jdk.internal.loader.Resource::getByteBuffer@1 (line 163)
                      ; - jdk.internal.loader.BuiltinClassLoader::defineClass@45 (line 853)
                      ; - jdk.internal.loader.BuiltinClassLoader::findClassOnClassPathOrNull@37 (line 760)
  0x00000224ed849628: d4af 2dff 

  0x00000224ed84962c: ;   {other}
  0x00000224ed84962c: 0f1f 8400 | 9c7f 00a4 | 4d3b d0bd | ffff ffff | 7c08 400f | 95c5 400f | b6ed ba45 | ffff ff4c 
  0x00000224ed84964c: 8b54 2448 | 4c89 5424 | 284c 8b54 | 2470 4c89 | 5424 3044 | 8b54 2478 | 4489 5424 | 3845 8bd6 
  0x00000224ed84966c: 4489 5424 | 6c44 8954 | 2474 c5fa | 118c 2488 | 0000 0090 

  0x00000224ed849680: ;   {runtime_call UncommonTrapBlob}
  0x00000224ed849680: c5f8 77e8 

  0x00000224ed849684: ; ImmutableOopMap {[40]=Oop [48]=Oop [56]=NarrowOop [60]=NarrowOop [64]=Oop [80]=NarrowOop [88]=Oop [108]=NarrowOop [116]=NarrowOop [136]=NarrowOop [144]=Oop }
                      ;*ifeq {reexecute=1 rethrow=0 return_oop=0}
                      ; - (reexecute) java.util.zip.ZipFile$ZipFileInputStream::<init>@44 (line 875)
                      ; - java.util.zip.ZipFile::getInputStream@88 (line 384)
                      ; - java.util.jar.JarFile::getInputStream@21 (line 856)
                      ; - jdk.internal.loader.URLClassPath$JarLoader$2::getInputStream@11 (line 848)
                      ; - jdk.internal.loader.Resource::cachedInputStream@9 (line 77)
                      ; - jdk.internal.loader.Resource::getByteBuffer@1 (line 163)
                      ; - jdk.internal.loader.BuiltinClassLoader::defineClass@45 (line 853)
                      ; - jdk.internal.loader.BuiltinClassLoader::findClassOnClassPathOrNull@37 (line 760)
  0x00000224ed849684: 78af 2dff 

  0x00000224ed849688: ;   {other}
  0x00000224ed849688: 0f1f 8400 | f87f 00a5 | 493b d8bd | ffff ffff | 7c08 400f | 95c5 400f | b6ed ba45 | ffff ff4c 
  0x00000224ed8496a8: 8b54 2448 | 4c89 5424 | 284c 8b54 | 2470 4c89 | 5424 3044 | 8b5c 2478 | 4489 5c24 | 3845 8bd6 
  0x00000224ed8496c8: 4489 5424 | 6c44 8954 | 2474 c5fa | 118c 2488 | 0000 0090 

  0x00000224ed8496dc: ;   {runtime_call UncommonTrapBlob}
  0x00000224ed8496dc: c5f8 77e8 

  0x00000224ed8496e0: ; ImmutableOopMap {[40]=Oop [48]=Oop [56]=NarrowOop [60]=NarrowOop [64]=Oop [80]=NarrowOop [88]=Oop [108]=NarrowOop [116]=NarrowOop [136]=NarrowOop [144]=Oop }
                      ;*ifeq {reexecute=1 rethrow=0 return_oop=0}
                      ; - (reexecute) java.util.zip.ZipFile$ZipFileInputStream::<init>@55 (line 875)
                      ; - java.util.zip.ZipFile::getInputStream@88 (line 384)
                      ; - java.util.jar.JarFile::getInputStream@21 (line 856)
                      ; - jdk.internal.loader.URLClassPath$JarLoader$2::getInputStream@11 (line 848)
                      ; - jdk.internal.loader.Resource::cachedInputStream@9 (line 77)
                      ; - jdk.internal.loader.Resource::getByteBuffer@1 (line 163)
                      ; - jdk.internal.loader.BuiltinClassLoader::defineClass@45 (line 853)
                      ; - jdk.internal.loader.BuiltinClassLoader::findClassOnClassPathOrNull@37 (line 760)
  0x00000224ed8496e0: 1caf 2dff 

  0x00000224ed8496e4: ;   {other}
  0x00000224ed8496e4: 0f1f 8400 | 5480 00a6 | 4d3b d8bd | ffff ffff | 7c08 400f | 95c5 400f | b6ed ba45 | ffff ff4c 
  0x00000224ed849704: 8b54 2448 | 4c89 5424 | 284c 8b54 | 2470 4c89 | 5424 3044 | 8b54 2478 | 4489 5424 | 3845 8bd6 
  0x00000224ed849724: 4489 5424 | 6c44 8954 | 2474 c5fa | 118c 2488 | 0000 0090 

  0x00000224ed849738: ;   {runtime_call UncommonTrapBlob}
  0x00000224ed849738: c5f8 77e8 

  0x00000224ed84973c: ; ImmutableOopMap {[40]=Oop [48]=Oop [56]=NarrowOop [60]=NarrowOop [64]=Oop [80]=NarrowOop [88]=Oop [108]=NarrowOop [116]=NarrowOop [136]=NarrowOop [144]=Oop }
                      ;*ifne {reexecute=1 rethrow=0 return_oop=0}
                      ; - (reexecute) java.util.zip.ZipFile$ZipFileInputStream::<init>@66 (line 875)
                      ; - java.util.zip.ZipFile::getInputStream@88 (line 384)
                      ; - java.util.jar.JarFile::getInputStream@21 (line 856)
                      ; - jdk.internal.loader.URLClassPath$JarLoader$2::getInputStream@11 (line 848)
                      ; - jdk.internal.loader.Resource::cachedInputStream@9 (line 77)
                      ; - jdk.internal.loader.Resource::getByteBuffer@1 (line 163)
                      ; - jdk.internal.loader.BuiltinClassLoader::defineClass@45 (line 853)
                      ; - jdk.internal.loader.BuiltinClassLoader::findClassOnClassPathOrNull@37 (line 760)
  0x00000224ed84973c: c0ae 2dff 

  0x00000224ed849740: ;   {other}
  0x00000224ed849740: 0f1f 8400 | b080 00a7 | ba45 ffff | ff4c 8b54 | 2448 4c89 | 5424 204c | 8b54 2470 | 4c89 5424 
  0x00000224ed849760: 2844 8b54 | 2478 4489 | 5424 3044 | 8b5c 2450 | 4489 5c24 | 384c 8944 | 2468 6690 

  0x00000224ed84977c: ;   {runtime_call UncommonTrapBlob}
  0x00000224ed84977c: c5f8 77e8 

  0x00000224ed849780: ; ImmutableOopMap {[32]=Oop [40]=Oop [48]=NarrowOop [56]=NarrowOop [60]=NarrowOop [64]=Oop [84]=NarrowOop [104]=Oop [144]=Oop [224]=Oop }
                      ;*ifgt {reexecute=1 rethrow=0 return_oop=0}
                      ; - (reexecute) java.util.zip.InflaterInputStream::<init>@44 (line 85)
                      ; - java.util.zip.ZipFile$ZipFileInflaterInputStream::<init>@11 (line 440)
                      ; - java.util.zip.ZipFile$ZipFileInflaterInputStream::<init>@10 (line 434)
                      ; - java.util.zip.ZipFile::getInputStream@216 (line 401)
                      ; - java.util.jar.JarFile::getInputStream@21 (line 856)
                      ; - jdk.internal.loader.URLClassPath$JarLoader$2::getInputStream@11 (line 848)
                      ; - jdk.internal.loader.Resource::cachedInputStream@9 (line 77)
                      ; - jdk.internal.loader.Resource::getByteBuffer@1 (line 163)
                      ; - jdk.internal.loader.BuiltinClassLoader::defineClass@45 (line 853)
                      ; - jdk.internal.loader.BuiltinClassLoader::findClassOnClassPathOrNull@37 (line 760)
  0x00000224ed849780: 7cae 2dff 

  0x00000224ed849784: ;   {other}
  0x00000224ed849784: 0f1f 8400 | f480 00a8 | ba45 ffff | ff4c 8b54 | 2448 4c89 | 5424 204c | 8b54 2470 | 4c89 5424 
  0x00000224ed8497a4: 2844 8b54 | 2478 4489 | 5424 3044 | 8b4c 243c | 458b d144 | 8954 2438 | 4889 4c24 | 7044 899c 
  0x00000224ed8497c4: 2480 0000 | 0044 8984 | 2484 0000 | 0066 6690 

  0x00000224ed8497d4: ;   {runtime_call UncommonTrapBlob}
  0x00000224ed8497d4: c5f8 77e8 

  0x00000224ed8497d8: ; ImmutableOopMap {[32]=Oop [40]=Oop [48]=NarrowOop [56]=NarrowOop [60]=NarrowOop [64]=Oop [80]=Oop [88]=Oop [112]=Oop [136]=Oop [144]=Oop }
                      ;*if_icmple {reexecute=1 rethrow=0 return_oop=0}
                      ; - (reexecute) java.util.WeakHashMap::put@146 (line 477)
                      ; - java.util.Collections$SetFromMap::add@8 (line 5929)
                      ; - java.util.zip.ZipFile::getInputStream@231 (line 403)
                      ; - java.util.jar.JarFile::getInputStream@21 (line 856)
                      ; - jdk.internal.loader.URLClassPath$JarLoader$2::getInputStream@11 (line 848)
                      ; - jdk.internal.loader.Resource::cachedInputStream@9 (line 77)
                      ; - jdk.internal.loader.Resource::getByteBuffer@1 (line 163)
                      ; - jdk.internal.loader.BuiltinClassLoader::defineClass@45 (line 853)
                      ; - jdk.internal.loader.BuiltinClassLoader::findClassOnClassPathOrNull@37 (line 760)
  0x00000224ed8497d8: 24ae 2dff 

  0x00000224ed8497dc: ;   {other}
  0x00000224ed8497dc: 0f1f 8400 | 4c81 00a9 | ba45 ffff | ff4c 8b44 | 2448 4c89 | 4424 204c | 8b44 2470 | 4c89 4424 
  0x00000224ed8497fc: 2844 8b4c | 2478 4489 | 4c24 344c | 895c 2458 | 4489 5424 | 7048 8944 | 2478 895c | 2474 6690 
  0x00000224ed84981c: ;   {runtime_call UncommonTrapBlob}
  0x00000224ed84981c: c5f8 77e8 

  0x00000224ed849820: ; ImmutableOopMap {[32]=Oop [40]=Oop [52]=NarrowOop [88]=Oop [112]=NarrowOop [120]=Oop [128]=Oop [136]=Oop [144]=Oop }
                      ;*iflt {reexecute=1 rethrow=0 return_oop=0}
                      ; - (reexecute) java.lang.StringConcatHelper::checkOverflow@2 (line 65)
                      ; - java.lang.StringConcatHelper::mix@23 (line 127)
                      ; - java.lang.StringConcatHelper::simpleConcat@46 (line 433)
                      ; - java.lang.String::concat@11 (line 2899)
                      ; - jdk.internal.loader.BuiltinClassLoader::isSealed@14 (line 992)
                      ; - jdk.internal.loader.BuiltinClassLoader::getAndVerifyPackage@70 (line 911)
                      ; - jdk.internal.loader.BuiltinClassLoader::defineOrCheckPackage@4 (line 877)
                      ; - jdk.internal.loader.ClassLoaders$AppClassLoader::defineOrCheckPackage@4 (line 211)
                      ; - jdk.internal.loader.BuiltinClassLoader::defineClass@40 (line 849)
                      ; - jdk.internal.loader.BuiltinClassLoader::findClassOnClassPathOrNull@37 (line 760)
  0x00000224ed849820: dcad 2dff 

  0x00000224ed849824: ;   {other}
  0x00000224ed849824: 0f1f 8400 | 9481 00aa | ba45 ffff | ff4c 8b44 | 2448 4c89 | 4424 284c | 8b44 2470 | 4c89 4424 
  0x00000224ed849844: 3044 8b4c | 2478 4489 | 4c24 3c4c | 8b84 2480 | 0000 004c | 8944 2458 | 4c89 5c24 | 6044 8954 
  0x00000224ed849864: 2478 4889 | 8424 8000 | 0000 6690 

  0x00000224ed849870: ;   {runtime_call UncommonTrapBlob}
  0x00000224ed849870: c5f8 77e8 

  0x00000224ed849874: ; ImmutableOopMap {[40]=Oop [48]=Oop [60]=NarrowOop [88]=Oop [96]=Oop [120]=NarrowOop [128]=Oop [136]=Oop [144]=Oop }
                      ;*iflt {reexecute=1 rethrow=0 return_oop=0}
                      ; - (reexecute) java.lang.StringConcatHelper::checkOverflow@2 (line 65)
                      ; - java.lang.StringConcatHelper::mix@23 (line 127)
                      ; - java.lang.StringConcatHelper::simpleConcat@54 (line 434)
                      ; - java.lang.String::concat@11 (line 2899)
                      ; - jdk.internal.loader.BuiltinClassLoader::isSealed@14 (line 992)
                      ; - jdk.internal.loader.BuiltinClassLoader::getAndVerifyPackage@70 (line 911)
                      ; - jdk.internal.loader.BuiltinClassLoader::defineOrCheckPackage@4 (line 877)
                      ; - jdk.internal.loader.ClassLoaders$AppClassLoader::defineOrCheckPackage@4 (line 211)
                      ; - jdk.internal.loader.BuiltinClassLoader::defineClass@40 (line 849)
                      ; - jdk.internal.loader.BuiltinClassLoader::findClassOnClassPathOrNull@37 (line 760)
  0x00000224ed849874: 88ad 2dff 

  0x00000224ed849878: ;   {other}
  0x00000224ed849878: 0f1f 8400 | e881 00ab | ba45 ffff | ff4c 8b54 | 2448 4c89 | 5424 204c | 8b54 2470 | 4c89 5424 
  0x00000224ed849898: 2844 8b5c | 2478 4489 | 5c24 344c | 8b94 2480 | 0000 004c | 8954 2450 | 4c8b 9424 | 8800 0000 
  0x00000224ed8498b8: 4c89 5424 | 604c 8954 | 2468 448b | 5424 7c44 | 8954 2470 | 4889 9c24 | 8800 0000 | 4489 4424 
  0x00000224ed8498d8: 7466 6690 

  0x00000224ed8498dc: ;   {runtime_call UncommonTrapBlob}
  0x00000224ed8498dc: c5f8 77e8 

  0x00000224ed8498e0: ; ImmutableOopMap {[32]=Oop [40]=Oop [52]=NarrowOop [80]=Oop [88]=Oop [96]=Oop [104]=Oop [112]=NarrowOop [136]=Oop [144]=Oop [160]=Oop }
                      ;*if_icmpne {reexecute=1 rethrow=0 return_oop=0}
                      ; - (reexecute) java.lang.String::getBytes@5 (line 4725)
                      ; - java.lang.StringConcatHelper::prepend@21 (line 324)
                      ; - java.lang.StringConcatHelper::simpleConcat@81 (line 439)
                      ; - java.lang.String::concat@11 (line 2899)
                      ; - jdk.internal.loader.BuiltinClassLoader::isSealed@14 (line 992)
                      ; - jdk.internal.loader.BuiltinClassLoader::getAndVerifyPackage@70 (line 911)
                      ; - jdk.internal.loader.BuiltinClassLoader::defineOrCheckPackage@4 (line 877)
                      ; - jdk.internal.loader.ClassLoaders$AppClassLoader::defineOrCheckPackage@4 (line 211)
                      ; - jdk.internal.loader.BuiltinClassLoader::defineClass@40 (line 849)
                      ; - jdk.internal.loader.BuiltinClassLoader::findClassOnClassPathOrNull@37 (line 760)
  0x00000224ed8498e0: 1cad 2dff 

  0x00000224ed8498e4: ;   {other}
  0x00000224ed8498e4: 0f1f 8400 | 5482 00ac | ba45 ffff | ff4c 8b44 | 2448 4c89 | 4424 204c | 8b44 2470 | 4c89 4424 
  0x00000224ed849904: 2844 8b44 | 2478 4489 | 4424 344c | 895c 2458 | 4889 4424 | 7044 8954 | 2478 6690 

  0x00000224ed849920: ;   {runtime_call UncommonTrapBlob}
  0x00000224ed849920: c5f8 77e8 

  0x00000224ed849924: ; ImmutableOopMap {[32]=Oop [40]=Oop [52]=NarrowOop [88]=Oop [112]=Oop [128]=Oop [136]=Oop [144]=Oop }
                      ;*ifle {reexecute=1 rethrow=0 return_oop=0}
                      ; - (reexecute) java.util.HashMap::getNode@14 (line 575)
                      ; - java.util.HashMap::get@2 (line 564)
                      ; - java.util.jar.Manifest::getAttributes@5 (line 160)
                      ; - java.util.jar.Manifest::getTrustedAttributes@2 (line 177)
                      ; - java.util.jar.JavaUtilJarAccessImpl::getTrustedAttributes@2 (line 38)
                      ; - jdk.internal.loader.BuiltinClassLoader::isSealed@17 (line 992)
                      ; - jdk.internal.loader.BuiltinClassLoader::getAndVerifyPackage@70 (line 911)
                      ; - jdk.internal.loader.BuiltinClassLoader::defineOrCheckPackage@4 (line 877)
                      ; - jdk.internal.loader.ClassLoaders$AppClassLoader::defineOrCheckPackage@4 (line 211)
                      ; - jdk.internal.loader.BuiltinClassLoader::defineClass@40 (line 849)
                      ; - jdk.internal.loader.BuiltinClassLoader::findClassOnClassPathOrNull@37 (line 760)
  0x00000224ed849924: d8ac 2dff 

  0x00000224ed849928: ;   {other}
  0x00000224ed849928: 0f1f 8400 | 9882 00ad | ba45 ffff | ff4c 8b54 | 2448 4c89 | 5424 204c | 895c 2458 | 4c89 4c24 
  0x00000224ed849948: 6044 8944 | 2468 6690 

  0x00000224ed849950: ;   {runtime_call UncommonTrapBlob}
  0x00000224ed849950: c5f8 77e8 

  0x00000224ed849954: ; ImmutableOopMap {[32]=Oop [88]=Oop [96]=Oop [112]=Oop [120]=NarrowOop [128]=Oop [136]=Oop [144]=Oop }
                      ;*ifle {reexecute=1 rethrow=0 return_oop=0}
                      ; - (reexecute) java.util.HashMap::getNode@14 (line 575)
                      ; - java.util.LinkedHashMap::get@2 (line 536)
                      ; - java.util.jar.Attributes::get@5 (line 106)
                      ; - java.util.jar.Attributes::getValue@2 (line 142)
                      ; - jdk.internal.loader.BuiltinClassLoader::isSealed@57 (line 997)
                      ; - jdk.internal.loader.BuiltinClassLoader::getAndVerifyPackage@70 (line 911)
                      ; - jdk.internal.loader.BuiltinClassLoader::defineOrCheckPackage@4 (line 877)
                      ; - jdk.internal.loader.ClassLoaders$AppClassLoader::defineOrCheckPackage@4 (line 211)
                      ; - jdk.internal.loader.BuiltinClassLoader::defineClass@40 (line 849)
                      ; - jdk.internal.loader.BuiltinClassLoader::findClassOnClassPathOrNull@37 (line 760)
  0x00000224ed849954: a8ac 2dff 

  0x00000224ed849958: ;   {other}
  0x00000224ed849958: 0f1f 8400 | c882 00ae | ba45 ffff | ff4c 8b44 | 2448 4c89 | 4424 204c | 8b44 2470 | 4c89 4424 
  0x00000224ed849978: 2844 8b4c | 2478 4489 | 4c24 344c | 8b84 2480 | 0000 004c | 8944 2450 | 4c89 5c24 | 5844 8954 
  0x00000224ed849998: 2470 4889 | 4424 784c | 89ac 2480 | 0000 0089 | 4c24 7490 

  0x00000224ed8499ac: ;   {runtime_call UncommonTrapBlob}
  0x00000224ed8499ac: c5f8 77e8 

  0x00000224ed8499b0: ; ImmutableOopMap {[32]=Oop [40]=Oop [52]=NarrowOop [80]=Oop [88]=Oop [112]=NarrowOop [120]=Oop [136]=Oop [144]=Oop }
                      ;*if_icmpne {reexecute=1 rethrow=0 return_oop=0}
                      ; - (reexecute) java.lang.StringConcatHelper::mix@13 (line 124)
                      ; - java.lang.StringConcatHelper::simpleConcat@46 (line 433)
                      ; - java.lang.String::concat@11 (line 2899)
                      ; - jdk.internal.loader.BuiltinClassLoader::isSealed@14 (line 992)
                      ; - jdk.internal.loader.BuiltinClassLoader::getAndVerifyPackage@70 (line 911)
                      ; - jdk.internal.loader.BuiltinClassLoader::defineOrCheckPackage@4 (line 877)
                      ; - jdk.internal.loader.ClassLoaders$AppClassLoader::defineOrCheckPackage@4 (line 211)
                      ; - jdk.internal.loader.BuiltinClassLoader::defineClass@40 (line 849)
                      ; - jdk.internal.loader.BuiltinClassLoader::findClassOnClassPathOrNull@37 (line 760)
  0x00000224ed8499b0: 4cac 2dff 

  0x00000224ed8499b4: ;   {other}
  0x00000224ed8499b4: 0f1f 8400 | 2483 00af | ba45 ffff | ff4c 8b5c | 2448 4c89 | 5c24 204c | 8b5c 2470 | 4c89 5c24 
  0x00000224ed8499d4: 2844 8b44 | 2478 4489 | 4424 344c | 8b9c 2480 | 0000 004c | 895c 2450 | 448b 5c24 | 7c44 895c 
  0x00000224ed8499f4: 2470 4c89 | b424 8000 | 0000 4489 | 5424 7490 

  0x00000224ed849a04: ;   {runtime_call UncommonTrapBlob}
  0x00000224ed849a04: c5f8 77e8 

  0x00000224ed849a08: ; ImmutableOopMap {[32]=Oop [40]=Oop [52]=NarrowOop [80]=Oop [88]=Oop [112]=NarrowOop [136]=Oop [144]=Oop [160]=Oop }
                      ;*ifge {reexecute=1 rethrow=0 return_oop=0}
                      ; - (reexecute) java.lang.StringConcatHelper::newArray@13 (line 508)
                      ; - java.lang.StringConcatHelper::simpleConcat@61 (line 435)
                      ; - java.lang.String::concat@11 (line 2899)
                      ; - jdk.internal.loader.BuiltinClassLoader::isSealed@14 (line 992)
                      ; - jdk.internal.loader.BuiltinClassLoader::getAndVerifyPackage@70 (line 911)
                      ; - jdk.internal.loader.BuiltinClassLoader::defineOrCheckPackage@4 (line 877)
                      ; - jdk.internal.loader.ClassLoaders$AppClassLoader::defineOrCheckPackage@4 (line 211)
                      ; - jdk.internal.loader.BuiltinClassLoader::defineClass@40 (line 849)
                      ; - jdk.internal.loader.BuiltinClassLoader::findClassOnClassPathOrNull@37 (line 760)
  0x00000224ed849a08: f4ab 2dff 

  0x00000224ed849a0c: ;   {other}
  0x00000224ed849a0c: 0f1f 8400 | 7c83 00b0 | 488b 9c24 | a000 0000 | 448b 1b90 | 4585 db0f | 84b7 d4ff | ff4d 8b57 
  0x00000224ed849a2c: 2849 8bcb | 48c1 e103 | 4d85 d20f | 84cb 0a00 | 004d 8b5f | 384b 894c | 13f8 4983 | c2f8 4d89 
  0x00000224ed849a4c: 5728 e98d | d4ff ffba | 45ff ffff | 4c8b 5424 | 484c 8954 | 2420 6690 

  0x00000224ed849a64: ;   {runtime_call UncommonTrapBlob}
  0x00000224ed849a64: c5f8 77e8 

  0x00000224ed849a68: ; ImmutableOopMap {[32]=Oop [112]=Oop [120]=NarrowOop [128]=Oop [136]=Oop [144]=Oop }
                      ;*ifeq {reexecute=1 rethrow=0 return_oop=0}
                      ; - (reexecute) jdk.internal.loader.BuiltinClassLoader::getAndVerifyPackage@73 (line 911)
                      ; - jdk.internal.loader.BuiltinClassLoader::defineOrCheckPackage@4 (line 877)
                      ; - jdk.internal.loader.ClassLoaders$AppClassLoader::defineOrCheckPackage@4 (line 211)
                      ; - jdk.internal.loader.BuiltinClassLoader::defineClass@40 (line 849)
                      ; - jdk.internal.loader.BuiltinClassLoader::findClassOnClassPathOrNull@37 (line 760)
  0x00000224ed849a68: 94ab 2dff 

  0x00000224ed849a6c: ;   {other}
  0x00000224ed849a6c: 0f1f 8400 | dc83 00b1 | ba3f 0000 | 004c 8b54 | 2448 4c89 | 5424 2090 

  0x00000224ed849a84: ;   {runtime_call UncommonTrapBlob}
  0x00000224ed849a84: c5f8 77e8 

  0x00000224ed849a88: ; ImmutableOopMap {[32]=Oop [88]=Oop [104]=Oop [112]=Oop [120]=NarrowOop [128]=Oop [136]=Oop [144]=Oop }
                      ;*new {reexecute=0 rethrow=0 return_oop=0}
                      ; - java.util.jar.Manifest::getTrustedAttributes@28 (line 179)
                      ; - java.util.jar.JavaUtilJarAccessImpl::getTrustedAttributes@2 (line 38)
                      ; - jdk.internal.loader.BuiltinClassLoader::isSealed@17 (line 992)
                      ; - jdk.internal.loader.BuiltinClassLoader::getAndVerifyPackage@70 (line 911)
                      ; - jdk.internal.loader.BuiltinClassLoader::defineOrCheckPackage@4 (line 877)
                      ; - jdk.internal.loader.ClassLoaders$AppClassLoader::defineOrCheckPackage@4 (line 211)
                      ; - jdk.internal.loader.BuiltinClassLoader::defineClass@40 (line 849)
                      ; - jdk.internal.loader.BuiltinClassLoader::findClassOnClassPathOrNull@37 (line 760)
  0x00000224ed849a88: 74ab 2dff 

  0x00000224ed849a8c: ;   {other}
  0x00000224ed849a8c: 0f1f 8400 | fc83 00b2 | 4c8b 9424 | 9800 0000 | 458b 1290 | 4585 d20f | 84af d5ff | ff4d 8b5f 
  0x00000224ed849aac: 2849 8bca | 48c1 e103 | 4d85 db0f | 84c3 0a00 | 004d 8b57 | 384b 894c | 1af8 4983 | c3f8 4d89 
  0x00000224ed849acc: 5f28 e985 | d5ff ff4c | 8b84 24a0 | 0000 0045 | 8b10 6690 | 4585 d20f | 84ea d5ff | ff4d 8b5f 
  0x00000224ed849aec: 2849 8bca | 48c1 e103 | 4d85 db0f | 84a8 0a00 | 004d 8b57 | 384b 894c | 1af8 4983 | c3f8 4d89 
  0x00000224ed849b0c: 5f28 e9c0 | d5ff ff4d | 8b57 484d | 8b5f 58f0 | 8344 24c0 | 0080 3900 | 0f84 e3d5 | ffff 4488 
  0x00000224ed849b2c: 214d 85d2 | 7520 498b | d7c5 f877 | 49ba b001 | 8de5 fc7f | 0000 41ff 

  0x00000224ed849b44: ;   {other}
  0x00000224ed849b44: d20f 1f84 | 0000 0000 | 00e9 bbd5 | ffff 4b89 | 4c13 f849 | 83c2 f84d | 8957 4890 | e9a8 d5ff 
  0x00000224ed849b64: ff4d 8b57 | 484d 8b5f | 58f0 8344 | 24c0 0080 | 3900 0f84 | 2dd5 ffff | 4488 2190 | 4d85 d275 
  0x00000224ed849b84: 2049 8bd7 | c5f8 7749 | bab0 018d | e5fc 7f00 | 0041 ffd2 

  0x00000224ed849b98: ;   {other}
  0x00000224ed849b98: 0f1f 8400 | 0000 0000 | e904 d5ff | ff4b 894c | 13f8 4983 | c2f8 4d89 | 5748 e9f2 | d4ff ffba 
  0x00000224ed849bb8: 45ff ffff | 4c8b 8424 | 9000 0000 | 4c89 4424 | 204c 8b44 | 2448 4c89 | 4424 284c | 8b44 2470 
  0x00000224ed849bd8: 4c89 4424 | 3044 8b44 | 2478 4489 | 4424 3c4c | 8b84 2488 | 0000 004c | 8944 2468 | 448b 4c24 
  0x00000224ed849bf8: 7844 894c | 2470 4489 | 5424 7444 | 899c 2490 | 0000 0090 

  0x00000224ed849c0c: ;   {runtime_call UncommonTrapBlob}
  0x00000224ed849c0c: c5f8 77e8 

  0x00000224ed849c10: ; ImmutableOopMap {rbp=NarrowOop [32]=Oop [40]=Oop [48]=Oop [60]=NarrowOop [104]=Oop [112]=NarrowOop [116]=NarrowOop [128]=Oop }
                      ;*ifnull {reexecute=1 rethrow=0 return_oop=0}
                      ; - (reexecute) java.util.concurrent.ConcurrentHashMap::get@67 (line 940)
                      ; - java.lang.ClassLoader::getDefinedPackage@13 (line 2263)
                      ; - jdk.internal.loader.BuiltinClassLoader::getAndVerifyPackage@2 (line 902)
                      ; - jdk.internal.loader.BuiltinClassLoader::defineOrCheckPackage@4 (line 877)
                      ; - jdk.internal.loader.ClassLoaders$AppClassLoader::defineOrCheckPackage@4 (line 211)
                      ; - jdk.internal.loader.BuiltinClassLoader::defineClass@40 (line 849)
                      ; - jdk.internal.loader.BuiltinClassLoader::findClassOnClassPathOrNull@37 (line 760)
  0x00000224ed849c10: eca9 2dff 

  0x00000224ed849c14: ;   {other}
  0x00000224ed849c14: 0f1f 8400 | 8485 00b3 | ba45 ffff | ff4c 8b54 | 2448 4c89 | 5424 2048 | 8944 2468 

  0x00000224ed849c30: ;   {runtime_call UncommonTrapBlob}
  0x00000224ed849c30: c5f8 77e8 

  0x00000224ed849c34: ; ImmutableOopMap {[32]=Oop [88]=Oop [104]=Oop [112]=Oop [120]=NarrowOop [128]=Oop [136]=Oop [144]=Oop }
                      ;*ifnonnull {reexecute=1 rethrow=0 return_oop=0}
                      ; - (reexecute) jdk.internal.loader.BuiltinClassLoader::isSealed@41 (line 996)
                      ; - jdk.internal.loader.BuiltinClassLoader::getAndVerifyPackage@70 (line 911)
                      ; - jdk.internal.loader.BuiltinClassLoader::defineOrCheckPackage@4 (line 877)
                      ; - jdk.internal.loader.ClassLoaders$AppClassLoader::defineOrCheckPackage@4 (line 211)
                      ; - jdk.internal.loader.BuiltinClassLoader::defineClass@40 (line 849)
                      ; - jdk.internal.loader.BuiltinClassLoader::findClassOnClassPathOrNull@37 (line 760)
  0x00000224ed849c34: c8a9 2dff 

  0x00000224ed849c38: ;   {other}
  0x00000224ed849c38: 0f1f 8400 | a885 00b4 | ba45 ffff | ff4c 8b54 | 2448 4c89 | 5424 284c | 8b54 2470 | 4c89 5424 
  0x00000224ed849c58: 304c 895c | 2460 4c89 | 4c24 684c | 8944 2470 

  0x00000224ed849c68: ;   {runtime_call UncommonTrapBlob}
  0x00000224ed849c68: c5f8 77e8 

  0x00000224ed849c6c: ; ImmutableOopMap {[40]=Oop [48]=Oop [96]=Oop [104]=Oop [112]=Oop [120]=NarrowOop [128]=Oop [136]=Oop [144]=Oop }
                      ;*ifeq {reexecute=1 rethrow=0 return_oop=0}
                      ; - (reexecute) java.util.LinkedHashMap::get@16 (line 538)
                      ; - java.util.jar.Attributes::get@5 (line 106)
                      ; - java.util.jar.Attributes::getValue@2 (line 142)
                      ; - jdk.internal.loader.BuiltinClassLoader::isSealed@57 (line 997)
                      ; - jdk.internal.loader.BuiltinClassLoader::getAndVerifyPackage@70 (line 911)
                      ; - jdk.internal.loader.BuiltinClassLoader::defineOrCheckPackage@4 (line 877)
                      ; - jdk.internal.loader.ClassLoaders$AppClassLoader::defineOrCheckPackage@4 (line 211)
                      ; - jdk.internal.loader.BuiltinClassLoader::defineClass@40 (line 849)
                      ; - jdk.internal.loader.BuiltinClassLoader::findClassOnClassPathOrNull@37 (line 760)
  0x00000224ed849c6c: 90a9 2dff 

  0x00000224ed849c70: ;   {other}
  0x00000224ed849c70: 0f1f 8400 | e085 00b5 | ba45 ffff | ff4c 8b54 | 2448 4c89 | 5424 284c | 8b54 2470 | 4c89 5424 
  0x00000224ed849c90: 304c 8b94 | 2490 0000 | 004c 8954 | 2440 448b | 5424 7844 | 8954 243c | 4c8b 9424 | 9000 0000 
  0x00000224ed849cb0: 4c89 5424 | 584c 8b94 | 2488 0000 | 004c 8954 | 2468 448b | 5c24 7844 | 895c 2470 | 894c 2474 
  0x00000224ed849cd0: 89bc 2490 | 0000 0044 | 8984 2494 | 0000 0090 

  0x00000224ed849ce0: ;   {runtime_call UncommonTrapBlob}
  0x00000224ed849ce0: c5f8 77e8 

  0x00000224ed849ce4: ; ImmutableOopMap {rbp=NarrowOop [40]=Oop [48]=Oop [60]=NarrowOop [64]=Oop [88]=Oop [104]=Oop [112]=NarrowOop [116]=NarrowOop [128]=Oop [144]=NarrowOop }
                      ;*ifnull {reexecute=1 rethrow=0 return_oop=0}
                      ; - (reexecute) java.util.concurrent.ConcurrentHashMap::get@67 (line 940)
                      ; - java.lang.ClassLoader::definePackage@47 (line 2125)
                      ; - java.lang.ClassLoader::getDefinedPackage@32 (line 2267)
                      ; - jdk.internal.loader.BuiltinClassLoader::getAndVerifyPackage@2 (line 902)
                      ; - jdk.internal.loader.BuiltinClassLoader::defineOrCheckPackage@4 (line 877)
                      ; - jdk.internal.loader.ClassLoaders$AppClassLoader::defineOrCheckPackage@4 (line 211)
                      ; - jdk.internal.loader.BuiltinClassLoader::defineClass@40 (line 849)
                      ; - jdk.internal.loader.BuiltinClassLoader::findClassOnClassPathOrNull@37 (line 760)
  0x00000224ed849ce4: 18a9 2dff 

  0x00000224ed849ce8: ;   {other}
  0x00000224ed849ce8: 0f1f 8400 | 5886 00b6 | 448b 5320 | 4585 d20f | 847b d9ff | ff4d 8b5f | 2849 8bca | 48c1 e103 
  0x00000224ed849d08: 4d85 db0f | 8441 0900 | 004d 8b57 | 384b 894c | 1af8 4983 | c3f8 4d89 | 5f28 e951 | d9ff ffba 
  0x00000224ed849d28: 45ff ffff | 4c8b 5424 | 484c 8954 | 2420 4c8b | 5424 704c | 8954 2428 | 448b 5424 | 7844 8954 
  0x00000224ed849d48: 2434 4c8b | 9424 8000 | 0000 4c89 | 5424 504c | 895c 2458 | 4889 4c24 | 7889 bc24 | 8000 0000 
  0x00000224ed849d68: 4489 8c24 | 8400 0000 

  0x00000224ed849d70: ;   {runtime_call UncommonTrapBlob}
  0x00000224ed849d70: c5f8 77e8 

  0x00000224ed849d74: ; ImmutableOopMap {[32]=Oop [40]=Oop [52]=NarrowOop [80]=Oop [88]=Oop [120]=Oop [128]=NarrowOop [136]=Oop [144]=Oop }
                      ;*ifeq {reexecute=1 rethrow=0 return_oop=0}
                      ; - (reexecute) java.util.HashMap::getNode@85 (line 581)
                      ; - java.util.HashMap::get@2 (line 564)
                      ; - java.util.jar.Manifest::getAttributes@5 (line 160)
                      ; - java.util.jar.Manifest::getTrustedAttributes@2 (line 177)
                      ; - java.util.jar.JavaUtilJarAccessImpl::getTrustedAttributes@2 (line 38)
                      ; - jdk.internal.loader.BuiltinClassLoader::isSealed@17 (line 992)
                      ; - jdk.internal.loader.BuiltinClassLoader::getAndVerifyPackage@70 (line 911)
                      ; - jdk.internal.loader.BuiltinClassLoader::defineOrCheckPackage@4 (line 877)
                      ; - jdk.internal.loader.ClassLoaders$AppClassLoader::defineOrCheckPackage@4 (line 211)
                      ; - jdk.internal.loader.BuiltinClassLoader::defineClass@40 (line 849)
                      ; - jdk.internal.loader.BuiltinClassLoader::findClassOnClassPathOrNull@37 (line 760)
  0x00000224ed849d74: 88a8 2dff 

  0x00000224ed849d78: ;   {other}
  0x00000224ed849d78: 0f1f 8400 | e886 00b7 | ba45 ffff | ff4c 8b54 | 2448 4c89 | 5424 204c | 895c 2458 | 4c89 4c24 
  0x00000224ed849d98: 6089 5c24 | 6889 4c24 | 6c66 6690 

  0x00000224ed849da4: ;   {runtime_call UncommonTrapBlob}
  0x00000224ed849da4: c5f8 77e8 

  0x00000224ed849da8: ; ImmutableOopMap {[32]=Oop [88]=Oop [96]=Oop [104]=NarrowOop [112]=Oop [120]=NarrowOop [128]=Oop [136]=Oop [144]=Oop }
                      ;*ifeq {reexecute=1 rethrow=0 return_oop=0}
                      ; - (reexecute) java.util.HashMap::getNode@85 (line 581)
                      ; - java.util.LinkedHashMap::get@2 (line 536)
                      ; - java.util.jar.Attributes::get@5 (line 106)
                      ; - java.util.jar.Attributes::getValue@2 (line 142)
                      ; - jdk.internal.loader.BuiltinClassLoader::isSealed@57 (line 997)
                      ; - jdk.internal.loader.BuiltinClassLoader::getAndVerifyPackage@70 (line 911)
                      ; - jdk.internal.loader.BuiltinClassLoader::defineOrCheckPackage@4 (line 877)
                      ; - jdk.internal.loader.ClassLoaders$AppClassLoader::defineOrCheckPackage@4 (line 211)
                      ; - jdk.internal.loader.BuiltinClassLoader::defineClass@40 (line 849)
                      ; - jdk.internal.loader.BuiltinClassLoader::findClassOnClassPathOrNull@37 (line 760)
  0x00000224ed849da8: 54a8 2dff 

  0x00000224ed849dac: ;   {other}
  0x00000224ed849dac: 0f1f 8400 | 1c87 00b8 | bac6 ffff | ff48 8b6c | 2438 4889 | 4424 3090 

  0x00000224ed849dc4: ;   {runtime_call UncommonTrapBlob}
  0x00000224ed849dc4: c5f8 77e8 

  0x00000224ed849dc8: ; ImmutableOopMap {rbp=Oop [48]=Oop [72]=Oop [112]=Oop }
                      ;*invokevirtual getCodeSourceURL {reexecute=0 rethrow=0 return_oop=0}
                      ; - jdk.internal.loader.BuiltinClassLoader::defineClass@1 (line 842)
                      ; - jdk.internal.loader.BuiltinClassLoader::findClassOnClassPathOrNull@37 (line 760)
  0x00000224ed849dc8: 34a8 2dff 

  0x00000224ed849dcc: ;   {other}
  0x00000224ed849dcc: 0f1f 8400 | 3c87 00b9 | bac6 ffff | ff48 8b6c | 2438 6690 

  0x00000224ed849de0: ;   {runtime_call UncommonTrapBlob}
  0x00000224ed849de0: c5f8 77e8 

  0x00000224ed849de4: ; ImmutableOopMap {rbp=Oop [72]=Oop [112]=Oop [120]=NarrowOop [128]=Oop }
                      ;*invokevirtual getManifest {reexecute=0 rethrow=0 return_oop=0}
                      ; - jdk.internal.loader.BuiltinClassLoader::defineClass@29 (line 848)
                      ; - jdk.internal.loader.BuiltinClassLoader::findClassOnClassPathOrNull@37 (line 760)
  0x00000224ed849de4: 18a8 2dff 

  0x00000224ed849de8: ;   {other}
  0x00000224ed849de8: 0f1f 8400 | 5887 00ba | ba45 ffff | ff4c 8b94 | 2490 0000 | 004c 8954 | 2420 4c8b | 5424 484c 
  0x00000224ed849e08: 8954 2428 | 4c8b 5424 | 704c 8954 | 2430 448b | 4424 7844 | 8944 243c | 4c8b 9424 | 8800 0000 
  0x00000224ed849e28: 4c89 5424 | 6844 8944 | 2470 4889 | 8c24 9000 | 0000 4489 | 5c24 7490 

  0x00000224ed849e40: ;   {runtime_call UncommonTrapBlob}
  0x00000224ed849e40: c5f8 77e8 

  0x00000224ed849e44: ; ImmutableOopMap {rbp=NarrowOop [32]=Oop [40]=Oop [48]=Oop [60]=NarrowOop [104]=Oop [112]=NarrowOop [128]=Oop [144]=Oop }
                      ;*ifnull {reexecute=1 rethrow=0 return_oop=0}
                      ; - (reexecute) java.util.concurrent.ConcurrentHashMap::get@143 (line 946)
                      ; - java.lang.ClassLoader::getDefinedPackage@13 (line 2263)
                      ; - jdk.internal.loader.BuiltinClassLoader::getAndVerifyPackage@2 (line 902)
                      ; - jdk.internal.loader.BuiltinClassLoader::defineOrCheckPackage@4 (line 877)
                      ; - jdk.internal.loader.ClassLoaders$AppClassLoader::defineOrCheckPackage@4 (line 211)
                      ; - jdk.internal.loader.BuiltinClassLoader::defineClass@40 (line 849)
                      ; - jdk.internal.loader.BuiltinClassLoader::findClassOnClassPathOrNull@37 (line 760)
  0x00000224ed849e44: b8a7 2dff 

  0x00000224ed849e48: ;   {other}
  0x00000224ed849e48: 0f1f 8400 | b887 00bb | ba45 ffff | ff4c 8b54 | 2440 4c89 | 9424 8000 | 0000 8984 | 2490 0000 
  0x00000224ed849e68: 0066 6690 

  0x00000224ed849e6c: ;   {runtime_call UncommonTrapBlob}
  0x00000224ed849e6c: c5f8 77e8 

  0x00000224ed849e70: ; ImmutableOopMap {rbp=Oop [32]=Oop [40]=Oop [48]=NarrowOop [96]=Oop [128]=Oop [152]=Oop }
                      ;*ifeq {reexecute=1 rethrow=0 return_oop=0}
                      ; - (reexecute) java.util.concurrent.ConcurrentHashMap::get@152 (line 947)
                      ; - java.lang.ClassLoader::getDefinedPackage@13 (line 2263)
                      ; - jdk.internal.loader.BuiltinClassLoader::getAndVerifyPackage@2 (line 902)
                      ; - jdk.internal.loader.BuiltinClassLoader::defineOrCheckPackage@4 (line 877)
                      ; - jdk.internal.loader.ClassLoaders$AppClassLoader::defineOrCheckPackage@4 (line 211)
                      ; - jdk.internal.loader.BuiltinClassLoader::defineClass@40 (line 849)
                      ; - jdk.internal.loader.BuiltinClassLoader::findClassOnClassPathOrNull@37 (line 760)
  0x00000224ed849e70: 8ca7 2dff 

  0x00000224ed849e74: ;   {other}
  0x00000224ed849e74: 0f1f 8400 | e487 00bc | ba27 0000 | 004c 8b54 | 2448 4c89 | 5424 2090 

  0x00000224ed849e8c: ;   {runtime_call UncommonTrapBlob}
  0x00000224ed849e8c: c5f8 77e8 

  0x00000224ed849e90: ; ImmutableOopMap {[32]=Oop [56]=Oop [64]=Oop [112]=Oop [120]=NarrowOop [144]=Oop }
                      ;*new {reexecute=0 rethrow=0 return_oop=0}
                      ; - java.io.FileInputStream::<init>@45 (line 144)
                      ; - jdk.internal.loader.URLClassPath$FileLoader$1::getInputStream@8 (line 1119)
                      ; - jdk.internal.loader.Resource::cachedInputStream@9 (line 77)
                      ; - jdk.internal.loader.Resource::getByteBuffer@1 (line 163)
                      ; - jdk.internal.loader.BuiltinClassLoader::defineClass@45 (line 853)
                      ; - jdk.internal.loader.BuiltinClassLoader::findClassOnClassPathOrNull@37 (line 760)
  0x00000224ed849e90: 6ca7 2dff 

  0x00000224ed849e94: ;   {other}
  0x00000224ed849e94: 0f1f 8400 | 0488 00bd | baf6 ffff | ff48 8b6c | 2438 6690 

  0x00000224ed849ea8: ;   {runtime_call UncommonTrapBlob}
  0x00000224ed849ea8: c5f8 77e8 

  0x00000224ed849eac: ; ImmutableOopMap {rbp=Oop }
                      ;*invokevirtual isInvalid {reexecute=0 rethrow=0 return_oop=0}
                      ; - java.io.FileInputStream::<init>@54 (line 146)
                      ; - jdk.internal.loader.URLClassPath$FileLoader$1::getInputStream@8 (line 1119)
                      ; - jdk.internal.loader.Resource::cachedInputStream@9 (line 77)
                      ; - jdk.internal.loader.Resource::getByteBuffer@1 (line 163)
                      ; - jdk.internal.loader.BuiltinClassLoader::defineClass@45 (line 853)
                      ; - jdk.internal.loader.BuiltinClassLoader::findClassOnClassPathOrNull@37 (line 760)
  0x00000224ed849eac: 50a7 2dff 

  0x00000224ed849eb0: ;   {other}
  0x00000224ed849eb0: 0f1f 8400 | 2088 00be | bac6 ffff | ff4c 8b54 | 2448 4c89 | 5424 2090 

  0x00000224ed849ec8: ;   {runtime_call UncommonTrapBlob}
  0x00000224ed849ec8: c5f8 77e8 

  0x00000224ed849ecc: ; ImmutableOopMap {[32]=Oop [112]=Oop [120]=NarrowOop [144]=Oop }
                      ;*invokevirtual getInputStream {reexecute=0 rethrow=0 return_oop=0}
                      ; - jdk.internal.loader.Resource::cachedInputStream@9 (line 77)
                      ; - jdk.internal.loader.Resource::getByteBuffer@1 (line 163)
                      ; - jdk.internal.loader.BuiltinClassLoader::defineClass@45 (line 853)
                      ; - jdk.internal.loader.BuiltinClassLoader::findClassOnClassPathOrNull@37 (line 760)
  0x00000224ed849ecc: 30a7 2dff 

  0x00000224ed849ed0: ;   {other}
  0x00000224ed849ed0: 0f1f 8400 | 4088 00bf | baad ffff | ff4c 8b54 | 2448 4c89 | 5424 204c | 8b54 2470 | 4c89 5424 
  0x00000224ed849ef0: 2844 8b54 | 2478 4489 | 5424 3048 | 8944 2470 

  0x00000224ed849f00: ;   {runtime_call UncommonTrapBlob}
  0x00000224ed849f00: c5f8 77e8 

  0x00000224ed849f04: ; ImmutableOopMap {[32]=Oop [40]=Oop [48]=NarrowOop [56]=Oop [64]=Oop [80]=Oop [88]=Oop [112]=Oop [144]=Oop }
                      ;*invokevirtual checkRead {reexecute=0 rethrow=0 return_oop=0}
                      ; - java.io.FileInputStream::<init>@38 (line 141)
                      ; - jdk.internal.loader.URLClassPath$FileLoader$1::getInputStream@8 (line 1119)
                      ; - jdk.internal.loader.Resource::cachedInputStream@9 (line 77)
                      ; - jdk.internal.loader.Resource::getByteBuffer@1 (line 163)
                      ; - jdk.internal.loader.BuiltinClassLoader::defineClass@45 (line 853)
                      ; - jdk.internal.loader.BuiltinClassLoader::findClassOnClassPathOrNull@37 (line 760)
  0x00000224ed849f04: f8a6 2dff 

  0x00000224ed849f08: ;   {other}
  0x00000224ed849f08: 0f1f 8400 | 7888 00c0 | ba2e 0000 | 004c 8b54 | 2448 4c89 | 5424 2090 

  0x00000224ed849f20: ;   {runtime_call UncommonTrapBlob}
  0x00000224ed849f20: c5f8 77e8 

  0x00000224ed849f24: ; ImmutableOopMap {[32]=Oop [56]=Oop [64]=Oop [112]=Oop [120]=NarrowOop [144]=Oop }
                      ;*new {reexecute=0 rethrow=0 return_oop=0}
                      ; - java.io.FileInputStream::<init>@60 (line 147)
                      ; - jdk.internal.loader.URLClassPath$FileLoader$1::getInputStream@8 (line 1119)
                      ; - jdk.internal.loader.Resource::cachedInputStream@9 (line 77)
                      ; - jdk.internal.loader.Resource::getByteBuffer@1 (line 163)
                      ; - jdk.internal.loader.BuiltinClassLoader::defineClass@45 (line 853)
                      ; - jdk.internal.loader.BuiltinClassLoader::findClassOnClassPathOrNull@37 (line 760)
  0x00000224ed849f24: d8a6 2dff 

  0x00000224ed849f28: ;   {other}
  0x00000224ed849f28: 0f1f 8400 | 9888 00c1 | ba45 ffff | ff4c 8b54 | 2448 4c89 | 5424 284c | 8b54 2470 | 4c89 5424 
  0x00000224ed849f48: 304c 8b94 | 2490 0000 | 004c 8954 | 2440 448b | 5424 7844 | 8954 243c | 4c8b 9424 | 9000 0000 
  0x00000224ed849f68: 4c89 5424 | 584c 8b94 | 2488 0000 | 004c 8954 | 2468 448b | 5c24 7844 | 895c 2470 | 894c 2474 
  0x00000224ed849f88: 4889 9c24 | 9000 0000 | 4489 8424 | 9800 0000 

  0x00000224ed849f98: ;   {runtime_call UncommonTrapBlob}
  0x00000224ed849f98: c5f8 77e8 

  0x00000224ed849f9c: ; ImmutableOopMap {rbp=NarrowOop [40]=Oop [48]=Oop [60]=NarrowOop [64]=Oop [88]=Oop [104]=Oop [112]=NarrowOop [116]=NarrowOop [128]=Oop [144]=Oop }
                      ;*ifnull {reexecute=1 rethrow=0 return_oop=0}
                      ; - (reexecute) java.util.concurrent.ConcurrentHashMap::get@143 (line 946)
                      ; - java.lang.ClassLoader::definePackage@47 (line 2125)
                      ; - java.lang.ClassLoader::getDefinedPackage@32 (line 2267)
                      ; - jdk.internal.loader.BuiltinClassLoader::getAndVerifyPackage@2 (line 902)
                      ; - jdk.internal.loader.BuiltinClassLoader::defineOrCheckPackage@4 (line 877)
                      ; - jdk.internal.loader.ClassLoaders$AppClassLoader::defineOrCheckPackage@4 (line 211)
                      ; - jdk.internal.loader.BuiltinClassLoader::defineClass@40 (line 849)
                      ; - jdk.internal.loader.BuiltinClassLoader::findClassOnClassPathOrNull@37 (line 760)
  0x00000224ed849f9c: 60a6 2dff 

  0x00000224ed849fa0: ;   {other}
  0x00000224ed849fa0: 0f1f 8400 | 1089 00c2 | ba45 ffff | ff4c 8b5c | 2440 4c89 | 9c24 8000 | 0000 8984 | 2494 0000 
  0x00000224ed849fc0: 0066 6690 

  0x00000224ed849fc4: ;   {runtime_call UncommonTrapBlob}
  0x00000224ed849fc4: c5f8 77e8 

  0x00000224ed849fc8: ; ImmutableOopMap {rbp=Oop [32]=Oop [40]=Oop [48]=NarrowOop [96]=Oop [108]=NarrowOop [128]=Oop [160]=Oop }
                      ;*ifeq {reexecute=1 rethrow=0 return_oop=0}
                      ; - (reexecute) java.util.concurrent.ConcurrentHashMap::get@152 (line 947)
                      ; - java.lang.ClassLoader::definePackage@47 (line 2125)
                      ; - java.lang.ClassLoader::getDefinedPackage@32 (line 2267)
                      ; - jdk.internal.loader.BuiltinClassLoader::getAndVerifyPackage@2 (line 902)
                      ; - jdk.internal.loader.BuiltinClassLoader::defineOrCheckPackage@4 (line 877)
                      ; - jdk.internal.loader.ClassLoaders$AppClassLoader::defineOrCheckPackage@4 (line 211)
                      ; - jdk.internal.loader.BuiltinClassLoader::defineClass@40 (line 849)
                      ; - jdk.internal.loader.BuiltinClassLoader::findClassOnClassPathOrNull@37 (line 760)
  0x00000224ed849fc8: 34a6 2dff 

  0x00000224ed849fcc: ;   {other}
  0x00000224ed849fcc: 0f1f 8400 | 3c89 00c3 | bade ffff | ff48 8b6c | 2420 4c8b | 4424 284c | 8944 2420 | 448b 4c24 
  0x00000224ed849fec: 4044 894c | 2428 4c8b | 4424 504c | 8944 2438 | 4c8b 4424 | 484c 8944 | 2440 4c89 | 5424 484c 
  0x00000224ed84a00c: 895c 2450 

  0x00000224ed84a010: ;   {runtime_call UncommonTrapBlob}
  0x00000224ed84a010: c5f8 77e8 

  0x00000224ed84a014: ; ImmutableOopMap {rbp=Oop [32]=Oop [40]=NarrowOop [56]=Oop [64]=Oop [72]=Oop [80]=Oop [128]=Oop }
                      ;*invokevirtual close {reexecute=0 rethrow=0 return_oop=0}
                      ; - java.util.jar.JarFile::getManifestFromReference@152 (line 433)
                      ; - java.util.jar.JarFile::getManifest@1 (line 405)
                      ; - jdk.internal.loader.URLClassPath$JarLoader$2::getManifest@22 (line 853)
                      ; - jdk.internal.loader.BuiltinClassLoader::defineClass@29 (line 848)
                      ; - jdk.internal.loader.BuiltinClassLoader::findClassOnClassPathOrNull@37 (line 760)
  0x00000224ed84a014: e8a5 2dff 

  0x00000224ed84a018: ;   {other}
  0x00000224ed84a018: 0f1f 8400 | 8889 00c4 | 4d8b d349 | 8bca 488d | 9424 0801 | 0000 4d8b | c7c5 f877 | 49ba 000d 
  0x00000224ed84a038: cee5 fc7f | 0000 41ff 

  0x00000224ed84a040: ;   {other}
  0x00000224ed84a040: d20f 1f84 | 0000 0000 | 00e9 a2bd | ffff baf6 | ffff ff4c | 8b44 2448 | 4c89 4424 | 284c 895c 
  0x00000224ed84a060: 2448 4c89 | 5c24 5044 | 8954 2458 | 8944 245c | 4489 5424 | 6066 6690 

  0x00000224ed84a078: ;   {runtime_call UncommonTrapBlob}
  0x00000224ed84a078: c5f8 77e8 

  0x00000224ed84a07c: ; ImmutableOopMap {rbp=NarrowOop [40]=Oop [72]=Oop [80]=Oop [88]=NarrowOop [92]=NarrowOop [96]=NarrowOop [112]=Oop [120]=NarrowOop [144]=Oop }
                      ;*invokevirtual getEntryPos {reexecute=0 rethrow=0 return_oop=0}
                      ; - java.util.zip.ZipFile::getInputStream@63 (line 379)
                      ; - java.util.jar.JarFile::getInputStream@21 (line 856)
                      ; - jdk.internal.loader.URLClassPath$JarLoader$2::getInputStream@11 (line 848)
                      ; - jdk.internal.loader.Resource::cachedInputStream@9 (line 77)
                      ; - jdk.internal.loader.Resource::getByteBuffer@1 (line 163)
                      ; - jdk.internal.loader.BuiltinClassLoader::defineClass@45 (line 853)
                      ; - jdk.internal.loader.BuiltinClassLoader::findClassOnClassPathOrNull@37 (line 760)
  0x00000224ed84a07c: 80a5 2dff 

  0x00000224ed84a080: ;   {other}
  0x00000224ed84a080: 0f1f 8400 | f089 00c5 | 498b d7c5 | f877 49ba | d001 8de5 | fc7f 0000 

  0x00000224ed84a098: ;   {other}
  0x00000224ed84a098: 41ff d20f | 1f84 0000 | 0000 00e9 | 09b6 ffff | 498b d7c5 | f877 49ba | d001 8de5 | fc7f 0000 
  0x00000224ed84a0b8: ;   {other}
  0x00000224ed84a0b8: 41ff d20f | 1f84 0000 | 0000 00e9 | 4cb6 ffff | 498b f949 | 8bd8 498b | d7c5 f877 | 49ba d001 
  0x00000224ed84a0d8: 8de5 fc7f | 0000 41ff 

  0x00000224ed84a0e0: ;   {other}
  0x00000224ed84a0e0: d20f 1f84 | 0000 0000 | 004c 8bc3 | 4c8b cfe9 | 7aba ffff | 498b d7c5 | f877 49ba | d001 8de5 
  0x00000224ed84a100: fc7f 0000 

  0x00000224ed84a104: ;   {other}
  0x00000224ed84a104: 41ff d20f | 1f84 0000 | 0000 00e9 | 17dc ffff | 498b d7c5 | f877 49ba | d001 8de5 | fc7f 0000 
  0x00000224ed84a124: ;   {other}
  0x00000224ed84a124: 41ff d20f | 1f84 0000 | 0000 00e9 | 3ab9 ffff | 498b d7c5 | f877 49ba | d001 8de5 | fc7f 0000 
  0x00000224ed84a144: ;   {other}
  0x00000224ed84a144: 41ff d20f | 1f84 0000 | 0000 004c | 8bd5 e983 | baff ff49 | 8bf8 498b | d7c5 f877 | 49ba d001 
  0x00000224ed84a164: 8de5 fc7f | 0000 41ff 

  0x00000224ed84a16c: ;   {other}
  0x00000224ed84a16c: d20f 1f84 | 0000 0000 | 004c 8bc7 | e9f7 baff | ff49 8be8 | 498b d7c5 | f877 49ba | d001 8de5 
  0x00000224ed84a18c: fc7f 0000 

  0x00000224ed84a190: ;   {other}
  0x00000224ed84a190: 41ff d20f | 1f84 0000 | 0000 004c | 8b4c 2448 | 4c8b c5e9 | 28bb ffff | ba45 ffff | ff4c 8b44 
  0x00000224ed84a1b0: 2450 4c89 | 4424 404c | 895c 2448 | 4889 4424 | 5066 6690 

  0x00000224ed84a1c4: ;   {runtime_call UncommonTrapBlob}
  0x00000224ed84a1c4: c5f8 77e8 

  0x00000224ed84a1c8: ; ImmutableOopMap {[32]=Oop [40]=Oop [64]=Oop [72]=Oop [80]=Oop [120]=NarrowOop [128]=Oop }
                      ;*ifeq {reexecute=1 rethrow=0 return_oop=0}
                      ; - (reexecute) java.util.jar.JarFile::getManifestFromReference@39 (line 417)
                      ; - java.util.jar.JarFile::getManifest@1 (line 405)
                      ; - jdk.internal.loader.URLClassPath$JarLoader$2::getManifest@22 (line 853)
                      ; - jdk.internal.loader.BuiltinClassLoader::defineClass@29 (line 848)
                      ; - jdk.internal.loader.BuiltinClassLoader::findClassOnClassPathOrNull@37 (line 760)
  0x00000224ed84a1c8: 34a4 2dff 

  0x00000224ed84a1cc: ;   {other}
  0x00000224ed84a1cc: 0f1f 8400 | 3c8b 00c6 | 498b d7c5 | f877 49ba | d001 8de5 | fc7f 0000 

  0x00000224ed84a1e4: ;   {other}
  0x00000224ed84a1e4: 41ff d20f | 1f84 0000 | 0000 00e9 | 2fde ffff | 498b d7c5 | f877 49ba | d001 8de5 | fc7f 0000 
  0x00000224ed84a204: ;   {other}
  0x00000224ed84a204: 41ff d20f | 1f84 0000 | 0000 00e9 | c6dd ffff | ba45 ffff | ff4c 8b5c | 2428 4c89 | 5c24 2044 
  0x00000224ed84a224: 8b5c 2444 | 4489 5c24 | 4048 8944 | 2450 6690 

  0x00000224ed84a234: ;   {runtime_call UncommonTrapBlob}
  0x00000224ed84a234: c5f8 77e8 

  0x00000224ed84a238: ; ImmutableOopMap {rbp=Oop [32]=Oop [56]=Oop [64]=NarrowOop [68]=NarrowOop [80]=Oop [120]=NarrowOop [128]=Oop }
                      ;*ifnull {reexecute=1 rethrow=0 return_oop=0}
                      ; - (reexecute) java.util.jar.JarFile::maybeInstantiateVerifier@27 (line 723)
                      ; - java.util.jar.JarFile::ensureInitialization@1 (line 1064)
                      ; - java.util.jar.JavaUtilJarAccessImpl::ensureInitialization@1 (line 42)
                      ; - jdk.internal.loader.URLClassPath$JarLoader$2::getManifest@10 (line 852)
                      ; - jdk.internal.loader.BuiltinClassLoader::defineClass@29 (line 848)
                      ; - jdk.internal.loader.BuiltinClassLoader::findClassOnClassPathOrNull@37 (line 760)
  0x00000224ed84a238: c4a3 2dff 

  0x00000224ed84a23c: ;   {other}
  0x00000224ed84a23c: 0f1f 8400 | ac8b 00c7 | ba45 ffff | ff4c 8b54 | 2450 4c89 | 5424 4844 | 895c 2450 

  0x00000224ed84a258: ;   {runtime_call UncommonTrapBlob}
  0x00000224ed84a258: c5f8 77e8 

  0x00000224ed84a25c: ; ImmutableOopMap {rbp=NarrowOop [32]=Oop [40]=Oop [72]=Oop [80]=NarrowOop [120]=NarrowOop [128]=Oop }
                      ;*ifnull {reexecute=1 rethrow=0 return_oop=0}
                      ; - (reexecute) java.util.jar.JarFile::ensureInitialization@21 (line 1068)
                      ; - java.util.jar.JavaUtilJarAccessImpl::ensureInitialization@1 (line 42)
                      ; - jdk.internal.loader.URLClassPath$JarLoader$2::getManifest@10 (line 852)
                      ; - jdk.internal.loader.BuiltinClassLoader::defineClass@29 (line 848)
                      ; - jdk.internal.loader.BuiltinClassLoader::findClassOnClassPathOrNull@37 (line 760)
  0x00000224ed84a25c: a0a3 2dff 

  0x00000224ed84a260: ;   {other}
  0x00000224ed84a260: 0f1f 8400 | d08b 00c8 | ba45 ffff | ff4c 8b5c | 2430 4c89 | 5c24 204c | 8b5c 2450 | 4c89 5c24 
  0x00000224ed84a280: 4844 8b5c | 245c 4489 | 5c24 5844 | 8954 245c 

  0x00000224ed84a290: ;   {runtime_call UncommonTrapBlob}
  0x00000224ed84a290: c5f8 77e8 

  0x00000224ed84a294: ; ImmutableOopMap {rbp=NarrowOop [32]=Oop [40]=Oop [56]=NarrowOop [72]=Oop [80]=Oop [88]=NarrowOop [92]=NarrowOop [112]=Oop }
                      ;*ifnonnull {reexecute=1 rethrow=0 return_oop=0}
                      ; - (reexecute) java.util.jar.JarFile::getInputStream@16 (line 855)
                      ; - jdk.internal.loader.URLClassPath$JarLoader$2::getInputStream@11 (line 848)
                      ; - jdk.internal.loader.Resource::cachedInputStream@9 (line 77)
                      ; - jdk.internal.loader.Resource::getByteBuffer@1 (line 163)
                      ; - jdk.internal.loader.BuiltinClassLoader::defineClass@45 (line 853)
                      ; - jdk.internal.loader.BuiltinClassLoader::findClassOnClassPathOrNull@37 (line 760)
  0x00000224ed84a294: 68a3 2dff 

  0x00000224ed84a298: ;   {other}
  0x00000224ed84a298: 0f1f 8400 | 088c 00c9 | ba45 ffff | ff4c 8b54 | 2428 4c89 | 5424 2044 | 8b54 2438 | 4489 5424 
  0x00000224ed84a2b8: 304c 8b54 | 2450 4c89 | 5424 404c | 8954 2448 | 448b 5424 | 5844 8954 | 2434 4889 | 4424 6090 
  0x00000224ed84a2d8: ;   {runtime_call UncommonTrapBlob}
  0x00000224ed84a2d8: c5f8 77e8 

  0x00000224ed84a2dc: ; ImmutableOopMap {rbp=Oop [32]=Oop [48]=NarrowOop [52]=NarrowOop [64]=Oop [72]=Oop [92]=NarrowOop [96]=Oop [112]=Oop }
                      ;*ifnull {reexecute=1 rethrow=0 return_oop=0}
                      ; - (reexecute) java.util.jar.JarFile::maybeInstantiateVerifier@27 (line 723)
                      ; - java.util.jar.JarFile::getInputStream@9 (line 854)
                      ; - jdk.internal.loader.URLClassPath$JarLoader$2::getInputStream@11 (line 848)
                      ; - jdk.internal.loader.Resource::cachedInputStream@9 (line 77)
                      ; - jdk.internal.loader.Resource::getByteBuffer@1 (line 163)
                      ; - jdk.internal.loader.BuiltinClassLoader::defineClass@45 (line 853)
                      ; - jdk.internal.loader.BuiltinClassLoader::findClassOnClassPathOrNull@37 (line 760)
  0x00000224ed84a2dc: 20a3 2dff 

  0x00000224ed84a2e0: ;   {other}
  0x00000224ed84a2e0: 0f1f 8400 | 508c 00ca | bae4 ffff | ff48 8bac | 2490 0000 | 004c 8b54 | 2448 4c89 | 5424 204c 
  0x00000224ed84a300: 8b54 2470 | 4c89 5424 | 2844 8b5c | 2478 4489 | 5c24 3044 | 8b54 243c | 4489 5424 | 384c 8b94 
  0x00000224ed84a320: 2480 0000 | 004c 8954 | 2478 4489 | 8c24 9800 | 0000 6690 

  0x00000224ed84a334: ;   {runtime_call UncommonTrapBlob}
  0x00000224ed84a334: c5f8 77e8 

  0x00000224ed84a338: ; ImmutableOopMap {rbp=Oop [32]=Oop [40]=Oop [48]=NarrowOop [56]=NarrowOop [60]=NarrowOop [64]=Oop [80]=Oop [88]=Oop [104]=Oop [120]=Oop [136]=Oop }
                      ;*aaload {reexecute=0 rethrow=0 return_oop=0}
                      ; - java.util.IdentityHashMap::put@28 (line 442)
                      ; - java.util.Collections$SetFromMap::add@8 (line 5929)
                      ; - java.util.zip.ZipFile::getInputStream@231 (line 403)
                      ; - java.util.jar.JarFile::getInputStream@21 (line 856)
                      ; - jdk.internal.loader.URLClassPath$JarLoader$2::getInputStream@11 (line 848)
                      ; - jdk.internal.loader.Resource::cachedInputStream@9 (line 77)
                      ; - jdk.internal.loader.Resource::getByteBuffer@1 (line 163)
                      ; - jdk.internal.loader.BuiltinClassLoader::defineClass@45 (line 853)
                      ; - jdk.internal.loader.BuiltinClassLoader::findClassOnClassPathOrNull@37 (line 760)
  0x00000224ed84a338: c4a2 2dff 

  0x00000224ed84a33c: ;   {other}
  0x00000224ed84a33c: 0f1f 8400 | ac8c 00cb | bac6 ffff | ff4c 8b54 | 2448 4c89 | 5424 284c | 8b54 2470 | 4c89 5424 
  0x00000224ed84a35c: 3044 8b54 | 2478 4489 | 5424 384c | 894c 2470 | 4c89 4424 | 7866 6690 

  0x00000224ed84a374: ;   {runtime_call UncommonTrapBlob}
  0x00000224ed84a374: c5f8 77e8 

  0x00000224ed84a378: ; ImmutableOopMap {rbp=NarrowOop [40]=Oop [48]=Oop [56]=NarrowOop [60]=NarrowOop [64]=Oop [112]=Oop [120]=Oop [144]=Oop }
                      ;*invokeinterface put {reexecute=0 rethrow=0 return_oop=0}
                      ; - java.util.Collections$SetFromMap::add@8 (line 5929)
                      ; - java.util.zip.ZipFile::getInputStream@231 (line 403)
                      ; - java.util.jar.JarFile::getInputStream@21 (line 856)
                      ; - jdk.internal.loader.URLClassPath$JarLoader$2::getInputStream@11 (line 848)
                      ; - jdk.internal.loader.Resource::cachedInputStream@9 (line 77)
                      ; - jdk.internal.loader.Resource::getByteBuffer@1 (line 163)
                      ; - jdk.internal.loader.BuiltinClassLoader::defineClass@45 (line 853)
                      ; - jdk.internal.loader.BuiltinClassLoader::findClassOnClassPathOrNull@37 (line 760)
  0x00000224ed84a378: 84a2 2dff 

  0x00000224ed84a37c: ;   {other}
  0x00000224ed84a37c: 0f1f 8400 | ec8c 00cc | bae4 ffff | ff4c 8b5c | 2448 4c89 | 5c24 204c | 8b5c 2470 | 4c89 5c24 
  0x00000224ed84a39c: 2844 8b44 | 2478 4489 | 4424 3044 | 8b44 243c | 4489 4424 | 3844 894c | 2478 4489 | 5424 7c90 
  0x00000224ed84a3bc: ;   {runtime_call UncommonTrapBlob}
  0x00000224ed84a3bc: c5f8 77e8 

  0x00000224ed84a3c0: ; ImmutableOopMap {[32]=Oop [40]=Oop [48]=NarrowOop [56]=NarrowOop [60]=NarrowOop [64]=Oop [80]=Oop [88]=Oop [136]=Oop [144]=Oop }
                      ;*aaload {reexecute=0 rethrow=0 return_oop=0}
                      ; - java.util.IdentityHashMap::put@47 (line 446)
                      ; - java.util.Collections$SetFromMap::add@8 (line 5929)
                      ; - java.util.zip.ZipFile::getInputStream@231 (line 403)
                      ; - java.util.jar.JarFile::getInputStream@21 (line 856)
                      ; - jdk.internal.loader.URLClassPath$JarLoader$2::getInputStream@11 (line 848)
                      ; - jdk.internal.loader.Resource::cachedInputStream@9 (line 77)
                      ; - jdk.internal.loader.Resource::getByteBuffer@1 (line 163)
                      ; - jdk.internal.loader.BuiltinClassLoader::defineClass@45 (line 853)
                      ; - jdk.internal.loader.BuiltinClassLoader::findClassOnClassPathOrNull@37 (line 760)
  0x00000224ed84a3c0: 3ca2 2dff 

  0x00000224ed84a3c4: ;   {other}
  0x00000224ed84a3c4: 0f1f 8400 | 348d 00cd | 4c8b 9c24 | a000 0000 | 418b 2bba | d6ff ffff | 4c8b 5c24 | 484c 895c 
  0x00000224ed84a3e4: 2428 4c8b | 5c24 704c | 895c 2430 | 448b 5c24 | 7844 895c | 2438 4489 | 9424 8000 | 0000 6690 
  0x00000224ed84a404: ;   {runtime_call UncommonTrapBlob}
  0x00000224ed84a404: c5f8 77e8 

  0x00000224ed84a408: ; ImmutableOopMap {rbp=NarrowOop [40]=Oop [48]=Oop [56]=NarrowOop [60]=NarrowOop [64]=Oop [80]=Oop [88]=Oop [136]=Oop [144]=Oop }
                      ;*aastore {reexecute=1 rethrow=0 return_oop=0}
                      ; - (reexecute) java.util.IdentityHashMap::put@57 (line 447)
                      ; - java.util.Collections$SetFromMap::add@8 (line 5929)
                      ; - java.util.zip.ZipFile::getInputStream@231 (line 403)
                      ; - java.util.jar.JarFile::getInputStream@21 (line 856)
                      ; - jdk.internal.loader.URLClassPath$JarLoader$2::getInputStream@11 (line 848)
                      ; - jdk.internal.loader.Resource::cachedInputStream@9 (line 77)
                      ; - jdk.internal.loader.Resource::getByteBuffer@1 (line 163)
                      ; - jdk.internal.loader.BuiltinClassLoader::defineClass@45 (line 853)
                      ; - jdk.internal.loader.BuiltinClassLoader::findClassOnClassPathOrNull@37 (line 760)
  0x00000224ed84a408: f4a1 2dff 

  0x00000224ed84a40c: ;   {other}
  0x00000224ed84a40c: 0f1f 8400 | 7c8d 00ce | bade ffff | ff48 8bac | 2490 0000 | 004c 8b44 | 2448 4c89 | 4424 204c 
  0x00000224ed84a42c: 8b44 2470 | 4c89 4424 | 2844 8b4c | 2478 4489 | 4c24 344c | 8b84 2488 | 0000 004c | 8944 2460 
  0x00000224ed84a44c: 4489 4c24 | 6844 8954 | 246c 4489 | 9c24 8800 | 0000 6690 

  0x00000224ed84a460: ;   {runtime_call UncommonTrapBlob}
  0x00000224ed84a460: c5f8 77e8 

  0x00000224ed84a464: ; ImmutableOopMap {rbp=Oop [32]=Oop [40]=Oop [52]=NarrowOop [96]=Oop [104]=NarrowOop [108]=NarrowOop [128]=Oop }
                      ;*invokevirtual find {reexecute=0 rethrow=0 return_oop=0}
                      ; - java.util.concurrent.ConcurrentHashMap::get@93 (line 944)
                      ; - java.lang.ClassLoader::getDefinedPackage@13 (line 2263)
                      ; - jdk.internal.loader.BuiltinClassLoader::getAndVerifyPackage@2 (line 902)
                      ; - jdk.internal.loader.BuiltinClassLoader::defineOrCheckPackage@4 (line 877)
                      ; - jdk.internal.loader.ClassLoaders$AppClassLoader::defineOrCheckPackage@4 (line 211)
                      ; - jdk.internal.loader.BuiltinClassLoader::defineClass@40 (line 849)
                      ; - jdk.internal.loader.BuiltinClassLoader::findClassOnClassPathOrNull@37 (line 760)
  0x00000224ed84a464: 98a1 2dff 

  0x00000224ed84a468: ;   {other}
  0x00000224ed84a468: 0f1f 8400 | d88d 00cf | bae4 ffff | ff4c 8b54 | 2448 4c89 | 5424 284c | 8b54 2470 | 4c89 5424 
  0x00000224ed84a488: 3044 8b54 | 2478 4489 | 5424 384c | 8b94 2480 | 0000 004c | 8954 2478 | 4c8b 9424 | 8800 0000 
  0x00000224ed84a4a8: 4c89 9424 | 8000 0000 | 4489 8424 | 8800 0000 

  0x00000224ed84a4b8: ;   {runtime_call UncommonTrapBlob}
  0x00000224ed84a4b8: c5f8 77e8 

  0x00000224ed84a4bc: ; ImmutableOopMap {[40]=Oop [48]=Oop [56]=NarrowOop [60]=NarrowOop [64]=Oop [80]=Oop [88]=Oop [120]=Oop [128]=Oop [144]=Oop }
                      ;*aastore {reexecute=1 rethrow=0 return_oop=0}
                      ; - (reexecute) java.util.IdentityHashMap::put@128 (line 460)
                      ; - java.util.Collections$SetFromMap::add@8 (line 5929)
                      ; - java.util.zip.ZipFile::getInputStream@231 (line 403)
                      ; - java.util.jar.JarFile::getInputStream@21 (line 856)
                      ; - jdk.internal.loader.URLClassPath$JarLoader$2::getInputStream@11 (line 848)
                      ; - jdk.internal.loader.Resource::cachedInputStream@9 (line 77)
                      ; - jdk.internal.loader.Resource::getByteBuffer@1 (line 163)
                      ; - jdk.internal.loader.BuiltinClassLoader::defineClass@45 (line 853)
                      ; - jdk.internal.loader.BuiltinClassLoader::findClassOnClassPathOrNull@37 (line 760)
  0x00000224ed84a4bc: 40a1 2dff 

  0x00000224ed84a4c0: ;   {other}
  0x00000224ed84a4c0: 0f1f 8400 | 308e 00d0 | bad6 ffff | ff4c 8b94 | 2490 0000 | 004c 8954 | 2420 4c8b | 5424 484c 
  0x00000224ed84a4e0: 8954 2428 | 4c8b 5424 | 704c 8954 | 2430 448b | 5c24 7844 | 895c 2438 

  0x00000224ed84a4f8: ;   {runtime_call UncommonTrapBlob}
  0x00000224ed84a4f8: c5f8 77e8 

  0x00000224ed84a4fc: ; ImmutableOopMap {[32]=Oop [40]=Oop [48]=Oop [56]=NarrowOop [60]=NarrowOop [64]=Oop [80]=Oop [88]=Oop [104]=Oop [128]=Oop [136]=Oop }
                      ;*aastore {reexecute=1 rethrow=0 return_oop=0}
                      ; - (reexecute) java.util.IdentityHashMap::put@120 (line 459)
                      ; - java.util.Collections$SetFromMap::add@8 (line 5929)
                      ; - java.util.zip.ZipFile::getInputStream@231 (line 403)
                      ; - java.util.jar.JarFile::getInputStream@21 (line 856)
                      ; - jdk.internal.loader.URLClassPath$JarLoader$2::getInputStream@11 (line 848)
                      ; - jdk.internal.loader.Resource::cachedInputStream@9 (line 77)
                      ; - jdk.internal.loader.Resource::getByteBuffer@1 (line 163)
                      ; - jdk.internal.loader.BuiltinClassLoader::defineClass@45 (line 853)
                      ; - jdk.internal.loader.BuiltinClassLoader::findClassOnClassPathOrNull@37 (line 760)
  0x00000224ed84a4fc: 00a1 2dff 

  0x00000224ed84a500: ;   {other}
  0x00000224ed84a500: 0f1f 8400 | 708e 00d1 | 498b d7c5 | f877 49ba | d001 8de5 | fc7f 0000 

  0x00000224ed84a518: ;   {other}
  0x00000224ed84a518: 41ff d20f | 1f84 0000 | 0000 00e9 | b8c9 ffff | bade ffff | ff4c 8b54 | 2448 4c89 | 5424 204c 
  0x00000224ed84a538: 8b54 2470 | 4c89 5424 | 2844 8b5c | 2478 4489 | 5c24 344c | 8b94 2488 | 0000 004c | 8954 2460 
  0x00000224ed84a558: 4489 5c24 | 6889 4c24 | 6c89 bc24 | 8800 0000 | 4489 8424 | 8c00 0000 

  0x00000224ed84a570: ;   {runtime_call UncommonTrapBlob}
  0x00000224ed84a570: c5f8 77e8 

  0x00000224ed84a574: ; ImmutableOopMap {[32]=Oop [40]=Oop [52]=NarrowOop [96]=Oop [104]=NarrowOop [108]=NarrowOop [128]=Oop [136]=NarrowOop [144]=Oop }
                      ;*invokevirtual find {reexecute=0 rethrow=0 return_oop=0}
                      ; - java.util.concurrent.ConcurrentHashMap::get@93 (line 944)
                      ; - java.lang.ClassLoader::definePackage@47 (line 2125)
                      ; - java.lang.ClassLoader::getDefinedPackage@32 (line 2267)
                      ; - jdk.internal.loader.BuiltinClassLoader::getAndVerifyPackage@2 (line 902)
                      ; - jdk.internal.loader.BuiltinClassLoader::defineOrCheckPackage@4 (line 877)
                      ; - jdk.internal.loader.ClassLoaders$AppClassLoader::defineOrCheckPackage@4 (line 211)
                      ; - jdk.internal.loader.BuiltinClassLoader::defineClass@40 (line 849)
                      ; - jdk.internal.loader.BuiltinClassLoader::findClassOnClassPathOrNull@37 (line 760)
  0x00000224ed84a574: 88a0 2dff 

  0x00000224ed84a578: ;   {other}
  0x00000224ed84a578: 0f1f 8400 | e88e 00d2 | 498b d7c5 | f877 49ba | d001 8de5 | fc7f 0000 

  0x00000224ed84a590: ;   {other}
  0x00000224ed84a590: 41ff d20f | 1f84 0000 | 0000 000f | 1f44 0000 | e9b3 caff | ff49 8bd8 | 498b d7c5 | f877 49ba 
  0x00000224ed84a5b0: d001 8de5 | fc7f 0000 

  0x00000224ed84a5b8: ;   {other}
  0x00000224ed84a5b8: 41ff d20f | 1f84 0000 | 0000 004c | 8bc3 e908 | cbff ff48 | 8b4c 2470 | 488d 9424 | f000 0000 
  0x00000224ed84a5d8: 4d8b c7c5 | f877 49ba | 000d cee5 | fc7f 0000 

  0x00000224ed84a5e8: ;   {other}
  0x00000224ed84a5e8: 41ff d20f | 1f84 0000 | 0000 00e9 | 3fbd ffff | 488b 4c24 | 6048 8d94 | 24f8 0000 | 004d 8bc7 
  0x00000224ed84a608: c5f8 7749 | ba00 0dce | e5fc 7f00 | 0041 ffd2 

  0x00000224ed84a618: ;   {other}
  0x00000224ed84a618: 0f1f 8400 | 0000 0000 | e972 bcff | ff48 8b4c | 2458 488d | 9424 0801 | 0000 4d8b | c7c5 f877 
  0x00000224ed84a638: 49ba 000d | cee5 fc7f | 0000 41ff 

  0x00000224ed84a644: ;   {other}
  0x00000224ed84a644: d20f 1f84 | 0000 0000 | 00e9 a5bb | ffff 498b | d7c5 f877 | 49ba d001 | 8de5 fc7f | 0000 41ff 
  0x00000224ed84a664: ;   {other}
  0x00000224ed84a664: d20f 1f84 | 0000 0000 | 00e9 06d0 | ffff baf6 | ffff ff48 | 8b6c 2438 | 4889 5c24 | 2066 6690 
  0x00000224ed84a684: ;   {runtime_call UncommonTrapBlob}
  0x00000224ed84a684: c5f8 77e8 

  0x00000224ed84a688: ; ImmutableOopMap {rbp=Oop [32]=Oop }
                      ;*invokevirtual attach {reexecute=0 rethrow=0 return_oop=0}
                      ; - java.io.FileInputStream::<init>@86 (line 150)
                      ; - jdk.internal.loader.URLClassPath$FileLoader$1::getInputStream@8 (line 1119)
                      ; - jdk.internal.loader.Resource::cachedInputStream@9 (line 77)
                      ; - jdk.internal.loader.Resource::getByteBuffer@1 (line 163)
                      ; - jdk.internal.loader.BuiltinClassLoader::defineClass@45 (line 853)
                      ; - jdk.internal.loader.BuiltinClassLoader::findClassOnClassPathOrNull@37 (line 760)
  0x00000224ed84a688: 749f 2dff 

  0x00000224ed84a68c: ;   {other}
  0x00000224ed84a68c: 0f1f 8400 | fc8f 00d3 | bade ffff | ff4c 8b54 | 2448 4c89 | 5424 284c | 8b54 2470 | 4c89 5424 
  0x00000224ed84a6ac: 3044 8b5c | 2478 4489 | 5c24 3c44 | 895c 2470 

  0x00000224ed84a6bc: ;   {runtime_call UncommonTrapBlob}
  0x00000224ed84a6bc: c5f8 77e8 

  0x00000224ed84a6c0: ; ImmutableOopMap {rbp=NarrowOop [40]=Oop [48]=Oop [60]=NarrowOop [112]=NarrowOop [128]=Oop [136]=Oop [144]=Oop }
                      ;*checkcast {reexecute=0 rethrow=0 return_oop=0}
                      ; - java.lang.ClassLoader::getDefinedPackage@16 (line 2263)
                      ; - jdk.internal.loader.BuiltinClassLoader::getAndVerifyPackage@2 (line 902)
                      ; - jdk.internal.loader.BuiltinClassLoader::defineOrCheckPackage@4 (line 877)
                      ; - jdk.internal.loader.ClassLoaders$AppClassLoader::defineOrCheckPackage@4 (line 211)
                      ; - jdk.internal.loader.BuiltinClassLoader::defineClass@40 (line 849)
                      ; - jdk.internal.loader.BuiltinClassLoader::findClassOnClassPathOrNull@37 (line 760)
  0x00000224ed84a6c0: 3c9f 2dff 

  0x00000224ed84a6c4: ;   {other}
  0x00000224ed84a6c4: 0f1f 8400 | 3490 00d4 | bade ffff | ff4c 8b54 | 2448 4c89 | 5424 204c | 8b54 2470 | 4c89 5424 
  0x00000224ed84a6e4: 2848 8944 | 2470 6690 

  0x00000224ed84a6ec: ;   {runtime_call UncommonTrapBlob}
  0x00000224ed84a6ec: c5f8 77e8 

  0x00000224ed84a6f0: ; ImmutableOopMap {[32]=Oop [40]=Oop [112]=Oop [120]=NarrowOop [128]=Oop [136]=Oop [144]=Oop }
                      ;*checkcast {reexecute=0 rethrow=0 return_oop=0}
                      ; - java.lang.ClassLoader::definePackage@81 (line 2129)
                      ; - java.lang.ClassLoader::getDefinedPackage@32 (line 2267)
                      ; - jdk.internal.loader.BuiltinClassLoader::getAndVerifyPackage@2 (line 902)
                      ; - jdk.internal.loader.BuiltinClassLoader::defineOrCheckPackage@4 (line 877)
                      ; - jdk.internal.loader.ClassLoaders$AppClassLoader::defineOrCheckPackage@4 (line 211)
                      ; - jdk.internal.loader.BuiltinClassLoader::defineClass@40 (line 849)
                      ; - jdk.internal.loader.BuiltinClassLoader::findClassOnClassPathOrNull@37 (line 760)
  0x00000224ed84a6f0: 0c9f 2dff 

  0x00000224ed84a6f4: ;   {other}
  0x00000224ed84a6f4: 0f1f 8400 | 6490 00d5 | bade ffff | ff4c 8b54 | 2448 4c89 | 5424 284c | 895c 2460 

  0x00000224ed84a710: ;   {runtime_call UncommonTrapBlob}
  0x00000224ed84a710: c5f8 77e8 

  0x00000224ed84a714: ; ImmutableOopMap {rbp=NarrowOop [40]=Oop [96]=Oop [112]=Oop [120]=NarrowOop [128]=Oop [136]=Oop [144]=Oop }
                      ;*checkcast {reexecute=0 rethrow=0 return_oop=0}
                      ; - java.util.jar.Attributes::getValue@5 (line 142)
                      ; - jdk.internal.loader.BuiltinClassLoader::isSealed@57 (line 997)
                      ; - jdk.internal.loader.BuiltinClassLoader::getAndVerifyPackage@70 (line 911)
                      ; - jdk.internal.loader.BuiltinClassLoader::defineOrCheckPackage@4 (line 877)
                      ; - jdk.internal.loader.ClassLoaders$AppClassLoader::defineOrCheckPackage@4 (line 211)
                      ; - jdk.internal.loader.BuiltinClassLoader::defineClass@40 (line 849)
                      ; - jdk.internal.loader.BuiltinClassLoader::findClassOnClassPathOrNull@37 (line 760)
  0x00000224ed84a714: e89e 2dff 

  0x00000224ed84a718: ;   {other}
  0x00000224ed84a718: 0f1f 8400 | 8890 00d6 | bade ffff | ff4c 8b54 | 2448 4c89 | 5424 284c | 8b54 2470 | 4c89 5424 
  0x00000224ed84a738: 3044 8b44 | 2478 4489 | 4424 3c4c | 895c 2460 | 4889 4c24 | 7866 6690 

  0x00000224ed84a750: ;   {runtime_call UncommonTrapBlob}
  0x00000224ed84a750: c5f8 77e8 

  0x00000224ed84a754: ; ImmutableOopMap {rbp=NarrowOop [40]=Oop [48]=Oop [60]=NarrowOop [96]=Oop [120]=Oop [128]=Oop [136]=Oop [144]=Oop }
                      ;*checkcast {reexecute=0 rethrow=0 return_oop=0}
                      ; - java.util.jar.Manifest::getAttributes@10 (line 160)
                      ; - java.util.jar.Manifest::getTrustedAttributes@2 (line 177)
                      ; - java.util.jar.JavaUtilJarAccessImpl::getTrustedAttributes@2 (line 38)
                      ; - jdk.internal.loader.BuiltinClassLoader::isSealed@17 (line 992)
                      ; - jdk.internal.loader.BuiltinClassLoader::getAndVerifyPackage@70 (line 911)
                      ; - jdk.internal.loader.BuiltinClassLoader::defineOrCheckPackage@4 (line 877)
                      ; - jdk.internal.loader.ClassLoaders$AppClassLoader::defineOrCheckPackage@4 (line 211)
                      ; - jdk.internal.loader.BuiltinClassLoader::defineClass@40 (line 849)
                      ; - jdk.internal.loader.BuiltinClassLoader::findClassOnClassPathOrNull@37 (line 760)
  0x00000224ed84a754: a89e 2dff 

  0x00000224ed84a758: ;   {other}
  0x00000224ed84a758: 0f1f 8400 | c890 00d7 | bade ffff | ff4c 8b54 | 2448 4c89 | 5424 284c | 8b54 2470 | 4c89 5424 
  0x00000224ed84a778: 3044 8b5c | 2478 4489 | 5c24 3844 | 8b94 2480 | 0000 0044 | 8954 2478 

  0x00000224ed84a790: ;   {runtime_call UncommonTrapBlob}
  0x00000224ed84a790: c5f8 77e8 

  0x00000224ed84a794: ; ImmutableOopMap {rbp=NarrowOop [40]=Oop [48]=Oop [56]=NarrowOop [60]=NarrowOop [64]=Oop [80]=NarrowOop [84]=NarrowOop [88]=Oop [104]=Oop [124]=NarrowOop [144]=Oop }
                      ;*checkcast {reexecute=0 rethrow=0 return_oop=0}
                      ; - java.util.zip.ZipFile$CleanableResource::getInflater@16 (line 738)
                      ; - java.util.zip.ZipFile$ZipFileInflaterInputStream::<init>@5 (line 434)
                      ; - java.util.zip.ZipFile::getInputStream@216 (line 401)
                      ; - java.util.jar.JarFile::getInputStream@21 (line 856)
                      ; - jdk.internal.loader.URLClassPath$JarLoader$2::getInputStream@11 (line 848)
                      ; - jdk.internal.loader.Resource::cachedInputStream@9 (line 77)
                      ; - jdk.internal.loader.Resource::getByteBuffer@1 (line 163)
                      ; - jdk.internal.loader.BuiltinClassLoader::defineClass@45 (line 853)
                      ; - jdk.internal.loader.BuiltinClassLoader::findClassOnClassPathOrNull@37 (line 760)
  0x00000224ed84a794: 689e 2dff 

  0x00000224ed84a798: ;   {other}
  0x00000224ed84a798: 0f1f 8400 | 0891 00d8 | bade ffff | ff4c 8b54 | 2448 4c89 | 5424 284c | 8b54 2470 | 4c89 5424 
  0x00000224ed84a7b8: 3044 8b5c | 2478 4489 | 5c24 3c44 | 895c 2470 | 894c 2474 

  0x00000224ed84a7cc: ;   {runtime_call UncommonTrapBlob}
  0x00000224ed84a7cc: c5f8 77e8 

  0x00000224ed84a7d0: ; ImmutableOopMap {rbp=NarrowOop [40]=Oop [48]=Oop [60]=NarrowOop [112]=NarrowOop [116]=NarrowOop [128]=Oop [136]=Oop [144]=Oop }
                      ;*checkcast {reexecute=0 rethrow=0 return_oop=0}
                      ; - java.lang.ClassLoader::definePackage@50 (line 2125)
                      ; - java.lang.ClassLoader::getDefinedPackage@32 (line 2267)
                      ; - jdk.internal.loader.BuiltinClassLoader::getAndVerifyPackage@2 (line 902)
                      ; - jdk.internal.loader.BuiltinClassLoader::defineOrCheckPackage@4 (line 877)
                      ; - jdk.internal.loader.ClassLoaders$AppClassLoader::defineOrCheckPackage@4 (line 211)
                      ; - jdk.internal.loader.BuiltinClassLoader::defineClass@40 (line 849)
                      ; - jdk.internal.loader.BuiltinClassLoader::findClassOnClassPathOrNull@37 (line 760)
  0x00000224ed84a7d0: 2c9e 2dff 

  0x00000224ed84a7d4: ;   {other}
  0x00000224ed84a7d4: 0f1f 8400 | 4491 00d9 | bade ffff | ff4c 8b5c | 2438 4c89 | 5c24 204c | 8b5c 2448 | 4c89 5c24 
  0x00000224ed84a7f4: 284c 8954 | 2440 4889 | 5c24 4890 

  0x00000224ed84a800: ;   {runtime_call UncommonTrapBlob}
  0x00000224ed84a800: c5f8 77e8 

  0x00000224ed84a804: ; ImmutableOopMap {rbp=NarrowOop [32]=Oop [40]=Oop [64]=Oop [72]=Oop [120]=NarrowOop [128]=Oop }
                      ;*checkcast {reexecute=0 rethrow=0 return_oop=0}
                      ; - java.util.jar.JarFile::getManifestFromReference@14 (line 409)
                      ; - java.util.jar.JarFile::getManifest@1 (line 405)
                      ; - jdk.internal.loader.URLClassPath$JarLoader$2::getManifest@22 (line 853)
                      ; - jdk.internal.loader.BuiltinClassLoader::defineClass@29 (line 848)
                      ; - jdk.internal.loader.BuiltinClassLoader::findClassOnClassPathOrNull@37 (line 760)
  0x00000224ed84a804: f89d 2dff 

  0x00000224ed84a808: ;   {other}
  0x00000224ed84a808: 0f1f 8400 | 7891 00da | 488b d844 | 8b50 0849 | b800 0000 | 8024 0200 | 004d 03c2 | e91f bbff 
  0x00000224ed84a828: ff48 8bd8 | 448b 5808 | 49b8 0000 | 0080 2402 | 0000 4d03 | c366 6690 | e903 bbff | ff48 8bd8 
  0x00000224ed84a848: 448b 5808 | 49b8 0000 | 0080 2402 | 0000 4d03 | c3e9 eaba | ffff 488b | d844 8b58 | 0849 b800 
  0x00000224ed84a868: 0000 8024 | 0200 004d | 03c3 e9d1 | baff ff48 | 8bd8 e978 | b9ff ff48 | 8bd8 e970 | b9ff ffba 
  0x00000224ed84a888: f6ff ffff | 488b 6c24 | 3866 6690 

  0x00000224ed84a894: ;   {runtime_call UncommonTrapBlob}
  0x00000224ed84a894: c5f8 77e8 

  0x00000224ed84a898: ; ImmutableOopMap {rbp=Oop }
                      ;*invokevirtual replace {reexecute=0 rethrow=0 return_oop=0}
                      ; - jdk.internal.loader.BuiltinClassLoader::findClassOnClassPathOrNull@5 (line 755)
  0x00000224ed84a898: 649d 2dff 

  0x00000224ed84a89c: ;   {other}
  0x00000224ed84a89c: 0f1f 8400 | 0c92 00db | baf6 ffff | ff48 8b6c | 2438 6690 

  0x00000224ed84a8b0: ;   {runtime_call UncommonTrapBlob}
  0x00000224ed84a8b0: c5f8 77e8 

  0x00000224ed84a8b4: ; ImmutableOopMap {rbp=Oop [72]=Oop }
                      ;*arraylength {reexecute=0 rethrow=0 return_oop=0}
                      ; - java.lang.StringLatin1::replace@8 (line 295)
                      ; - java.lang.String::replace@18 (line 2933)
                      ; - jdk.internal.loader.BuiltinClassLoader::findClassOnClassPathOrNull@5 (line 755)
  0x00000224ed84a8b4: 489d 2dff 

  0x00000224ed84a8b8: ;   {other}
  0x00000224ed84a8b8: 0f1f 8400 | 2892 00dc | baf6 ffff | ff66 6690 

  0x00000224ed84a8c8: ;   {runtime_call UncommonTrapBlob}
  0x00000224ed84a8c8: c5f8 77e8 

  0x00000224ed84a8cc: ; ImmutableOopMap {}
                      ;*arraylength {reexecute=0 rethrow=0 return_oop=0}
                      ; - java.lang.String::length@4 (line 1519)
                      ; - java.lang.String::lastIndexOf@3 (line 2535)
                      ; - jdk.internal.loader.BuiltinClassLoader::defineClass@8 (line 845)
                      ; - jdk.internal.loader.BuiltinClassLoader::findClassOnClassPathOrNull@37 (line 760)
  0x00000224ed84a8cc: 309d 2dff 

  0x00000224ed84a8d0: ;   {other}
  0x00000224ed84a8d0: 0f1f 8400 | 4092 00dd | baf4 ffff | ff66 6690 

  0x00000224ed84a8e0: ;   {runtime_call UncommonTrapBlob}
  0x00000224ed84a8e0: c5f8 77e8 

  0x00000224ed84a8e4: ; ImmutableOopMap {[72]=Oop [112]=Oop [120]=NarrowOop [144]=Oop }
                      ;*instanceof {reexecute=0 rethrow=0 return_oop=0}
                      ; - jdk.internal.loader.Resource::getByteBuffer@6 (line 164)
                      ; - jdk.internal.loader.BuiltinClassLoader::defineClass@45 (line 853)
                      ; - jdk.internal.loader.BuiltinClassLoader::findClassOnClassPathOrNull@37 (line 760)
  0x00000224ed84a8e4: 189d 2dff 

  0x00000224ed84a8e8: ;   {other}
  0x00000224ed84a8e8: 0f1f 8400 | 5892 00de | baf6 ffff | ff66 6690 

  0x00000224ed84a8f8: ;   {runtime_call UncommonTrapBlob}
  0x00000224ed84a8f8: c5f8 77e8 

  0x00000224ed84a8fc: ; ImmutableOopMap {}
                      ;*arraylength {reexecute=0 rethrow=0 return_oop=0}
                      ; - jdk.internal.loader.BuiltinClassLoader::defineClass@114 (line 862)
                      ; - jdk.internal.loader.BuiltinClassLoader::findClassOnClassPathOrNull@37 (line 760)
  0x00000224ed84a8fc: 009d 2dff 

  0x00000224ed84a900: ;   {other}
  0x00000224ed84a900: 0f1f 8400 | 7092 00df | baf6 ffff | ff66 6690 

  0x00000224ed84a910: ;   {runtime_call UncommonTrapBlob}
  0x00000224ed84a910: c5f8 77e8 

  0x00000224ed84a914: ; ImmutableOopMap {}
                      ;*getfield csu {reexecute=1 rethrow=0 return_oop=0}
                      ; - (reexecute) jdk.internal.loader.URLClassPath$JarLoader$2::getCodeSourceURL@4 (line 846)
                      ; - jdk.internal.loader.BuiltinClassLoader::defineClass@1 (line 842)
                      ; - jdk.internal.loader.BuiltinClassLoader::findClassOnClassPathOrNull@37 (line 760)
  0x00000224ed84a914: e89c 2dff 

  0x00000224ed84a918: ;   {other}
  0x00000224ed84a918: 0f1f 8400 | 8892 00e0 | baf6 ffff | ff66 6690 

  0x00000224ed84a928: ;   {runtime_call UncommonTrapBlob}
  0x00000224ed84a928: c5f8 77e8 

  0x00000224ed84a92c: ; ImmutableOopMap {}
                      ;*getfield jar {reexecute=1 rethrow=0 return_oop=0}
                      ; - (reexecute) jdk.internal.loader.URLClassPath$JarLoader$2::getManifest@7 (line 852)
                      ; - jdk.internal.loader.BuiltinClassLoader::defineClass@29 (line 848)
                      ; - jdk.internal.loader.BuiltinClassLoader::findClassOnClassPathOrNull@37 (line 760)
  0x00000224ed84a92c: d09c 2dff 

  0x00000224ed84a930: ;   {other}
  0x00000224ed84a930: 0f1f 8400 | a092 00e1 | baf6 ffff | ff66 6690 

  0x00000224ed84a940: ;   {runtime_call UncommonTrapBlob}
  0x00000224ed84a940: c5f8 77e8 

  0x00000224ed84a944: ; ImmutableOopMap {}
                      ;*getfield jar {reexecute=1 rethrow=0 return_oop=0}
                      ; - (reexecute) jdk.internal.loader.URLClassPath$JarLoader$2::getManifest@19 (line 853)
                      ; - jdk.internal.loader.BuiltinClassLoader::defineClass@29 (line 848)
                      ; - jdk.internal.loader.BuiltinClassLoader::findClassOnClassPathOrNull@37 (line 760)
  0x00000224ed84a944: b89c 2dff 

  0x00000224ed84a948: ;   {other}
  0x00000224ed84a948: 0f1f 8400 | b892 00e2 | baf6 ffff | ff66 6690 

  0x00000224ed84a958: ;   {runtime_call UncommonTrapBlob}
  0x00000224ed84a958: c5f8 77e8 

  0x00000224ed84a95c: ; ImmutableOopMap {}
                      ;*invokevirtual getManifest {reexecute=0 rethrow=0 return_oop=0}
                      ; - jdk.internal.loader.URLClassPath$JarLoader$2::getManifest@22 (line 853)
                      ; - jdk.internal.loader.BuiltinClassLoader::defineClass@29 (line 848)
                      ; - jdk.internal.loader.BuiltinClassLoader::findClassOnClassPathOrNull@37 (line 760)
  0x00000224ed84a95c: a09c 2dff 

  0x00000224ed84a960: ;   {other}
  0x00000224ed84a960: 0f1f 8400 | d092 00e3 | baf4 ffff | ff48 8b6c | 2438 4c89 | 5424 3848 | 895c 2440 

  0x00000224ed84a97c: ;   {runtime_call UncommonTrapBlob}
  0x00000224ed84a97c: c5f8 77e8 

  0x00000224ed84a980: ; ImmutableOopMap {rbp=Oop [56]=Oop [64]=Oop [72]=Oop [120]=NarrowOop [128]=Oop }
                      ;*checkcast {reexecute=0 rethrow=0 return_oop=0}
                      ; - java.util.jar.JarFile::getManifestFromReference@14 (line 409)
                      ; - java.util.jar.JarFile::getManifest@1 (line 405)
                      ; - jdk.internal.loader.URLClassPath$JarLoader$2::getManifest@22 (line 853)
                      ; - jdk.internal.loader.BuiltinClassLoader::defineClass@29 (line 848)
                      ; - jdk.internal.loader.BuiltinClassLoader::findClassOnClassPathOrNull@37 (line 760)
  0x00000224ed84a980: 7c9c 2dff 

  0x00000224ed84a984: ;   {other}
  0x00000224ed84a984: 0f1f 8400 | f492 00e4 | baf6 ffff | ff4c 8b54 | 2448 4c89 | 5424 2090 

  0x00000224ed84a99c: ;   {runtime_call UncommonTrapBlob}
  0x00000224ed84a99c: c5f8 77e8 

  0x00000224ed84a9a0: ; ImmutableOopMap {[32]=Oop [112]=Oop [120]=NarrowOop [128]=Oop [136]=Oop [144]=Oop }
                      ;*arraylength {reexecute=0 rethrow=0 return_oop=0}
                      ; - java.lang.String::isEmpty@4 (line 1532)
                      ; - java.lang.ClassLoader::definePackage@1 (line 2120)
                      ; - java.lang.ClassLoader::getDefinedPackage@32 (line 2267)
                      ; - jdk.internal.loader.BuiltinClassLoader::getAndVerifyPackage@2 (line 902)
                      ; - jdk.internal.loader.BuiltinClassLoader::defineOrCheckPackage@4 (line 877)
                      ; - jdk.internal.loader.ClassLoaders$AppClassLoader::defineOrCheckPackage@4 (line 211)
                      ; - jdk.internal.loader.BuiltinClassLoader::defineClass@40 (line 849)
                      ; - jdk.internal.loader.BuiltinClassLoader::findClassOnClassPathOrNull@37 (line 760)
  0x00000224ed84a9a0: 5c9c 2dff 

  0x00000224ed84a9a4: ;   {other}
  0x00000224ed84a9a4: 0f1f 8400 | 1493 00e5 | baf6 ffff | ff4c 8b54 | 2448 4c89 | 5424 2090 

  0x00000224ed84a9bc: ;   {runtime_call UncommonTrapBlob}
  0x00000224ed84a9bc: c5f8 77e8 

  0x00000224ed84a9c0: ; ImmutableOopMap {[32]=Oop [112]=Oop [120]=NarrowOop [128]=Oop [136]=Oop [144]=Oop }
                      ;*invokevirtual isNamed {reexecute=0 rethrow=0 return_oop=0}
                      ; - java.lang.Package::isSealed@4 (line 235)
                      ; - jdk.internal.loader.BuiltinClassLoader::getAndVerifyPackage@14 (line 904)
                      ; - jdk.internal.loader.BuiltinClassLoader::defineOrCheckPackage@4 (line 877)
                      ; - jdk.internal.loader.ClassLoaders$AppClassLoader::defineOrCheckPackage@4 (line 211)
                      ; - jdk.internal.loader.BuiltinClassLoader::defineClass@40 (line 849)
                      ; - jdk.internal.loader.BuiltinClassLoader::findClassOnClassPathOrNull@37 (line 760)
  0x00000224ed84a9c0: 3c9c 2dff 

  0x00000224ed84a9c4: ;   {other}
  0x00000224ed84a9c4: 0f1f 8400 | 3493 00e6 | baf6 ffff | ff4c 8b54 | 2448 4c89 | 5424 2090 

  0x00000224ed84a9dc: ;   {runtime_call UncommonTrapBlob}
  0x00000224ed84a9dc: c5f8 77e8 

  0x00000224ed84a9e0: ; ImmutableOopMap {[32]=Oop [112]=Oop [120]=NarrowOop [128]=Oop [136]=Oop [144]=Oop }
                      ;*getfield sealBase {reexecute=1 rethrow=0 return_oop=0}
                      ; - (reexecute) java.lang.Package::isSealed@14 (line 235)
                      ; - jdk.internal.loader.BuiltinClassLoader::getAndVerifyPackage@14 (line 904)
                      ; - jdk.internal.loader.BuiltinClassLoader::defineOrCheckPackage@4 (line 877)
                      ; - jdk.internal.loader.ClassLoaders$AppClassLoader::defineOrCheckPackage@4 (line 211)
                      ; - jdk.internal.loader.BuiltinClassLoader::defineClass@40 (line 849)
                      ; - jdk.internal.loader.BuiltinClassLoader::findClassOnClassPathOrNull@37 (line 760)
  0x00000224ed84a9e0: 1c9c 2dff 

  0x00000224ed84a9e4: ;   {other}
  0x00000224ed84a9e4: 0f1f 8400 | 5493 00e7 | baf6 ffff | ff4c 8b54 | 2448 4c89 | 5424 2090 

  0x00000224ed84a9fc: ;   {runtime_call UncommonTrapBlob}
  0x00000224ed84a9fc: c5f8 77e8 

  0x00000224ed84aa00: ; ImmutableOopMap {[32]=Oop [112]=Oop [120]=NarrowOop [128]=Oop [136]=Oop [144]=Oop }
                      ;*arraylength {reexecute=0 rethrow=0 return_oop=0}
                      ; - java.lang.StringLatin1::replace@8 (line 295)
                      ; - java.lang.String::replace@18 (line 2933)
                      ; - jdk.internal.loader.BuiltinClassLoader::isSealed@9 (line 992)
                      ; - jdk.internal.loader.BuiltinClassLoader::getAndVerifyPackage@70 (line 911)
                      ; - jdk.internal.loader.BuiltinClassLoader::defineOrCheckPackage@4 (line 877)
                      ; - jdk.internal.loader.ClassLoaders$AppClassLoader::defineOrCheckPackage@4 (line 211)
                      ; - jdk.internal.loader.BuiltinClassLoader::defineClass@40 (line 849)
                      ; - jdk.internal.loader.BuiltinClassLoader::findClassOnClassPathOrNull@37 (line 760)
  0x00000224ed84aa00: fc9b 2dff 

  0x00000224ed84aa04: ;   {other}
  0x00000224ed84aa04: 0f1f 8400 | 7493 00e8 | baf6 ffff | ff4c 8b54 | 2448 4c89 | 5424 2048 | 8944 2450 

  0x00000224ed84aa20: ;   {runtime_call UncommonTrapBlob}
  0x00000224ed84aa20: c5f8 77e8 

  0x00000224ed84aa24: ; ImmutableOopMap {[32]=Oop [80]=Oop [112]=Oop [120]=NarrowOop [128]=Oop [136]=Oop [144]=Oop }
                      ;*invokeinterface get {reexecute=0 rethrow=0 return_oop=0}
                      ; - java.util.jar.Manifest::getAttributes@5 (line 160)
                      ; - java.util.jar.Manifest::getTrustedAttributes@2 (line 177)
                      ; - java.util.jar.JavaUtilJarAccessImpl::getTrustedAttributes@2 (line 38)
                      ; - jdk.internal.loader.BuiltinClassLoader::isSealed@17 (line 992)
                      ; - jdk.internal.loader.BuiltinClassLoader::getAndVerifyPackage@70 (line 911)
                      ; - jdk.internal.loader.BuiltinClassLoader::defineOrCheckPackage@4 (line 877)
                      ; - jdk.internal.loader.ClassLoaders$AppClassLoader::defineOrCheckPackage@4 (line 211)
                      ; - jdk.internal.loader.BuiltinClassLoader::defineClass@40 (line 849)
                      ; - jdk.internal.loader.BuiltinClassLoader::findClassOnClassPathOrNull@37 (line 760)
  0x00000224ed84aa24: d89b 2dff 

  0x00000224ed84aa28: ;   {other}
  0x00000224ed84aa28: 0f1f 8400 | 9893 00e9 | baf6 ffff | ff4c 8b54 | 2448 4c89 | 5424 2090 

  0x00000224ed84aa40: ;   {runtime_call UncommonTrapBlob}
  0x00000224ed84aa40: c5f8 77e8 

  0x00000224ed84aa44: ; ImmutableOopMap {[32]=Oop [112]=Oop [120]=NarrowOop [128]=Oop [136]=Oop [144]=Oop }
                      ;*invokeinterface get {reexecute=0 rethrow=0 return_oop=0}
                      ; - java.util.jar.Attributes::get@5 (line 106)
                      ; - java.util.jar.Attributes::getValue@2 (line 142)
                      ; - jdk.internal.loader.BuiltinClassLoader::isSealed@57 (line 997)
                      ; - jdk.internal.loader.BuiltinClassLoader::getAndVerifyPackage@70 (line 911)
                      ; - jdk.internal.loader.BuiltinClassLoader::defineOrCheckPackage@4 (line 877)
                      ; - jdk.internal.loader.ClassLoaders$AppClassLoader::defineOrCheckPackage@4 (line 211)
                      ; - jdk.internal.loader.BuiltinClassLoader::defineClass@40 (line 849)
                      ; - jdk.internal.loader.BuiltinClassLoader::findClassOnClassPathOrNull@37 (line 760)
  0x00000224ed84aa44: b89b 2dff 

  0x00000224ed84aa48: ;   {other}
  0x00000224ed84aa48: 0f1f 8400 | b893 00ea | baf6 ffff | ff49 8beb 

  0x00000224ed84aa58: ;   {runtime_call UncommonTrapBlob}
  0x00000224ed84aa58: c5f8 77e8 

  0x00000224ed84aa5c: ; ImmutableOopMap {rbp=Oop }
                      ;*getfield jar {reexecute=1 rethrow=0 return_oop=0}
                      ; - (reexecute) jdk.internal.loader.URLClassPath$JarLoader$2::getInputStream@4 (line 848)
                      ; - jdk.internal.loader.Resource::cachedInputStream@9 (line 77)
                      ; - jdk.internal.loader.Resource::getByteBuffer@1 (line 163)
                      ; - jdk.internal.loader.BuiltinClassLoader::defineClass@45 (line 853)
                      ; - jdk.internal.loader.BuiltinClassLoader::findClassOnClassPathOrNull@37 (line 760)
  0x00000224ed84aa5c: a09b 2dff 

  0x00000224ed84aa60: ;   {other}
  0x00000224ed84aa60: 0f1f 8400 | d093 00eb | baf6 ffff | ff4c 8b4c | 2448 4c89 | 4c24 204c | 895c 2440 | 4c89 5c24 
  0x00000224ed84aa80: 4844 8954 | 2450 4489 | 4424 5490 

  0x00000224ed84aa8c: ;   {runtime_call UncommonTrapBlob}
  0x00000224ed84aa8c: c5f8 77e8 

  0x00000224ed84aa90: ; ImmutableOopMap {[32]=Oop [64]=Oop [72]=Oop [80]=NarrowOop [84]=NarrowOop [112]=Oop [120]=NarrowOop [144]=Oop }
                      ;*getfield zsrc {reexecute=1 rethrow=0 return_oop=0}
                      ; - (reexecute) java.util.zip.ZipFile::getInputStream@11 (line 372)
                      ; - java.util.jar.JarFile::getInputStream@21 (line 856)
                      ; - jdk.internal.loader.URLClassPath$JarLoader$2::getInputStream@11 (line 848)
                      ; - jdk.internal.loader.Resource::cachedInputStream@9 (line 77)
                      ; - jdk.internal.loader.Resource::getByteBuffer@1 (line 163)
                      ; - jdk.internal.loader.BuiltinClassLoader::defineClass@45 (line 853)
                      ; - jdk.internal.loader.BuiltinClassLoader::findClassOnClassPathOrNull@37 (line 760)
  0x00000224ed84aa90: 6c9b 2dff 

  0x00000224ed84aa94: ;   {other}
  0x00000224ed84aa94: 0f1f 8400 | 0494 00ec | baf6 ffff | ff4c 8b4c | 2448 4c89 | 4c24 204c | 895c 2440 | 4c89 5c24 
  0x00000224ed84aab4: 4844 8954 | 2450 4489 | 4424 5489 | 5c24 5889 | 4424 5c44 | 8954 2460 

  0x00000224ed84aacc: ;   {runtime_call UncommonTrapBlob}
  0x00000224ed84aacc: c5f8 77e8 

  0x00000224ed84aad0: ; ImmutableOopMap {[32]=Oop [64]=Oop [72]=Oop [80]=NarrowOop [84]=NarrowOop [88]=NarrowOop [92]=NarrowOop [96]=NarrowOop [112]=Oop [120]=NarrowOop [144]=Oop }
                      ;*getfield zsrc {reexecute=1 rethrow=0 return_oop=0}
                      ; - (reexecute) java.util.zip.ZipFile::ensureOpen@22 (line 848)
                      ; - java.util.zip.ZipFile::getInputStream@31 (line 375)
                      ; - java.util.jar.JarFile::getInputStream@21 (line 856)
                      ; - jdk.internal.loader.URLClassPath$JarLoader$2::getInputStream@11 (line 848)
                      ; - jdk.internal.loader.Resource::cachedInputStream@9 (line 77)
                      ; - jdk.internal.loader.Resource::getByteBuffer@1 (line 163)
                      ; - jdk.internal.loader.BuiltinClassLoader::defineClass@45 (line 853)
                      ; - jdk.internal.loader.BuiltinClassLoader::findClassOnClassPathOrNull@37 (line 760)
  0x00000224ed84aad0: 2c9b 2dff 

  0x00000224ed84aad4: ;   {other}
  0x00000224ed84aad4: 0f1f 8400 | 4494 00ed | baf6 ffff | ff48 8b4c | 2448 4889 | 4c24 2048 | 8b4c 2470 | 4889 4c24 
  0x00000224ed84aaf4: 284c 895c | 2440 4c89 | 5c24 4844 | 8954 2450 | 4489 4424 | 5489 4424 | 5844 8954 | 245c 4c89 
  0x00000224ed84ab14: 4c24 6890 

  0x00000224ed84ab18: ;   {runtime_call UncommonTrapBlob}
  0x00000224ed84ab18: c5f8 77e8 

  0x00000224ed84ab1c: ; ImmutableOopMap {[32]=Oop [40]=Oop [64]=Oop [72]=Oop [80]=NarrowOop [88]=NarrowOop [92]=NarrowOop [104]=Oop [120]=NarrowOop [144]=Oop }
                      ;*getfield cen {reexecute=1 rethrow=0 return_oop=0}
                      ; - (reexecute) java.util.zip.ZipFile::getInputStream@84 (line 384)
                      ; - java.util.jar.JarFile::getInputStream@21 (line 856)
                      ; - jdk.internal.loader.URLClassPath$JarLoader$2::getInputStream@11 (line 848)
                      ; - jdk.internal.loader.Resource::cachedInputStream@9 (line 77)
                      ; - jdk.internal.loader.Resource::getByteBuffer@1 (line 163)
                      ; - jdk.internal.loader.BuiltinClassLoader::defineClass@45 (line 853)
                      ; - jdk.internal.loader.BuiltinClassLoader::findClassOnClassPathOrNull@37 (line 760)
  0x00000224ed84ab1c: e09a 2dff 

  0x00000224ed84ab20: ;   {other}
  0x00000224ed84ab20: 0f1f 8400 | 9094 00ee | baf6 ffff | ff4c 8b54 | 2448 4c89 | 5424 204c | 8b54 2470 | 4c89 5424 
  0x00000224ed84ab40: 2845 8bd6 | 4489 5424 | 3844 8974 | 2468 8974 | 2470 6690 

  0x00000224ed84ab54: ;   {runtime_call UncommonTrapBlob}
  0x00000224ed84ab54: c5f8 77e8 

  0x00000224ed84ab58: ; ImmutableOopMap {[32]=Oop [40]=Oop [56]=NarrowOop [60]=NarrowOop [64]=Oop [80]=NarrowOop [88]=Oop [104]=NarrowOop [120]=NarrowOop [144]=Oop }
                      ;*baload {reexecute=0 rethrow=0 return_oop=0}
                      ; - java.util.zip.ZipUtils::SH@2 (line 207)
                      ; - java.util.zip.ZipUtils::LG@2 (line 211)
                      ; - java.util.zip.ZipUtils::CENSIZ@5 (line 274)
                      ; - java.util.zip.ZipFile$ZipFileInputStream::<init>@12 (line 871)
                      ; - java.util.zip.ZipFile::getInputStream@88 (line 384)
                      ; - java.util.jar.JarFile::getInputStream@21 (line 856)
                      ; - jdk.internal.loader.URLClassPath$JarLoader$2::getInputStream@11 (line 848)
                      ; - jdk.internal.loader.Resource::cachedInputStream@9 (line 77)
                      ; - jdk.internal.loader.Resource::getByteBuffer@1 (line 163)
                      ; - jdk.internal.loader.BuiltinClassLoader::defineClass@45 (line 853)
                      ; - jdk.internal.loader.BuiltinClassLoader::findClassOnClassPathOrNull@37 (line 760)
  0x00000224ed84ab58: a49a 2dff 

  0x00000224ed84ab5c: ;   {other}
  0x00000224ed84ab5c: 0f1f 8400 | cc94 00ef | baf6 ffff | ff4c 8b54 | 2448 4c89 | 5424 2089 | 5c24 3889 | 5c24 6890 
  0x00000224ed84ab7c: ;   {runtime_call UncommonTrapBlob}
  0x00000224ed84ab7c: c5f8 77e8 

  0x00000224ed84ab80: ; ImmutableOopMap {[32]=Oop [56]=NarrowOop [60]=NarrowOop [64]=Oop [80]=NarrowOop [88]=Oop [104]=NarrowOop [112]=Oop [120]=NarrowOop [144]=Oop }
                      ;*getfield zsrc {reexecute=1 rethrow=0 return_oop=0}
                      ; - (reexecute) java.util.zip.ZipFile$ZipFileInputStream::<init>@84 (line 880)
                      ; - java.util.zip.ZipFile::getInputStream@88 (line 384)
                      ; - java.util.jar.JarFile::getInputStream@21 (line 856)
                      ; - jdk.internal.loader.URLClassPath$JarLoader$2::getInputStream@11 (line 848)
                      ; - jdk.internal.loader.Resource::cachedInputStream@9 (line 77)
                      ; - jdk.internal.loader.Resource::getByteBuffer@1 (line 163)
                      ; - jdk.internal.loader.BuiltinClassLoader::defineClass@45 (line 853)
                      ; - jdk.internal.loader.BuiltinClassLoader::findClassOnClassPathOrNull@37 (line 760)
  0x00000224ed84ab80: 7c9a 2dff 

  0x00000224ed84ab84: ;   {other}
  0x00000224ed84ab84: 0f1f 8400 | f494 00f0 | baf6 ffff | ff4c 8b54 | 2448 4c89 | 5424 2089 | 5c24 3889 | 5c24 6890 
  0x00000224ed84aba4: ;   {runtime_call UncommonTrapBlob}
  0x00000224ed84aba4: c5f8 77e8 

  0x00000224ed84aba8: ; ImmutableOopMap {[32]=Oop [56]=NarrowOop [60]=NarrowOop [64]=Oop [80]=NarrowOop [88]=Oop [104]=NarrowOop [112]=Oop [120]=NarrowOop [144]=Oop }
                      ;*getfield locpos {reexecute=1 rethrow=0 return_oop=0}
                      ; - (reexecute) java.util.zip.ZipFile$ZipFileInputStream::<init>@87 (line 880)
                      ; - java.util.zip.ZipFile::getInputStream@88 (line 384)
                      ; - java.util.jar.JarFile::getInputStream@21 (line 856)
                      ; - jdk.internal.loader.URLClassPath$JarLoader$2::getInputStream@11 (line 848)
                      ; - jdk.internal.loader.Resource::cachedInputStream@9 (line 77)
                      ; - jdk.internal.loader.Resource::getByteBuffer@1 (line 163)
                      ; - jdk.internal.loader.BuiltinClassLoader::defineClass@45 (line 853)
                      ; - jdk.internal.loader.BuiltinClassLoader::findClassOnClassPathOrNull@37 (line 760)
  0x00000224ed84aba8: 549a 2dff 

  0x00000224ed84abac: ;   {other}
  0x00000224ed84abac: 0f1f 8400 | 1c95 00f1 | baf6 ffff | ff4c 8b5c | 2448 4c89 | 5c24 204c | 8b5c 2470 | 4c89 5c24 
  0x00000224ed84abcc: 2889 5c24 | 3844 8954 | 2470 6690 

  0x00000224ed84abd8: ;   {runtime_call UncommonTrapBlob}
  0x00000224ed84abd8: c5f8 77e8 

  0x00000224ed84abdc: ; ImmutableOopMap {[32]=Oop [40]=Oop [56]=NarrowOop [60]=NarrowOop [64]=Oop [80]=NarrowOop [88]=Oop [104]=NarrowOop [120]=NarrowOop [144]=Oop }
                      ;*baload {reexecute=0 rethrow=0 return_oop=0}
                      ; - java.util.zip.ZipUtils::SH@2 (line 207)
                      ; - java.util.zip.ZipUtils::CENHOW@5 (line 271)
                      ; - java.util.zip.ZipFile::getInputStream@98 (line 385)
                      ; - java.util.jar.JarFile::getInputStream@21 (line 856)
                      ; - jdk.internal.loader.URLClassPath$JarLoader$2::getInputStream@11 (line 848)
                      ; - jdk.internal.loader.Resource::cachedInputStream@9 (line 77)
                      ; - jdk.internal.loader.Resource::getByteBuffer@1 (line 163)
                      ; - jdk.internal.loader.BuiltinClassLoader::defineClass@45 (line 853)
                      ; - jdk.internal.loader.BuiltinClassLoader::findClassOnClassPathOrNull@37 (line 760)
  0x00000224ed84abdc: 209a 2dff 

  0x00000224ed84abe0: ;   {other}
  0x00000224ed84abe0: 0f1f 8400 | 5095 00f2 | baf6 ffff | ff4c 8b54 | 2448 4c89 | 5424 2044 | 8944 2454 | 4889 4424 
  0x00000224ed84ac00: 5844 8944 | 2460 6690 

  0x00000224ed84ac08: ;   {runtime_call UncommonTrapBlob}
  0x00000224ed84ac08: c5f8 77e8 

  0x00000224ed84ac0c: ; ImmutableOopMap {[32]=Oop [64]=Oop [80]=NarrowOop [84]=NarrowOop [88]=Oop [96]=NarrowOop [112]=Oop [120]=NarrowOop [144]=Oop }
                      ;*invokevirtual getInflater {reexecute=0 rethrow=0 return_oop=0}
                      ; - java.util.zip.ZipFile$ZipFileInflaterInputStream::<init>@5 (line 434)
                      ; - java.util.zip.ZipFile::getInputStream@216 (line 401)
                      ; - java.util.jar.JarFile::getInputStream@21 (line 856)
                      ; - jdk.internal.loader.URLClassPath$JarLoader$2::getInputStream@11 (line 848)
                      ; - jdk.internal.loader.Resource::cachedInputStream@9 (line 77)
                      ; - jdk.internal.loader.Resource::getByteBuffer@1 (line 163)
                      ; - jdk.internal.loader.BuiltinClassLoader::defineClass@45 (line 853)
                      ; - jdk.internal.loader.BuiltinClassLoader::findClassOnClassPathOrNull@37 (line 760)
  0x00000224ed84ac0c: f099 2dff 

  0x00000224ed84ac10: ;   {other}
  0x00000224ed84ac10: 0f1f 8400 | 8095 00f3 | baf6 ffff | ff4c 8b54 | 2448 4c89 | 5424 204c | 8b54 2470 | 4c89 5424 
  0x00000224ed84ac30: 2844 8b5c | 2478 4489 | 5c24 3044 | 8b54 2450 | 4489 5424 | 3844 8b94 | 2480 0000 | 0044 8954 
  0x00000224ed84ac50: 2478 6690 

  0x00000224ed84ac54: ;   {runtime_call UncommonTrapBlob}
  0x00000224ed84ac54: c5f8 77e8 

  0x00000224ed84ac58: ; ImmutableOopMap {[32]=Oop [40]=Oop [48]=NarrowOop [56]=NarrowOop [60]=NarrowOop [64]=Oop [84]=NarrowOop [88]=Oop [104]=Oop [124]=NarrowOop [144]=Oop }
                      ;*invokeinterface poll {reexecute=0 rethrow=0 return_oop=0}
                      ; - java.util.zip.ZipFile$CleanableResource::getInflater@11 (line 738)
                      ; - java.util.zip.ZipFile$ZipFileInflaterInputStream::<init>@5 (line 434)
                      ; - java.util.zip.ZipFile::getInputStream@216 (line 401)
                      ; - java.util.jar.JarFile::getInputStream@21 (line 856)
                      ; - jdk.internal.loader.URLClassPath$JarLoader$2::getInputStream@11 (line 848)
                      ; - jdk.internal.loader.Resource::cachedInputStream@9 (line 77)
                      ; - jdk.internal.loader.Resource::getByteBuffer@1 (line 163)
                      ; - jdk.internal.loader.BuiltinClassLoader::defineClass@45 (line 853)
                      ; - jdk.internal.loader.BuiltinClassLoader::findClassOnClassPathOrNull@37 (line 760)
  0x00000224ed84ac58: a499 2dff 

  0x00000224ed84ac5c: ;   {other}
  0x00000224ed84ac5c: 0f1f 8400 | cc95 00f4 | baf6 ffff | ff4c 8b54 | 2448 4c89 | 5424 204c | 8b54 2470 | 4c89 5424 
  0x00000224ed84ac7c: 2844 8b54 | 2478 4489 | 5424 3044 | 8b54 2450 | 4489 5424 | 3844 8b94 | 2480 0000 | 0044 8954 
  0x00000224ed84ac9c: 2478 89bc | 2488 0000 | 0066 6690 

  0x00000224ed84aca8: ;   {runtime_call UncommonTrapBlob}
  0x00000224ed84aca8: c5f8 77e8 

  0x00000224ed84acac: ; ImmutableOopMap {[32]=Oop [40]=Oop [48]=NarrowOop [56]=NarrowOop [60]=NarrowOop [64]=Oop [84]=NarrowOop [88]=Oop [104]=Oop [124]=NarrowOop [144]=Oop }
                      ;*aaload {reexecute=0 rethrow=0 return_oop=0}
                      ; - java.util.ArrayDeque::elementAt@2 (line 258)
                      ; - java.util.ArrayDeque::pollFirst@12 (line 378)
                      ; - java.util.ArrayDeque::poll@1 (line 536)
                      ; - java.util.zip.ZipFile$CleanableResource::getInflater@11 (line 738)
                      ; - java.util.zip.ZipFile$ZipFileInflaterInputStream::<init>@5 (line 434)
                      ; - java.util.zip.ZipFile::getInputStream@216 (line 401)
                      ; - java.util.jar.JarFile::getInputStream@21 (line 856)
                      ; - jdk.internal.loader.URLClassPath$JarLoader$2::getInputStream@11 (line 848)
                      ; - jdk.internal.loader.Resource::cachedInputStream@9 (line 77)
                      ; - jdk.internal.loader.Resource::getByteBuffer@1 (line 163)
                      ; - jdk.internal.loader.BuiltinClassLoader::defineClass@45 (line 853)
                      ; - jdk.internal.loader.BuiltinClassLoader::findClassOnClassPathOrNull@37 (line 760)
  0x00000224ed84acac: 5099 2dff 

  0x00000224ed84acb0: ;   {other}
  0x00000224ed84acb0: 0f1f 8400 | 2096 00f5 | baf6 ffff | ff4c 8b54 | 2448 4c89 | 5424 2044 | 8b54 243c | 4489 5424 
  0x00000224ed84acd0: 384c 8944 | 2458 6690 

  0x00000224ed84acd8: ;   {runtime_call UncommonTrapBlob}
  0x00000224ed84acd8: c5f8 77e8 

  0x00000224ed84acdc: ; ImmutableOopMap {[32]=Oop [56]=NarrowOop [60]=NarrowOop [64]=Oop [88]=Oop [112]=Oop [120]=NarrowOop [144]=Oop }
                      ;*monitorenter {reexecute=0 rethrow=0 return_oop=0}
                      ; - java.util.zip.ZipFile::getInputStream@226 (line 402)
                      ; - java.util.jar.JarFile::getInputStream@21 (line 856)
                      ; - jdk.internal.loader.URLClassPath$JarLoader$2::getInputStream@11 (line 848)
                      ; - jdk.internal.loader.Resource::cachedInputStream@9 (line 77)
                      ; - jdk.internal.loader.Resource::getByteBuffer@1 (line 163)
                      ; - jdk.internal.loader.BuiltinClassLoader::defineClass@45 (line 853)
                      ; - jdk.internal.loader.BuiltinClassLoader::findClassOnClassPathOrNull@37 (line 760)
  0x00000224ed84acdc: 2099 2dff 

  0x00000224ed84ace0: ;   {other}
  0x00000224ed84ace0: 0f1f 8400 | 5096 00f6 | baf6 ffff | ff4c 8b54 | 2448 4c89 | 5424 204c | 8b54 2470 | 4c89 5424 
  0x00000224ed84ad00: 2844 8b54 | 243c 4489 | 5424 384c | 894c 2468 | 4c89 4424 | 7066 6690 

  0x00000224ed84ad18: ;   {runtime_call UncommonTrapBlob}
  0x00000224ed84ad18: c5f8 77e8 

  0x00000224ed84ad1c: ; ImmutableOopMap {[32]=Oop [40]=Oop [56]=NarrowOop [60]=NarrowOop [64]=Oop [104]=Oop [112]=Oop [120]=NarrowOop [144]=Oop }
                      ;*invokeinterface put {reexecute=0 rethrow=0 return_oop=0}
                      ; - java.util.Collections$SetFromMap::add@8 (line 5929)
                      ; - java.util.zip.ZipFile::getInputStream@231 (line 403)
                      ; - java.util.jar.JarFile::getInputStream@21 (line 856)
                      ; - jdk.internal.loader.URLClassPath$JarLoader$2::getInputStream@11 (line 848)
                      ; - jdk.internal.loader.Resource::cachedInputStream@9 (line 77)
                      ; - jdk.internal.loader.Resource::getByteBuffer@1 (line 163)
                      ; - jdk.internal.loader.BuiltinClassLoader::defineClass@45 (line 853)
                      ; - jdk.internal.loader.BuiltinClassLoader::findClassOnClassPathOrNull@37 (line 760)
  0x00000224ed84ad1c: e098 2dff 

  0x00000224ed84ad20: ;   {other}
  0x00000224ed84ad20: 0f1f 8400 | 9096 00f7 | baf6 ffff | ff4c 8b54 | 2448 4c89 | 5424 2044 | 8b54 243c | 4489 5424 
  0x00000224ed84ad40: 3866 6690 

  0x00000224ed84ad44: ;   {runtime_call UncommonTrapBlob}
  0x00000224ed84ad44: c5f8 77e8 

  0x00000224ed84ad48: ; ImmutableOopMap {[32]=Oop [56]=NarrowOop [60]=NarrowOop [64]=Oop [80]=Oop [88]=Oop [112]=Oop [120]=NarrowOop [144]=Oop }
                      ;*arraylength {reexecute=0 rethrow=0 return_oop=0}
                      ; - java.util.WeakHashMap::put@22 (line 463)
                      ; - java.util.Collections$SetFromMap::add@8 (line 5929)
                      ; - java.util.zip.ZipFile::getInputStream@231 (line 403)
                      ; - java.util.jar.JarFile::getInputStream@21 (line 856)
                      ; - jdk.internal.loader.URLClassPath$JarLoader$2::getInputStream@11 (line 848)
                      ; - jdk.internal.loader.Resource::cachedInputStream@9 (line 77)
                      ; - jdk.internal.loader.Resource::getByteBuffer@1 (line 163)
                      ; - jdk.internal.loader.BuiltinClassLoader::defineClass@45 (line 853)
                      ; - jdk.internal.loader.BuiltinClassLoader::findClassOnClassPathOrNull@37 (line 760)
  0x00000224ed84ad48: b498 2dff 

  0x00000224ed84ad4c: ;   {other}
  0x00000224ed84ad4c: 0f1f 8400 | bc96 00f8 | ba45 ffff | ff48 8b6c | 2438 4c8b | 5c24 484c | 895c 2420 | 4c89 5424 
  0x00000224ed84ad6c: 4044 8944 | 2448 6690 

  0x00000224ed84ad74: ;   {runtime_call UncommonTrapBlob}
  0x00000224ed84ad74: c5f8 77e8 

  0x00000224ed84ad78: ; ImmutableOopMap {rbp=Oop [32]=Oop [64]=Oop [72]=NarrowOop [120]=NarrowOop [128]=Oop }
                      ;*ifnonnull {reexecute=1 rethrow=0 return_oop=0}
                      ; - (reexecute) jdk.internal.access.SharedSecrets::javaUtilJarAccess@5 (line 139)
                      ; - jdk.internal.loader.URLClassPath$JarLoader$2::getManifest@0 (line 852)
                      ; - jdk.internal.loader.BuiltinClassLoader::defineClass@29 (line 848)
                      ; - jdk.internal.loader.BuiltinClassLoader::findClassOnClassPathOrNull@37 (line 760)
  0x00000224ed84ad78: 8498 2dff 

  0x00000224ed84ad7c: ;   {other}
  0x00000224ed84ad7c: 0f1f 8400 | ec96 00f9 | 488b d844 | 8b50 0849 | b800 0000 | 8024 0200 | 004d 03c2 | e9ab b5ff 
  0x00000224ed84ad9c: ff48 8bd8 | 448b 5008 | 49b8 0000 | 0080 2402 | 0000 4d03 | c2e9 92b5 | ffff baf4 | ffff ff4c 
  0x00000224ed84adbc: 8b54 2448 | 4c89 5424 | 2066 6690 

  0x00000224ed84adc8: ;   {runtime_call UncommonTrapBlob}
  0x00000224ed84adc8: c5f8 77e8 

  0x00000224ed84adcc: ; ImmutableOopMap {[32]=Oop [112]=Oop [120]=NarrowOop [128]=Oop [136]=Oop [144]=Oop }
                      ;*checkcast {reexecute=0 rethrow=0 return_oop=0}
                      ; - java.lang.ClassLoader::definePackage@81 (line 2129)
                      ; - java.lang.ClassLoader::getDefinedPackage@32 (line 2267)
                      ; - jdk.internal.loader.BuiltinClassLoader::getAndVerifyPackage@2 (line 902)
                      ; - jdk.internal.loader.BuiltinClassLoader::defineOrCheckPackage@4 (line 877)
                      ; - jdk.internal.loader.ClassLoaders$AppClassLoader::defineOrCheckPackage@4 (line 211)
                      ; - jdk.internal.loader.BuiltinClassLoader::defineClass@40 (line 849)
                      ; - jdk.internal.loader.BuiltinClassLoader::findClassOnClassPathOrNull@37 (line 760)
  0x00000224ed84adcc: 3098 2dff 

  0x00000224ed84add0: ;   {other}
  0x00000224ed84add0: 0f1f 8400 | 4097 00fa | ba45 ffff | ff4c 8b44 | 2448 4c89 | 4424 204c | 8b44 2470 | 4c89 4424 
  0x00000224ed84adf0: 284c 895c | 2458 4489 | 5424 7490 

  0x00000224ed84adfc: ;   {runtime_call UncommonTrapBlob}
  0x00000224ed84adfc: c5f8 77e8 

  0x00000224ed84ae00: ; ImmutableOopMap {[32]=Oop [40]=Oop [88]=Oop [116]=NarrowOop [120]=NarrowOop [128]=Oop [136]=Oop [144]=Oop }
                      ;*ifnonnull {reexecute=1 rethrow=0 return_oop=0}
                      ; - (reexecute) jdk.internal.access.SharedSecrets::javaUtilJarAccess@5 (line 139)
                      ; - jdk.internal.loader.BuiltinClassLoader::isSealed@0 (line 991)
                      ; - jdk.internal.loader.BuiltinClassLoader::getAndVerifyPackage@70 (line 911)
                      ; - jdk.internal.loader.BuiltinClassLoader::defineOrCheckPackage@4 (line 877)
                      ; - jdk.internal.loader.ClassLoaders$AppClassLoader::defineOrCheckPackage@4 (line 211)
                      ; - jdk.internal.loader.BuiltinClassLoader::defineClass@40 (line 849)
                      ; - jdk.internal.loader.BuiltinClassLoader::findClassOnClassPathOrNull@37 (line 760)
  0x00000224ed84ae00: fc97 2dff 

  0x00000224ed84ae04: ;   {other}
  0x00000224ed84ae04: 0f1f 8400 | 7497 00fb | ba45 ffff | ff4c 8b54 | 2448 4c89 | 5424 204c | 895c 2458 | 4489 4c24 
  0x00000224ed84ae24: 6466 6690 

  0x00000224ed84ae28: ;   {runtime_call UncommonTrapBlob}
  0x00000224ed84ae28: c5f8 77e8 

  0x00000224ed84ae2c: ; ImmutableOopMap {[32]=Oop [88]=Oop [100]=NarrowOop [112]=Oop [120]=NarrowOop [128]=Oop [136]=Oop [144]=Oop }
                      ;*ifnull {reexecute=1 rethrow=0 return_oop=0}
                      ; - (reexecute) jdk.internal.loader.BuiltinClassLoader::isSealed@50 (line 996)
                      ; - jdk.internal.loader.BuiltinClassLoader::getAndVerifyPackage@70 (line 911)
                      ; - jdk.internal.loader.BuiltinClassLoader::defineOrCheckPackage@4 (line 877)
                      ; - jdk.internal.loader.ClassLoaders$AppClassLoader::defineOrCheckPackage@4 (line 211)
                      ; - jdk.internal.loader.BuiltinClassLoader::defineClass@40 (line 849)
                      ; - jdk.internal.loader.BuiltinClassLoader::findClassOnClassPathOrNull@37 (line 760)
  0x00000224ed84ae2c: d097 2dff 

  0x00000224ed84ae30: ;   {other}
  0x00000224ed84ae30: 0f1f 8400 | a097 00fc | 488b d80f | 1f44 0000 | e952 b4ff | ff48 8bd8 | e94a b4ff | ff48 8bd8 
  0x00000224ed84ae50: e942 b4ff | ff48 8bd8 | e93a b4ff | ff48 8944 | 2430 4c8b | 5424 484c | 8954 2420 | 488b 5424 
  0x00000224ed84ae70: 5066 6690 

  0x00000224ed84ae74: ;   {static_call}
  0x00000224ed84ae74: c5f8 77e8 

  0x00000224ed84ae78: ; ImmutableOopMap {[32]=Oop [48]=Oop [56]=Oop [64]=Oop [112]=Oop [120]=NarrowOop [144]=Oop }
                      ;*invokestatic end {reexecute=0 rethrow=0 return_oop=0}
                      ; - java.io.FileInputStream::open@19 (line 215)
                      ; - java.io.FileInputStream::<init>@96 (line 152)
                      ; - jdk.internal.loader.URLClassPath$FileLoader$1::getInputStream@8 (line 1119)
                      ; - jdk.internal.loader.Resource::cachedInputStream@9 (line 77)
                      ; - jdk.internal.loader.Resource::getByteBuffer@1 (line 163)
                      ; - jdk.internal.loader.BuiltinClassLoader::defineClass@45 (line 853)
                      ; - jdk.internal.loader.BuiltinClassLoader::findClassOnClassPathOrNull@37 (line 760)
  0x00000224ed84ae78: 0442 2dff 

  0x00000224ed84ae7c: ;   {other}
  0x00000224ed84ae7c: 0f1f 8400 | ec97 00fd | 488b 5c24 | 30e9 09b4 | ffff 488b | d8e9 01b4 | ffff 488b | d8e9 f9b3 
  0x00000224ed84ae9c: ffff baf6 | ffff ff4c | 8b54 2448 | 4c89 5424 | 2066 6690 

  0x00000224ed84aeb0: ;   {runtime_call UncommonTrapBlob}
  0x00000224ed84aeb0: c5f8 77e8 

  0x00000224ed84aeb4: ; ImmutableOopMap {[32]=Oop [112]=Oop [120]=NarrowOop [128]=Oop [136]=Oop [144]=Oop }
                      ;*arraylength {reexecute=0 rethrow=0 return_oop=0}
                      ; - java.lang.String::length@4 (line 1519)
                      ; - java.lang.String::equalsIgnoreCase@14 (line 1992)
                      ; - jdk.internal.loader.BuiltinClassLoader::isSealed@67 (line 998)
                      ; - jdk.internal.loader.BuiltinClassLoader::getAndVerifyPackage@70 (line 911)
                      ; - jdk.internal.loader.BuiltinClassLoader::defineOrCheckPackage@4 (line 877)
                      ; - jdk.internal.loader.ClassLoaders$AppClassLoader::defineOrCheckPackage@4 (line 211)
                      ; - jdk.internal.loader.BuiltinClassLoader::defineClass@40 (line 849)
                      ; - jdk.internal.loader.BuiltinClassLoader::findClassOnClassPathOrNull@37 (line 760)
  0x00000224ed84aeb4: 4897 2dff 

  0x00000224ed84aeb8: ;   {other}
  0x00000224ed84aeb8: 0f1f 8400 | 2898 00fe | 488b d8e9 | 2fb3 ffff | 488b d8e9 | 27b3 ffff | 488b d8e9 | 1fb3 ffff 
  0x00000224ed84aed8: 488b d80f | 1f44 0000 | e912 b3ff | ffba f6ff | ffff 6690 

  0x00000224ed84aeec: ;   {runtime_call UncommonTrapBlob}
  0x00000224ed84aeec: c5f8 77e8 

  0x00000224ed84aef0: ; ImmutableOopMap {}
                      ;*invokevirtual getBaseURL {reexecute=0 rethrow=0 return_oop=0}
                      ; - jdk.internal.loader.URLClassPath$FileLoader$1::getCodeSourceURL@4 (line 1117)
                      ; - jdk.internal.loader.BuiltinClassLoader::defineClass@1 (line 842)
                      ; - jdk.internal.loader.BuiltinClassLoader::findClassOnClassPathOrNull@37 (line 760)
  0x00000224ed84aef0: 0c97 2dff 

  0x00000224ed84aef4: ;   {other}
  0x00000224ed84aef4: 0f1f 8400 | 6498 00ff | 488b d890 | e952 b2ff | ffba 45ff | ffff 488b | 6c24 204c | 8b44 2428 
  0x00000224ed84af14: 4c89 4424 | 2044 8b44 | 2440 4489 | 4424 284c | 8b44 2450 | 4c89 4424 | 384c 8b44 | 2448 4c89 
  0x00000224ed84af34: 4424 404c | 8954 2448 | 4c89 5c24 | 5866 6690 

  0x00000224ed84af44: ;   {runtime_call UncommonTrapBlob}
  0x00000224ed84af44: c5f8 77e8 

  0x00000224ed84af48: ; ImmutableOopMap {rbp=Oop [32]=Oop [40]=NarrowOop [56]=Oop [64]=Oop [72]=Oop [88]=Oop [128]=Oop }
                      ;*ifnull {reexecute=1 rethrow=0 return_oop=0}
                      ; - (reexecute) java.util.jar.JarFile::getManifestFromReference@148 (line 433)
                      ; - java.util.jar.JarFile::getManifest@1 (line 405)
                      ; - jdk.internal.loader.URLClassPath$JarLoader$2::getManifest@22 (line 853)
                      ; - jdk.internal.loader.BuiltinClassLoader::defineClass@29 (line 848)
                      ; - jdk.internal.loader.BuiltinClassLoader::findClassOnClassPathOrNull@37 (line 760)
  0x00000224ed84af48: b496 2dff 

  0x00000224ed84af4c: ;   {other}
  0x00000224ed84af4c: 0f1f 8400 | 0000 0000 | 488b d8e9 | fbb1 ffff | 488b d890 | e9f2 b1ff | ff48 8bd8 | 448b 5008 
  0x00000224ed84af6c: 49b8 0000 | 0080 2402 | 0000 4d03 | c2e9 cab3 | ffff 488b | d8e9 d1b1 | ffff 488b | d8e9 c9b1 
  0x00000224ed84af8c: ffff 4c8b | d0eb 034c | 8bd0 498b | dae9 c2cc | ffff 488b | d844 8b58 | 0849 b800 | 0000 8024 
  0x00000224ed84afac: 0200 004d | 03c3 e991 | b3ff ff48 | 8bd8 e938 | b2ff ff48 | 8bd8 e930 | b2ff ff48 | 8bd8 e928 
  0x00000224ed84afcc: b2ff ff48 | 8bd8 e920 | b2ff ff48 | 8bd8 e918 | b2ff ff48 | 8bd8 e910 | b2ff ff48 | 8bd8 e968 
  0x00000224ed84afec: b1ff ff48 | 8bd8 e960 | b1ff ff48 | 8bd8 448b | 5808 49b8 | 0000 0080 | 2402 0000 | 4d03 c3e9 
  0x00000224ed84b00c: 38b3 ffff | baf6 ffff | ff4c 8b54 | 2448 4c89 | 5424 2044 | 8b5c 243c | 458b d344 | 8954 2438 
  0x00000224ed84b02c: ;   {runtime_call UncommonTrapBlob}
  0x00000224ed84b02c: c5f8 77e8 

  0x00000224ed84b030: ; ImmutableOopMap {[32]=Oop [56]=NarrowOop [60]=NarrowOop [64]=Oop [80]=Oop [88]=Oop [112]=Oop [120]=NarrowOop [144]=Oop }
                      ;*arraylength {reexecute=0 rethrow=0 return_oop=0}
                      ; - java.util.IdentityHashMap::put@13 (line 439)
                      ; - java.util.Collections$SetFromMap::add@8 (line 5929)
                      ; - java.util.zip.ZipFile::getInputStream@231 (line 403)
                      ; - java.util.jar.JarFile::getInputStream@21 (line 856)
                      ; - jdk.internal.loader.URLClassPath$JarLoader$2::getInputStream@11 (line 848)
                      ; - jdk.internal.loader.Resource::cachedInputStream@9 (line 77)
                      ; - jdk.internal.loader.Resource::getByteBuffer@1 (line 163)
                      ; - jdk.internal.loader.BuiltinClassLoader::defineClass@45 (line 853)
                      ; - jdk.internal.loader.BuiltinClassLoader::findClassOnClassPathOrNull@37 (line 760)
  0x00000224ed84b030: cc95 2dff 

  0x00000224ed84b034: ;   {other}
  0x00000224ed84b034: 0f1f 8400 | 0000 0000 | ba97 ffff | ff48 8b6c | 2428 4c8b | 5424 504c | 8954 2448 

  0x00000224ed84b050: ;   {runtime_call UncommonTrapBlob}
  0x00000224ed84b050: c5f8 77e8 

  0x00000224ed84b054: ; ImmutableOopMap {rbp=Oop [32]=Oop [68]=NarrowOop [72]=Oop [80]=Oop [112]=Oop [120]=NarrowOop }
                      ;*invokevirtual clone {reexecute=1 rethrow=0 return_oop=0}
                      ; - (reexecute) java.util.Arrays::copyOfRange@18 (line 3856)
                      ; - java.lang.StringLatin1::newString@16 (line 752)
                      ; - java.lang.String::substring@41 (line 2839)
                      ; - jdk.internal.loader.BuiltinClassLoader::defineClass@23 (line 847)
                      ; - jdk.internal.loader.BuiltinClassLoader::findClassOnClassPathOrNull@37 (line 760)
  0x00000224ed84b054: a895 2dff 

  0x00000224ed84b058: ;   {other}
  0x00000224ed84b058: 0f1f 8400 | 0000 0000 | 4c8b d0eb | 084c 8bd0 | eb03 4c8b | d049 8bda | e9eb cbff | ffba f6ff 
  0x00000224ed84b078: ffff 4c8b | 5424 484c | 8954 2420 | 448b 5c24 | 3c45 8bd3 | 4489 5424 | 3866 6690 

  0x00000224ed84b094: ;   {runtime_call UncommonTrapBlob}
  0x00000224ed84b094: c5f8 77e8 

  0x00000224ed84b098: ; ImmutableOopMap {[32]=Oop [56]=NarrowOop [60]=NarrowOop [64]=Oop [80]=Oop [88]=Oop [112]=Oop [120]=NarrowOop [144]=Oop }
                      ;*arraylength {reexecute=0 rethrow=0 return_oop=0}
                      ; - java.util.IdentityHashMap::put@13 (line 439)
                      ; - java.util.Collections$SetFromMap::add@8 (line 5929)
                      ; - java.util.zip.ZipFile::getInputStream@231 (line 403)
                      ; - java.util.jar.JarFile::getInputStream@21 (line 856)
                      ; - jdk.internal.loader.URLClassPath$JarLoader$2::getInputStream@11 (line 848)
                      ; - jdk.internal.loader.Resource::cachedInputStream@9 (line 77)
                      ; - jdk.internal.loader.Resource::getByteBuffer@1 (line 163)
                      ; - jdk.internal.loader.BuiltinClassLoader::defineClass@45 (line 853)
                      ; - jdk.internal.loader.BuiltinClassLoader::findClassOnClassPathOrNull@37 (line 760)
  0x00000224ed84b098: 6495 2dff 

  0x00000224ed84b09c: ;   {other}
  0x00000224ed84b09c: 0f1f 8400 | 0000 0000 | 488b d8e9 | ebb1 ffff | 488b d8e9 | e3b1 ffff | 488b d8e9 | dbb1 ffff 
  0x00000224ed84b0bc: 488b d890 | e932 b1ff | ff48 8bd8 | e92a b1ff | ff48 8bd8 | e9c2 b1ff | ff48 8bd8 | e997 0100 
  0x00000224ed84b0dc: 004c 8bd0 | eb03 4c8b | d049 8bda | e987 0100 | 0048 8bd8 | e97f 0100 | 0048 8bd8 | e977 0100 
  0x00000224ed84b0fc: 004c 8b54 | 2440 4c89 

  0x00000224ed84b104: ;   {metadata({type array byte})}
  0x00000224ed84b104: 5424 2048 | ba68 2200 | 8024 0200 | 0066 6690 

  0x00000224ed84b114: ;   {runtime_call _new_array_Java}
  0x00000224ed84b114: c5f8 77e8 

  0x00000224ed84b118: ; ImmutableOopMap {rbp=Oop [32]=Oop [72]=Oop [112]=Oop [120]=NarrowOop [128]=Oop [144]=Oop }
                      ;*new {reexecute=1 rethrow=0 return_oop=1}
                      ; - (reexecute) jdk.internal.loader.BuiltinClassLoader::defineOrCheckPackage@67 (line 889)
                      ; - jdk.internal.loader.ClassLoaders$AppClassLoader::defineOrCheckPackage@4 (line 211)
                      ; - jdk.internal.loader.BuiltinClassLoader::defineClass@40 (line 849)
                      ; - jdk.internal.loader.BuiltinClassLoader::findClassOnClassPathOrNull@37 (line 760)
  0x00000224ed84b118: 6436 3aff 

  0x00000224ed84b11c: ;   {other}
  0x00000224ed84b11c: 0f1f 8400 | 0000 0000 | 4c8b 5c24 | 204c 895c | 2440 488b | d8e9 0803 | 0000 4c8b | d0e9 3301 
  0x00000224ed84b13c: 0000 4c8b | d0e9 2b01 | 0000 4c8b | d0e9 2301 | 0000 4c8b | d0e9 1b01 | 0000 4c8b | d0e9 1301 
  0x00000224ed84b15c: 0000 4c8b | d0e9 0b01 | 0000 4c8b | d0e9 0301 | 0000 4c8b | d0e9 fb00 | 0000 4c8b | d0e9 f300 
  0x00000224ed84b17c: 0000 4c8b | d0e9 eb00 | 0000 4c8b | d0e9 e300 | 0000 4c8b | d0e9 db00 | 0000 4c8b | d0e9 d300 
  0x00000224ed84b19c: 0000 4c8b | d0e9 cb00 | 0000 4c8b | d0e9 c300 | 0000 4c8b | d0e9 bb00 | 0000 488b | d844 8b50 
  0x00000224ed84b1bc: 0849 bb00 | 0000 8024 | 0200 004d | 03da 4d8b | 5350 4c3b | d50f 859d | 0000 0045 | 33c9 eb29 
  0x00000224ed84b1dc: 488b d844 | 8b58 0849 | ba00 0000 | 8024 0200 | 004d 03d3 | 4d8b 5250 | 4c3b d50f | 8577 0000 
  0x00000224ed84b1fc: 004c 8b8c | 2488 0000 | 0048 8b94 | 2490 0000 | 004c 8b84 | 2480 0000 | 0048 8b7c 

  0x00000224ed84b218: ;   {no_reloc}
  0x00000224ed84b218: 2428 6690 

  0x00000224ed84b21c: ;   {optimized virtual_call}
  0x00000224ed84b21c: c5f8 77e8 

  0x00000224ed84b220: ; ImmutableOopMap {[40]=Oop [72]=Oop [112]=Oop [120]=NarrowOop [128]=Oop [144]=Oop }
                      ;*invokevirtual getAndVerifyPackage {reexecute=0 rethrow=0 return_oop=1}
                      ; - jdk.internal.loader.BuiltinClassLoader::defineOrCheckPackage@53 (line 887)
                      ; - jdk.internal.loader.ClassLoaders$AppClassLoader::defineOrCheckPackage@4 (line 211)
                      ; - jdk.internal.loader.BuiltinClassLoader::defineClass@40 (line 849)
                      ; - jdk.internal.loader.BuiltinClassLoader::findClassOnClassPathOrNull@37 (line 760)
  0x00000224ed84b220: 5c38 2dff 

  0x00000224ed84b224: ;   {other}
  0x00000224ed84b224: 0f1f 8400 | 0000 0000 | 4885 c00f | 84f6 0000 | 0048 8b74 | 2420 4c8b | 4c24 2890 | e999 8aff 
  0x00000224ed84b244: ff4c 8bd0 | e924 0000 | 004c 8bd0 | e91c 0000 | 004c 8bd0 | eb17 4c8b | d0eb 124c | 8bd0 eb0d 
  0x00000224ed84b264: 4c8b d0eb | 084c 8bd0 | eb03 4c8b | d049 8bda | 448b 5308 | 49b8 0000 | 0080 2402 | 0000 4d03 
  0x00000224ed84b284: c2e9 beb0 | ffff 41bb | 2a00 0000 | 498b f18b | ca83 e10f | 83e2 f074 | 1c48 8d34 | 1648 8d3c 
  0x00000224ed84b2a4: 5748 f7da | c4e2 7d30 | 0416 c5fe | 7f04 5748 | 83c2 1075 | ef8b d183 | e107 83e2 | f874 27c4 
  0x00000224ed84b2c4: e279 3006 | c5fa 7f07 | 4883 c608 | 4883 c710 | e911 0000 | 00c4 e279 | 3004 16c5 | fa7f 0457 
  0x00000224ed84b2e4: 4883 c208 | 75ef 8bd1 | 83fa 047c | 19c5 f96e | 06c4 e279 | 30c0 c5f9 | d607 4883 | ea04 4883 
  0x00000224ed84b304: c604 4883 | c708 85d2 | 7418 488d | 3416 488d | 3c57 48f7 | da0f b60c | 1666 890c 

  0x00000224ed84b320: ;   {no_reloc}
  0x00000224ed84b320: 5748 ffc2 | 75f3 e96f | 0100 0049 | 8b87 b801 | 0000 4c8b | d049 83c2 | 280f 1f80 | 0000 0000 
  0x00000224ed84b340: 4d3b 97c8 | 0100 000f | 83e2 0200 | 004d 8997 | b801 0000 | 410f 0d8a | 0001 0000 | 48c7 0001 
  0x00000224ed84b360: ;   {metadata('java/lang/InternalError')}
  0x00000224ed84b360: 0000 00c7 | 4008 8803 | 0100 4489 | 600c 4c89 | 6010 4c89 | 6018 4c89 | 6020 4c8b | d04c 8954 
  0x00000224ed84b380: 2440 488b | ac24 8000 | 0000 440f | be5d 1044 | 895c 2460 | 448b 5514 | 478b 5cd4 | 0c44 8b54 
  0x00000224ed84b3a0: 2460 c442 | 2af7 d341 | 83c2 1545 | 85d2 0f8c | e402 0000 | 448b 4424 | 60c4 4239 | f7c2 6690 
  0x00000224ed84b3c0: 4181 f800 | 0010 000f | 87c3 0200 | 004d 63d0 | 4181 f800 | 0010 000f | 8720 fdff | ff49 8b9f 
  0x00000224ed84b3e0: b801 0000 | 4983 c217 | 4983 e2f8 | 4c8b db4d | 03da 6666 | 0f1f 8400 | 0000 0000 | 6666 6690 
  0x00000224ed84b400: 4d3b 9fc8 | 0100 000f | 83f0 fcff | ff4d 899f | b801 0000 | 410f 0d8b | 0001 0000 | 48c7 0301 
  0x00000224ed84b420: 0000 0041 | 0f0d 8b40 

  0x00000224ed84b428: ;   {metadata({type array byte})}
  0x00000224ed84b428: 0100 00c7 | 4308 6822 | 0000 4489 | 430c 410f | 0d8b 8001 | 0000 488b | fb48 83c7 | 10ba 1500 
  0x00000224ed84b448: ;   {oop([B{0x0000000701b00eb0})}
  0x00000224ed84b448: 0000 49ba | b00e b001 | 0700 0000 

  0x00000224ed84b454: ;   {oop([B{0x0000000701b00eb0})}
  0x00000224ed84b454: 49b9 b00e | b001 0700 | 0000 4983 | c110 448b | 5424 6045 | 85d2 0f85 | 1afe ffff | 41b8 1500 
  0x00000224ed84b474: 0000 498b | c948 8bd7 | c5f8 7749 | bac0 2cb0 | ec24 0200 | 0041 ffd2 

  0x00000224ed84b48c: ;   {other}
  0x00000224ed84b48c: 0f1f 8400 | 0000 0000 | 41bb 1500 | 0000 4e8d | 4c1b 1044 | 8b55 1443 | 8b54 d40c | 4f8d 1cd4 
  0x00000224ed84b4ac: 4f8d 54d4 | 1080 7d10 | 000f 843b | 0100 00d1 | fa4c 63c2 | 498b ca49 | 8bd1 c5f8 | 7749 ba80 
  0x00000224ed84b4cc: 2eb0 ec24 | 0200 0041 

  0x00000224ed84b4d4: ;   {other}
  0x00000224ed84b4d4: ffd2 0f1f | 8400 0000 | 0000 6690 | e999 0000 | 0049 8bf2 | 498b f98b | ca83 e10f | 83e2 f074 
  0x00000224ed84b4f4: 1c48 8d34 | 1648 8d3c | 5748 f7da | c4e2 7d30 | 0416 c5fe | 7f04 5748 | 83c2 1075 | ef8b d183 
  0x00000224ed84b514: e107 83e2 | f874 27c4 | e279 3006 | c5fa 7f07 | 4883 c608 | 4883 c710 | e911 0000 | 00c4 e279 
  0x00000224ed84b534: 3004 16c5 | fa7f 0457 | 4883 c208 | 75ef 8bd1 | 83fa 047c | 19c5 f96e | 06c4 e279 | 30c0 c5f9 
  0x00000224ed84b554: d607 4883 | ea04 4883 | c604 4883 | c708 85d2 | 7418 488d | 3416 488d | 3c57 48f7 | da0f b60c 
  0x00000224ed84b574: 1666 890c | 5748 ffc2 | 75f3 498b | 87b8 0100 | 004c 8bd0 | 4983 c218 | 4d3b 97c8 | 0100 000f 
  0x00000224ed84b594: 83b8 0000 | 004d 8997 | b801 0000 | 410f 0d8a | 0001 0000 | 48c7 0001 

  0x00000224ed84b5ac: ;   {metadata('java/lang/String')}
  0x00000224ed84b5ac: 0000 00c7 | 4008 58e5 | 0000 4489 | 600c 4c89 | 6010 4c8b | c044 8b54 | 2460 4588 | 5010 4c8b 
  0x00000224ed84b5cc: d349 c1ea | 0345 8950 | 1448 8b54 | 2440 6690 

  0x00000224ed84b5dc: ;   {optimized virtual_call}
  0x00000224ed84b5dc: c5f8 77e8 

  0x00000224ed84b5e0: ; ImmutableOopMap {[64]=Oop [72]=Oop [112]=Oop [120]=NarrowOop [144]=Oop }
                      ;*invokespecial <init> {reexecute=0 rethrow=0 return_oop=0}
                      ; - jdk.internal.loader.BuiltinClassLoader::defineOrCheckPackage@87 (line 889)
                      ; - jdk.internal.loader.ClassLoaders$AppClassLoader::defineOrCheckPackage@4 (line 211)
                      ; - jdk.internal.loader.BuiltinClassLoader::defineClass@40 (line 849)
                      ; - jdk.internal.loader.BuiltinClassLoader::findClassOnClassPathOrNull@37 (line 760)
  0x00000224ed84b5e0: 9c34 2dff 

  0x00000224ed84b5e4: ;   {other}
  0x00000224ed84b5e4: 0f1f 8400 | 0000 0000 | 488b 5424 | 40e9 6dc6 | ffff 448b | 4424 600f | 1f44 0000 | 4585 c00f 
  0x00000224ed84b604: 85dc feff | ff4c 63c2 | 498b ca49 | 8bd1 c5f8 | 7749 bac0 | 2cb0 ec24 | 0200 0041 

  0x00000224ed84b620: ;   {other}
  0x00000224ed84b620: ffd2 0f1f | 8400 0000 | 0000 e94f 

  0x00000224ed84b62c: ;   {metadata('java/lang/InternalError')}
  0x00000224ed84b62c: ffff ff48 | ba88 0301 | 8024 0200 | 0066 6690 

  0x00000224ed84b63c: ;   {runtime_call _new_instance_Java}
  0x00000224ed84b63c: c5f8 77e8 

  0x00000224ed84b640: ; ImmutableOopMap {[72]=Oop [112]=Oop [120]=NarrowOop [128]=Oop [144]=Oop }
                      ;*new {reexecute=0 rethrow=0 return_oop=1}
                      ; - jdk.internal.loader.BuiltinClassLoader::defineOrCheckPackage@63 (line 889)
                      ; - jdk.internal.loader.ClassLoaders$AppClassLoader::defineOrCheckPackage@4 (line 211)
                      ; - jdk.internal.loader.BuiltinClassLoader::defineClass@40 (line 849)
                      ; - jdk.internal.loader.BuiltinClassLoader::findClassOnClassPathOrNull@37 (line 760)
  0x00000224ed84b640: 3ce5 39ff 

  0x00000224ed84b644: ;   {other}
  0x00000224ed84b644: 0f1f 8400 | 0000 0000 | e929 fdff | ff48 895c | 2428 4c8b | 5424 404c | 8954 2420 

  0x00000224ed84b660: ;   {metadata('java/lang/String')}
  0x00000224ed84b660: 48ba 58e5 | 0080 2402 | 0000 6690 

  0x00000224ed84b66c: ;   {runtime_call _new_instance_Java}
  0x00000224ed84b66c: c5f8 77e8 

  0x00000224ed84b670: ; ImmutableOopMap {[32]=Oop [40]=Oop [72]=Oop [112]=Oop [120]=NarrowOop [128]=Oop [144]=Oop }
                      ;*new {reexecute=1 rethrow=0 return_oop=1}
                      ; - (reexecute) jdk.internal.loader.BuiltinClassLoader::defineOrCheckPackage@67 (line 889)
                      ; - jdk.internal.loader.ClassLoaders$AppClassLoader::defineOrCheckPackage@4 (line 211)
                      ; - jdk.internal.loader.BuiltinClassLoader::defineClass@40 (line 849)
                      ; - jdk.internal.loader.BuiltinClassLoader::findClassOnClassPathOrNull@37 (line 760)
  0x00000224ed84b670: 0ce5 39ff 

  0x00000224ed84b674: ;   {other}
  0x00000224ed84b674: 0f1f 8400 | 0000 0000 | 4c8b 5424 | 204c 8954 | 2440 488b | 5c24 28e9 | 2eff ffff | 4d63 d0e9 
  0x00000224ed84b694: 38fd ffff | bacc ffff | ff4c 8b54 | 2448 4c89 | 5424 2890 

  0x00000224ed84b6a8: ;   {runtime_call UncommonTrapBlob}
  0x00000224ed84b6a8: c5f8 77e8 

  0x00000224ed84b6ac: ; ImmutableOopMap {[40]=Oop [64]=Oop [112]=Oop [120]=NarrowOop [128]=Oop [144]=Oop }
                      ;*new {reexecute=0 rethrow=0 return_oop=0}
                      ; - jdk.internal.loader.BuiltinClassLoader::defineOrCheckPackage@67 (line 889)
                      ; - jdk.internal.loader.ClassLoaders$AppClassLoader::defineOrCheckPackage@4 (line 211)
                      ; - jdk.internal.loader.BuiltinClassLoader::defineClass@40 (line 849)
                      ; - jdk.internal.loader.BuiltinClassLoader::findClassOnClassPathOrNull@37 (line 760)
  0x00000224ed84b6ac: 508f 2dff 

  0x00000224ed84b6b0: ;   {other}
  0x00000224ed84b6b0: 0f1f 8400 | 0000 0000 | 488b d80f | 1f44 0000 | e94c 0100 | 0048 8bd8 | 448b 5808 | 49ba 0000 
  0x00000224ed84b6d0: 0080 2402 | 0000 4d03 | d34d 8b52 

  0x00000224ed84b6dc: ;   {metadata('java/io/IOException')}
  0x00000224ed84b6dc: 4849 bb40 | 4804 8124 | 0200 004d | 3bd3 0f85 | 2101 0000 | 4c8b d849 | 8b87 b801 | 0000 4c8b 
  0x00000224ed84b6fc: d049 83c2 | 284d 3b97 | c801 0000 | 0f83 b901 | 0000 4d89 | 97b8 0100 | 0041 0f0d | 8a00 0100 
  0x00000224ed84b71c: 0048 c700 | 0100 0000 

  0x00000224ed84b724: ;   {metadata('java/lang/RuntimeException')}
  0x00000224ed84b724: c740 0820 | de05 0044 | 8960 0c4c | 8960 104c | 8960 184c | 8960 2048 | 8be8 488b | d54d 8bc3 
  0x00000224ed84b744: 4c8b 5424 | 504c 8954 | 2448 6690 

  0x00000224ed84b750: ;   {optimized virtual_call}
  0x00000224ed84b750: c5f8 77e8 

  0x00000224ed84b754: ; ImmutableOopMap {rbp=Oop [32]=Oop [40]=Oop [72]=Oop [88]=Oop [120]=NarrowOop [128]=Oop }
                      ;*invokespecial <init> {reexecute=0 rethrow=0 return_oop=0}
                      ; - java.util.jar.JarFile::ensureInitialization@13 (line 1066)
                      ; - java.util.jar.JavaUtilJarAccessImpl::ensureInitialization@1 (line 42)
                      ; - jdk.internal.loader.URLClassPath$JarLoader$2::getManifest@10 (line 852)
                      ; - jdk.internal.loader.BuiltinClassLoader::defineClass@29 (line 848)
                      ; - jdk.internal.loader.BuiltinClassLoader::findClassOnClassPathOrNull@37 (line 760)
  0x00000224ed84b754: 2833 2dff 

  0x00000224ed84b758: ;   {other}
  0x00000224ed84b758: 0f1f 8400 | 0000 0000 | 4c8b 5c24 | 5848 8d84 | 24f0 0000 | 0048 8338 | 000f 8479 | 0000 004d 
  0x00000224ed84b778: 8b13 41f6 | c202 0f84 | 6200 0000 | 4983 ba86 | 0000 0000 | 7409 49ff | 8a86 0000 | 00eb 4b49 
  0x00000224ed84b798: 8b82 9600 | 0000 490b | 828e 0000 | 0075 0a49 | c742 3e00 | 0000 00eb | 3d49 83ba | 9e00 0000 
  0x00000224ed84b7b8: 0074 2248 | 33c0 49c7 | 423e 0000 | 0000 f083 | 0424 0049 | 83ba 9e00 | 0000 0075 | 0df0 4d0f 
  0x00000224ed84b7d8: b17a 3e75 | 0583 c801 | eb0c a800 | eb08 4c8b | 10f0 4d0f | b113 750a | 49ff 8f50 | 0500 0045 
  0x00000224ed84b7f8: 33d2 660f | 1f44 0000 | 0f85 e600 | 0000 488b | d5e9 55c4 | ffff 488b | d84c 8b5c | 2458 488d 
  0x00000224ed84b818: 8424 f000 | 0000 4883 | 3800 0f84 | 7900 0000 | 4d8b 1341 | f6c2 020f | 8462 0000 | 0049 83ba 
  0x00000224ed84b838: 8600 0000 | 0074 0949 | ff8a 8600 | 0000 eb4b | 498b 8296 | 0000 0049 | 0b82 8e00 

  0x00000224ed84b854: ;   {no_reloc}
  0x00000224ed84b854: 0000 750a | 49c7 423e | 0000 0000 | eb3d 4983 | ba9e 0000 | 0000 7422 | 4833 c049 | c742 3e00 
  0x00000224ed84b874: 0000 00f0 | 8304 2400 | 4983 ba9e | 0000 0000 | 750d f04d | 0fb1 7a3e | 7505 83c8 | 01eb 0ca8 
  0x00000224ed84b894: 00eb 084c | 8b10 f04d | 0fb1 1375 | 0a49 ff8f | 5005 0000 | 4533 d20f | 8566 0000 | 0044 8b53 
  0x00000224ed84b8b4: 0849 b800 | 0000 8024 | 0200 004d | 03c2 e981 | aaff ff49 

  0x00000224ed84b8c8: ;   {metadata('java/lang/RuntimeException')}
  0x00000224ed84b8c8: 8beb 48ba | 20de 0580 | 2402 0000 

  0x00000224ed84b8d4: ;   {runtime_call _new_instance_Java}
  0x00000224ed84b8d4: c5f8 77e8 

  0x00000224ed84b8d8: ; ImmutableOopMap {rbp=Oop [32]=Oop [40]=Oop [80]=Oop [88]=Oop [120]=NarrowOop [128]=Oop }
                      ;*new {reexecute=0 rethrow=0 return_oop=1}
                      ; - java.util.jar.JarFile::ensureInitialization@8 (line 1066)
                      ; - java.util.jar.JavaUtilJarAccessImpl::ensureInitialization@1 (line 42)
                      ; - jdk.internal.loader.URLClassPath$JarLoader$2::getManifest@10 (line 852)
                      ; - jdk.internal.loader.BuiltinClassLoader::defineClass@29 (line 848)
                      ; - jdk.internal.loader.BuiltinClassLoader::findClassOnClassPathOrNull@37 (line 760)
  0x00000224ed84b8d8: a4e2 39ff 

  0x00000224ed84b8dc: ;   {other}
  0x00000224ed84b8dc: 0f1f 8400 | 0000 0000 | 4c8b dde9 | 4ffe ffff | 498b cb48 | 8d94 24f0 | 0000 004d | 8bc7 c5f8 
  0x00000224ed84b8fc: 7749 ba00 | 0dce e5fc | 7f00 0041 

  0x00000224ed84b908: ;   {other}
  0x00000224ed84b908: ffd2 0f1f | 8400 0000 | 0000 e9ef | feff ff49 | 8bcb 488d | 9424 f000 | 0000 4d8b | c7c5 f877 
  0x00000224ed84b928: 49ba 000d | cee5 fc7f | 0000 41ff 

  0x00000224ed84b934: ;   {other}
  0x00000224ed84b934: d20f 1f84 | 0000 0000 | 0066 6690 | e96c ffff | ff4c 8bd0 | e99d 0000 | 004c 8b5c | 2428 4c89 
  0x00000224ed84b954: 5c24 2044 | 8b44 2440 | 4489 4424 | 2848 8b54 | 2458 4c8b | c066 6690 

  0x00000224ed84b96c: ;   {optimized virtual_call}
  0x00000224ed84b96c: c5f8 77e8 

  0x00000224ed84b970: ; ImmutableOopMap {rbp=Oop [32]=Oop [40]=NarrowOop [80]=Oop [88]=Oop [128]=Oop }
                      ;*invokevirtual addSuppressed {reexecute=0 rethrow=0 return_oop=0}
                      ; - java.util.jar.JarFile::getManifestFromReference@177 (line 431)
                      ; - java.util.jar.JarFile::getManifest@1 (line 405)
                      ; - jdk.internal.loader.URLClassPath$JarLoader$2::getManifest@22 (line 853)
                      ; - jdk.internal.loader.BuiltinClassLoader::defineClass@29 (line 848)
                      ; - jdk.internal.loader.BuiltinClassLoader::findClassOnClassPathOrNull@37 (line 760)
  0x00000224ed84b970: 0c31 2dff 

  0x00000224ed84b974: ;   {other}
  0x00000224ed84b974: 0f1f 8400 | 0000 0000 | 0f1f 4000 | e95b 0000 | 004c 8bd0 | e95d 0000 | 00eb 1deb | 1b48 8944 
  0x00000224ed84b994: 2458 eb19 | 4c8b d00f | 1f44 0000 | e945 0000 | 004c 8bd0 | eb40 eb00 | 4889 4424 | 584c 8b54 
  0x00000224ed84b9b4: 2438 4d85 | d274 2549 | 8bd2 488b | 6c24 2066 | 6690 c5f8 | 7748 b8ff | ffff ffff 

  0x00000224ed84b9d0: ;   {virtual_call}
  0x00000224ed84b9d0: ffff ffe8 

  0x00000224ed84b9d4: ; ImmutableOopMap {rbp=Oop [40]=Oop [64]=NarrowOop [80]=Oop [88]=Oop [128]=Oop }
                      ;*invokevirtual close {reexecute=0 rethrow=0 return_oop=0}
                      ; - java.util.jar.JarFile::getManifestFromReference@165 (line 431)
                      ; - java.util.jar.JarFile::getManifest@1 (line 405)
                      ; - jdk.internal.loader.URLClassPath$JarLoader$2::getManifest@22 (line 853)
                      ; - jdk.internal.loader.BuiltinClassLoader::defineClass@29 (line 848)
                      ; - jdk.internal.loader.BuiltinClassLoader::findClassOnClassPathOrNull@37 (line 760)
  0x00000224ed84b9d4: a833 2dff 

  0x00000224ed84b9d8: ;   {other}
  0x00000224ed84b9d8: 0f1f 8400 | 0000 0000 | 4c8b 5424 | 58eb 034c | 8bd0 498b | da45 8b5a | 0849 b800 | 0000 8024 
  0x00000224ed84b9f8: 0200 004d | 03c3 6690 | e943 a9ff 

  0x00000224ed84ba04: ;   {internal_word}
  0x00000224ed84ba04: ff49 ba13 | 4e84 ed24 | 0200 004d | 8997 6804 

  0x00000224ed84ba14: ;   {runtime_call SafepointBlob}
  0x00000224ed84ba14: 0000 e9e5 

  0x00000224ed84ba18: ;   {runtime_call StubRoutines (final stubs)}
  0x00000224ed84ba18: 9c2d ffe8 | 4093 2bff | e9d9 66ff | fff4 f4f4 
[Stub Code]
  0x00000224ed84ba28: ;   {no_reloc}
  0x00000224ed84ba28: 48bb 0000 | 0000 0000 

  0x00000224ed84ba30: ;   {runtime_call}
  0x00000224ed84ba30: 0000 e9fb 

  0x00000224ed84ba34: ;   {static_stub}
  0x00000224ed84ba34: ffff ff48 | bb00 0000 | 0000 0000 

  0x00000224ed84ba40: ;   {runtime_call}
  0x00000224ed84ba40: 00e9 fbff 

  0x00000224ed84ba44: ;   {static_stub}
  0x00000224ed84ba44: ffff 48bb | 0000 0000 | 0000 0000 

  0x00000224ed84ba50: ;   {runtime_call}
  0x00000224ed84ba50: e9fb ffff 

  0x00000224ed84ba54: ;   {static_stub}
  0x00000224ed84ba54: ff48 bb00 | 0000 0000 

  0x00000224ed84ba5c: ;   {runtime_call}
  0x00000224ed84ba5c: 0000 00e9 | fbff ffff 

  0x00000224ed84ba64: ;   {static_stub}
  0x00000224ed84ba64: 48bb 0000 | 0000 0000 

  0x00000224ed84ba6c: ;   {runtime_call}
  0x00000224ed84ba6c: 0000 e9fb 

  0x00000224ed84ba70: ;   {static_stub}
  0x00000224ed84ba70: ffff ff48 | bb00 0000 | 0000 0000 

  0x00000224ed84ba7c: ;   {runtime_call}
  0x00000224ed84ba7c: 00e9 fbff 

  0x00000224ed84ba80: ;   {static_stub}
  0x00000224ed84ba80: ffff 48bb | 0000 0000 | 0000 0000 

  0x00000224ed84ba8c: ;   {runtime_call}
  0x00000224ed84ba8c: e9fb ffff 

  0x00000224ed84ba90: ;   {static_stub}
  0x00000224ed84ba90: ff48 bb00 | 0000 0000 

  0x00000224ed84ba98: ;   {runtime_call}
  0x00000224ed84ba98: 0000 00e9 | fbff ffff 

  0x00000224ed84baa0: ;   {static_stub}
  0x00000224ed84baa0: 48bb 0000 | 0000 0000 

  0x00000224ed84baa8: ;   {runtime_call}
  0x00000224ed84baa8: 0000 e9fb 

  0x00000224ed84baac: ;   {static_stub}
  0x00000224ed84baac: ffff ff48 | bb00 0000 | 0000 0000 

  0x00000224ed84bab8: ;   {runtime_call}
  0x00000224ed84bab8: 00e9 fbff 

  0x00000224ed84babc: ;   {static_stub}
  0x00000224ed84babc: ffff 48bb | 0000 0000 | 0000 0000 

  0x00000224ed84bac8: ;   {runtime_call}
  0x00000224ed84bac8: e9fb ffff 

  0x00000224ed84bacc: ;   {static_stub}
  0x00000224ed84bacc: ff48 bb00 | 0000 0000 

  0x00000224ed84bad4: ;   {runtime_call}
  0x00000224ed84bad4: 0000 00e9 | fbff ffff 

  0x00000224ed84badc: ;   {static_stub}
  0x00000224ed84badc: 48bb 0000 | 0000 0000 

  0x00000224ed84bae4: ;   {runtime_call}
  0x00000224ed84bae4: 0000 e9fb 

  0x00000224ed84bae8: ;   {static_stub}
  0x00000224ed84bae8: ffff ff48 | bb00 0000 | 0000 0000 

  0x00000224ed84baf4: ;   {runtime_call}
  0x00000224ed84baf4: 00e9 fbff 

  0x00000224ed84baf8: ;   {static_stub}
  0x00000224ed84baf8: ffff 48bb | 1018 1780 | 2402 0000 

  0x00000224ed84bb04: ;   {runtime_call I2C/C2I adapters}
  0x00000224ed84bb04: e95a 792d 

  0x00000224ed84bb08: ;   {static_stub}
  0x00000224ed84bb08: ff48 bb00 | 0000 0000 

  0x00000224ed84bb10: ;   {runtime_call}
  0x00000224ed84bb10: 0000 00e9 | fbff ffff 

  0x00000224ed84bb18: ;   {static_stub}
  0x00000224ed84bb18: 48bb 0000 | 0000 0000 

  0x00000224ed84bb20: ;   {runtime_call}
  0x00000224ed84bb20: 0000 e9fb 

  0x00000224ed84bb24: ;   {static_stub}
  0x00000224ed84bb24: ffff ff48 | bb00 0000 | 0000 0000 

  0x00000224ed84bb30: ;   {runtime_call}
  0x00000224ed84bb30: 00e9 fbff 

  0x00000224ed84bb34: ;   {static_stub}
  0x00000224ed84bb34: ffff 48bb | 0000 0000 | 0000 0000 

  0x00000224ed84bb40: ;   {runtime_call}
  0x00000224ed84bb40: e9fb ffff 

  0x00000224ed84bb44: ;   {static_stub}
  0x00000224ed84bb44: ff48 bb00 | 0000 0000 

  0x00000224ed84bb4c: ;   {runtime_call}
  0x00000224ed84bb4c: 0000 00e9 | fbff ffff 

  0x00000224ed84bb54: ;   {static_stub}
  0x00000224ed84bb54: 48bb 60e7 | 2080 2402 

  0x00000224ed84bb5c: ;   {runtime_call I2C/C2I adapters}
  0x00000224ed84bb5c: 0000 e993 

  0x00000224ed84bb60: ;   {static_stub}
  0x00000224ed84bb60: 043a ff48 | bb00 0000 | 0000 0000 

  0x00000224ed84bb6c: ;   {runtime_call}
  0x00000224ed84bb6c: 00e9 fbff 

  0x00000224ed84bb70: ;   {static_stub}
  0x00000224ed84bb70: ffff 48bb | 0000 0000 | 0000 0000 

  0x00000224ed84bb7c: ;   {runtime_call}
  0x00000224ed84bb7c: e9fb ffff 

  0x00000224ed84bb80: ;   {static_stub}
  0x00000224ed84bb80: ff48 bb00 | 0000 0000 

  0x00000224ed84bb88: ;   {runtime_call}
  0x00000224ed84bb88: 0000 00e9 | fbff ffff 

  0x00000224ed84bb90: ;   {static_stub}
  0x00000224ed84bb90: 48bb 0000 | 0000 0000 

  0x00000224ed84bb98: ;   {runtime_call}
  0x00000224ed84bb98: 0000 e9fb 

  0x00000224ed84bb9c: ;   {static_stub}
  0x00000224ed84bb9c: ffff ff48 | bb00 0000 | 0000 0000 

  0x00000224ed84bba8: ;   {runtime_call}
  0x00000224ed84bba8: 00e9 fbff 

  0x00000224ed84bbac: ;   {static_stub}
  0x00000224ed84bbac: ffff 48bb | 0000 0000 | 0000 0000 

  0x00000224ed84bbb8: ;   {runtime_call}
  0x00000224ed84bbb8: e9fb ffff 

  0x00000224ed84bbbc: ;   {static_stub}
  0x00000224ed84bbbc: ff48 bb00 | 0000 0000 

  0x00000224ed84bbc4: ;   {runtime_call}
  0x00000224ed84bbc4: 0000 00e9 | fbff ffff 

  0x00000224ed84bbcc: ;   {static_stub}
  0x00000224ed84bbcc: 48bb 0000 | 0000 0000 

  0x00000224ed84bbd4: ;   {runtime_call}
  0x00000224ed84bbd4: 0000 e9fb 

  0x00000224ed84bbd8: ;   {static_stub}
  0x00000224ed84bbd8: ffff ff48 | bb00 0000 | 0000 0000 

  0x00000224ed84bbe4: ;   {runtime_call}
  0x00000224ed84bbe4: 00e9 fbff 

  0x00000224ed84bbe8: ;   {static_stub}
  0x00000224ed84bbe8: ffff 48bb | 0000 0000 | 0000 0000 

  0x00000224ed84bbf4: ;   {runtime_call}
  0x00000224ed84bbf4: e9fb ffff 

  0x00000224ed84bbf8: ;   {static_stub}
  0x00000224ed84bbf8: ff48 bb00 | 0000 0000 

  0x00000224ed84bc00: ;   {runtime_call}
  0x00000224ed84bc00: 0000 00e9 | fbff ffff 

  0x00000224ed84bc08: ;   {static_stub}
  0x00000224ed84bc08: 48bb 0000 | 0000 0000 

  0x00000224ed84bc10: ;   {runtime_call}
  0x00000224ed84bc10: 0000 e9fb 

  0x00000224ed84bc14: ;   {static_stub}
  0x00000224ed84bc14: ffff ff48 | bb00 0000 | 0000 0000 

  0x00000224ed84bc20: ;   {runtime_call}
  0x00000224ed84bc20: 00e9 fbff 

  0x00000224ed84bc24: ;   {static_stub}
  0x00000224ed84bc24: ffff 48bb | 0000 0000 | 0000 0000 

  0x00000224ed84bc30: ;   {runtime_call}
  0x00000224ed84bc30: e9fb ffff 

  0x00000224ed84bc34: ;   {static_stub}
  0x00000224ed84bc34: ff48 bb00 | 0000 0000 

  0x00000224ed84bc3c: ;   {runtime_call}
  0x00000224ed84bc3c: 0000 00e9 | fbff ffff 

  0x00000224ed84bc44: ;   {static_stub}
  0x00000224ed84bc44: 48bb 0000 | 0000 0000 

  0x00000224ed84bc4c: ;   {runtime_call}
  0x00000224ed84bc4c: 0000 e9fb 

  0x00000224ed84bc50: ;   {static_stub}
  0x00000224ed84bc50: ffff ff48 | bb00 0000 | 0000 0000 

  0x00000224ed84bc5c: ;   {runtime_call}
  0x00000224ed84bc5c: 00e9 fbff 

  0x00000224ed84bc60: ;   {static_stub}
  0x00000224ed84bc60: ffff 48bb | 0000 0000 | 0000 0000 

  0x00000224ed84bc6c: ;   {runtime_call}
  0x00000224ed84bc6c: e9fb ffff 

  0x00000224ed84bc70: ;   {static_stub}
  0x00000224ed84bc70: ff48 bb00 | 0000 0000 

  0x00000224ed84bc78: ;   {runtime_call}
  0x00000224ed84bc78: 0000 00e9 | fbff ffff 

  0x00000224ed84bc80: ;   {static_stub}
  0x00000224ed84bc80: 48bb 0000 | 0000 0000 

  0x00000224ed84bc88: ;   {runtime_call}
  0x00000224ed84bc88: 0000 e9fb 

  0x00000224ed84bc8c: ;   {static_stub}
  0x00000224ed84bc8c: ffff ff48 | bb00 0000 | 0000 0000 

  0x00000224ed84bc98: ;   {runtime_call}
  0x00000224ed84bc98: 00e9 fbff 

  0x00000224ed84bc9c: ;   {static_stub}
  0x00000224ed84bc9c: ffff 48bb | 0000 0000 | 0000 0000 

  0x00000224ed84bca8: ;   {runtime_call}
  0x00000224ed84bca8: e9fb ffff 

  0x00000224ed84bcac: ;   {static_stub}
  0x00000224ed84bcac: ff48 bb00 | 0000 0000 

  0x00000224ed84bcb4: ;   {runtime_call}
  0x00000224ed84bcb4: 0000 00e9 | fbff ffff 

  0x00000224ed84bcbc: ;   {static_stub}
  0x00000224ed84bcbc: 48bb b800 | 0580 2402 

  0x00000224ed84bcc4: ;   {runtime_call I2C/C2I adapters}
  0x00000224ed84bcc4: 0000 e9a0 

  0x00000224ed84bcc8: ;   {static_stub}
  0x00000224ed84bcc8: f02c ff48 | bb48 f60f | 8024 0200 

  0x00000224ed84bcd4: ;   {runtime_call I2C/C2I adapters}
  0x00000224ed84bcd4: 00e9 087c 

  0x00000224ed84bcd8: ;   {runtime_call ExceptionBlob}
  0x00000224ed84bcd8: 2dff e921 | e839 ffe8 | 0000 0000 | 4883 2c24 

  0x00000224ed84bce8: ;   {runtime_call DeoptimizationBlob}
  0x00000224ed84bce8: 05e9 b28c | 2dff f4f4 
[/MachCode]


---------------  P R O C E S S  ---------------

Threads class SMR info:
_java_thread_list=0x00000224c9b5e440, length=23, elements={
0x00000224dd0f9e70, 0x00000224fbea0e50, 0x00000224fbea18b0, 0x00000224fbea6500,
0x00000224fbea7090, 0x00000224fbeaf3a0, 0x00000224fbeb0080, 0x00000224fbeb0e10,
0x00000224fbec96a0, 0x00000224c52be0b0, 0x00000224c60c1820, 0x00000224c66e8fa0,
0x00000224c6735a40, 0x00000224c66ec510, 0x00000224c87e9200, 0x00000224ca0e5e90,
0x00000224c9abcc40, 0x00000224c8d9e1f0, 0x00000224c8d9e880, 0x00000224c8d9fc30,
0x00000224c7db8d80, 0x00000224c7db9410, 0x00000224c6b37100
}

Java Threads: ( => current thread )
=>0x00000224dd0f9e70 JavaThread "main"                              [_thread_in_vm, id=27936, stack(0x0000005374300000,0x0000005374400000) (1024K)]
  0x00000224fbea0e50 JavaThread "Reference Handler"          daemon [_thread_blocked, id=17488, stack(0x0000005374b00000,0x0000005374c00000) (1024K)]
  0x00000224fbea18b0 JavaThread "Finalizer"                  daemon [_thread_blocked, id=12508, stack(0x0000005374c00000,0x0000005374d00000) (1024K)]
  0x00000224fbea6500 JavaThread "Signal Dispatcher"          daemon [_thread_blocked, id=7836, stack(0x0000005374d00000,0x0000005374e00000) (1024K)]
  0x00000224fbea7090 JavaThread "Attach Listener"            daemon [_thread_blocked, id=10116, stack(0x0000005374e00000,0x0000005374f00000) (1024K)]
  0x00000224fbeaf3a0 JavaThread "Service Thread"             daemon [_thread_blocked, id=11908, stack(0x0000005374f00000,0x0000005375000000) (1024K)]
  0x00000224fbeb0080 JavaThread "Monitor Deflation Thread"   daemon [_thread_blocked, id=1384, stack(0x0000005375000000,0x0000005375100000) (1024K)]
  0x00000224fbeb0e10 JavaThread "C2 CompilerThread0"         daemon [_thread_in_native, id=36656, stack(0x0000005375100000,0x0000005375200000) (1024K)]
  0x00000224fbec96a0 JavaThread "C1 CompilerThread0"         daemon [_thread_blocked, id=2800, stack(0x0000005375200000,0x0000005375300000) (1024K)]
  0x00000224c52be0b0 JavaThread "Common-Cleaner"             daemon [_thread_blocked, id=7976, stack(0x0000005375300000,0x0000005375400000) (1024K)]
  0x00000224c60c1820 JavaThread "Notification Thread"        daemon [_thread_blocked, id=31308, stack(0x0000005375400000,0x0000005375500000) (1024K)]
  0x00000224c66e8fa0 JavaThread "surefire-forkedjvm-stream-flusher" daemon [_thread_blocked, id=27460, stack(0x0000005375b00000,0x0000005375c00000) (1024K)]
  0x00000224c6735a40 JavaThread "surefire-forkedjvm-command-thread" daemon [_thread_in_native, id=12160, stack(0x0000005375c00000,0x0000005375d00000) (1024K)]
  0x00000224c66ec510 JavaThread "Thread-2"                   daemon [_thread_in_native, id=9244, stack(0x0000005375f00000,0x0000005376000000) (1024K)]
  0x00000224c87e9200 JavaThread "Thread-3"                   daemon [_thread_in_native, id=8184, stack(0x0000005376000000,0x0000005376100000) (1024K)]
  0x00000224ca0e5e90 JavaThread "Thread-4"                   daemon [_thread_in_native, id=30396, stack(0x0000005376100000,0x0000005376200000) (1024K)]
  0x00000224c9abcc40 JavaThread "Thread-5"                   daemon [_thread_in_native, id=32192, stack(0x0000005376200000,0x0000005376300000) (1024K)]
  0x00000224c8d9e1f0 JavaThread "Thread-6"                   daemon [_thread_in_native, id=13924, stack(0x0000005376300000,0x0000005376400000) (1024K)]
  0x00000224c8d9e880 JavaThread "Thread-7"                   daemon [_thread_in_native, id=20384, stack(0x0000005376400000,0x0000005376500000) (1024K)]
  0x00000224c8d9fc30 JavaThread "Thread-8"                   daemon [_thread_in_native, id=22248, stack(0x0000005376500000,0x0000005376600000) (1024K)]
  0x00000224c7db8d80 JavaThread "testcontainers-ryuk"        daemon [_thread_blocked, id=1224, stack(0x0000005376600000,0x0000005376700000) (1024K)]
  0x00000224c7db9410 JavaThread "mysql-cj-abandoned-connection-cleanup" daemon [_thread_blocked, id=17884, stack(0x0000005376700000,0x0000005376800000) (1024K)]
  0x00000224c6b37100 JavaThread "HikariPool-1:housekeeper"   daemon [_thread_blocked, id=11996, stack(0x0000005374200000,0x0000005374300000) (1024K)]
Total: 23

Other Threads:
  0x00000224fbe7d920 VMThread "VM Thread"                           [id=6624, stack(0x0000005374a00000,0x0000005374b00000) (1024K)] _threads_hazard_ptr=0x00000224c9b5e440
  0x00000224fbe67d80 WatcherThread "VM Periodic Task Thread"        [id=18824, stack(0x0000005374900000,0x0000005374a00000) (1024K)]
  0x00000224dd1623e0 WorkerThread "GC Thread#0"                     [id=34900, stack(0x0000005374400000,0x0000005374500000) (1024K)]
  0x00000224c66d4810 WorkerThread "GC Thread#1"                     [id=5508, stack(0x0000005375600000,0x0000005375700000) (1024K)]
  0x00000224c66d4bc0 WorkerThread "GC Thread#2"                     [id=2940, stack(0x0000005375700000,0x0000005375800000) (1024K)]
  0x00000224c66eba00 WorkerThread "GC Thread#3"                     [id=18536, stack(0x0000005375800000,0x0000005375900000) (1024K)]
  0x00000224c66ebdb0 WorkerThread "GC Thread#4"                     [id=23736, stack(0x0000005375900000,0x0000005375a00000) (1024K)]
  0x00000224c66ec160 WorkerThread "GC Thread#5"                     [id=32588, stack(0x0000005375a00000,0x0000005375b00000) (1024K)]
  0x00000224dd173a00 ConcurrentGCThread "G1 Main Marker"            [id=30144, stack(0x0000005374500000,0x0000005374600000) (1024K)]
  0x00000224dd174420 WorkerThread "G1 Conc#0"                       [id=24644, stack(0x0000005374600000,0x0000005374700000) (1024K)]
  0x00000224c876e810 WorkerThread "G1 Conc#1"                       [id=5980, stack(0x0000005375d00000,0x0000005375e00000) (1024K)]
  0x00000224fbd271b0 ConcurrentGCThread "G1 Refine#0"               [id=15032, stack(0x0000005374700000,0x0000005374800000) (1024K)]
  0x00000224fbd27b40 ConcurrentGCThread "G1 Service"                [id=10888, stack(0x0000005374800000,0x0000005374900000) (1024K)]
Total: 13

Threads with active compile tasks:
C2 CompilerThread0   236353 22187       4       sun.reflect.annotation.AnnotationParser::parseMemberValue (230 bytes)
Total: 1

VM state: synchronizing (normal execution)

VM Mutex/Monitor currently owned by a thread:  ([mutex/lock_event])
[0x00007ffce61eedf0] Metaspace_lock - owner thread: 0x00000224dd0f9e70
[0x00007ffce61f0df0] Threads_lock - owner thread: 0x00000224fbe7d920

Heap address: 0x0000000700e00000, size: 4082 MB, Compressed Oops mode: Zero based, Oop shift amount: 3

CDS archive(s) mapped at: [0x0000022480000000-0x0000022480c90000-0x0000022480c90000), size 13172736, SharedBaseAddress: 0x0000022480000000, ArchiveRelocationMode: 1.
Compressed class space mapped at: 0x0000022481000000-0x00000224c1000000, reserved size: 1073741824
Narrow klass base: 0x0000022480000000, Narrow klass shift: 0, Narrow klass range: 0x100000000

GC Precious Log:
 CardTable entry size: 512
 Card Set container configuration: InlinePtr #cards 4 size 8 Array Of Cards #cards 16 size 48 Howl #buckets 8 coarsen threshold 3686 Howl Bitmap #cards 512 size 80 coarsen threshold 460 Card regions per heap region 1 cards per card region 4096
 CPUs: 6 total, 6 available
 Memory: 16320M
 Large Page Support: Disabled
 NUMA Support: Disabled
 Compressed Oops: Enabled (Zero based)
 Heap Region Size: 2M
 Heap Min Capacity: 8M
 Heap Initial Capacity: 256M
 Heap Max Capacity: 4082M
 Pre-touch: Disabled
 Parallel Workers: 6
 Concurrent Workers: 2
 Concurrent Refinement Workers: 6
 Periodic GC: Disabled

Heap:
 garbage-first heap   total 133120K, used 84442K [0x0000000700e00000, 0x0000000800000000)
  region size 2048K, 14 young (28672K), 3 survivors (6144K)
 Metaspace       used 133040K, committed 134272K, reserved 1179648K
  class space    used 15654K, committed 16256K, reserved 1048576K

Heap Regions: E=young(eden), S=young(survivor), O=old, HS=humongous(starts), HC=humongous(continues), CS=collection set, F=free, TAMS=top-at-mark-start, PB=parsable bottom
|   0|0x0000000700e00000, 0x0000000701000000, 0x0000000701000000|100%|HS|  |TAMS 0x0000000700e00000| PB 0x0000000700e00000| Complete 
|   1|0x0000000701000000, 0x0000000701200000, 0x0000000701200000|100%| O|  |TAMS 0x0000000701000000| PB 0x0000000701000000| Untracked 
|   2|0x0000000701200000, 0x0000000701400000, 0x0000000701400000|100%| O|  |TAMS 0x0000000701200000| PB 0x0000000701200000| Untracked 
|   3|0x0000000701400000, 0x0000000701600000, 0x0000000701600000|100%| O|  |TAMS 0x0000000701400000| PB 0x0000000701400000| Untracked 
|   4|0x0000000701600000, 0x0000000701800000, 0x0000000701800000|100%| O|  |TAMS 0x0000000701600000| PB 0x0000000701600000| Untracked 
|   5|0x0000000701800000, 0x0000000701a00000, 0x0000000701a00000|100%| O|  |TAMS 0x0000000701800000| PB 0x0000000701800000| Untracked 
|   6|0x0000000701a00000, 0x0000000701c00000, 0x0000000701c00000|100%| O|  |TAMS 0x0000000701a00000| PB 0x0000000701a00000| Untracked 
|   7|0x0000000701c00000, 0x0000000701e00000, 0x0000000701e00000|100%| O|  |TAMS 0x0000000701c00000| PB 0x0000000701c00000| Untracked 
|   8|0x0000000701e00000, 0x0000000702000000, 0x0000000702000000|100%| O|  |TAMS 0x0000000701e00000| PB 0x0000000701e00000| Untracked 
|   9|0x0000000702000000, 0x0000000702200000, 0x0000000702200000|100%| O|  |TAMS 0x0000000702000000| PB 0x0000000702000000| Untracked 
|  10|0x0000000702200000, 0x0000000702400000, 0x0000000702400000|100%| O|  |TAMS 0x0000000702200000| PB 0x0000000702200000| Untracked 
|  11|0x0000000702400000, 0x0000000702600000, 0x0000000702600000|100%| O|  |TAMS 0x0000000702400000| PB 0x0000000702400000| Untracked 
|  12|0x0000000702600000, 0x0000000702800000, 0x0000000702800000|100%| O|  |TAMS 0x0000000702600000| PB 0x0000000702600000| Untracked 
|  13|0x0000000702800000, 0x0000000702a00000, 0x0000000702a00000|100%| O|  |TAMS 0x0000000702800000| PB 0x0000000702800000| Untracked 
|  14|0x0000000702a00000, 0x0000000702c00000, 0x0000000702c00000|100%| O|  |TAMS 0x0000000702a00000| PB 0x0000000702a00000| Untracked 
|  15|0x0000000702c00000, 0x0000000702e00000, 0x0000000702e00000|100%| O|  |TAMS 0x0000000702c00000| PB 0x0000000702c00000| Untracked 
|  16|0x0000000702e00000, 0x0000000703000000, 0x0000000703000000|100%| O|  |TAMS 0x0000000702e00000| PB 0x0000000702e00000| Untracked 
|  17|0x0000000703000000, 0x0000000703200000, 0x0000000703200000|100%| O|  |TAMS 0x0000000703000000| PB 0x0000000703000000| Untracked 
|  18|0x0000000703200000, 0x0000000703400000, 0x0000000703400000|100%| O|  |TAMS 0x0000000703200000| PB 0x0000000703200000| Untracked 
|  19|0x0000000703400000, 0x0000000703600000, 0x0000000703600000|100%| O|  |TAMS 0x0000000703400000| PB 0x0000000703400000| Untracked 
|  20|0x0000000703600000, 0x0000000703800000, 0x0000000703800000|100%| O|  |TAMS 0x0000000703600000| PB 0x0000000703600000| Untracked 
|  21|0x0000000703800000, 0x0000000703a00000, 0x0000000703a00000|100%| O|  |TAMS 0x0000000703800000| PB 0x0000000703800000| Untracked 
|  22|0x0000000703a00000, 0x0000000703c00000, 0x0000000703c00000|100%| O|  |TAMS 0x0000000703a00000| PB 0x0000000703a00000| Untracked 
|  23|0x0000000703c00000, 0x0000000703e00000, 0x0000000703e00000|100%| O|  |TAMS 0x0000000703c00000| PB 0x0000000703c00000| Untracked 
|  24|0x0000000703e00000, 0x0000000704000000, 0x0000000704000000|100%| O|  |TAMS 0x0000000703e00000| PB 0x0000000703e00000| Untracked 
|  25|0x0000000704000000, 0x0000000704200000, 0x0000000704200000|100%| O|  |TAMS 0x0000000704000000| PB 0x0000000704000000| Untracked 
|  26|0x0000000704200000, 0x0000000704400000, 0x0000000704400000|100%| O|  |TAMS 0x0000000704200000| PB 0x0000000704200000| Untracked 
|  27|0x0000000704400000, 0x0000000704600000, 0x0000000704600000|100%| O|Cm|TAMS 0x0000000704400000| PB 0x0000000704400000| Complete 
|  28|0x0000000704600000, 0x0000000704780720, 0x0000000704800000| 75%| O|  |TAMS 0x0000000704600000| PB 0x0000000704600000| Untracked 
|  29|0x0000000704800000, 0x0000000704800000, 0x0000000704a00000|  0%| F|  |TAMS 0x0000000704800000| PB 0x0000000704800000| Untracked 
|  30|0x0000000704a00000, 0x0000000704a00000, 0x0000000704c00000|  0%| F|  |TAMS 0x0000000704a00000| PB 0x0000000704a00000| Untracked 
|  31|0x0000000704c00000, 0x0000000704c00000, 0x0000000704e00000|  0%| F|  |TAMS 0x0000000704c00000| PB 0x0000000704c00000| Untracked 
|  32|0x0000000704e00000, 0x0000000704ef60f0, 0x0000000705000000| 48%| S|CS|TAMS 0x0000000704e00000| PB 0x0000000704e00000| Complete 
|  33|0x0000000705000000, 0x0000000705000000, 0x0000000705200000|  0%| F|  |TAMS 0x0000000705000000| PB 0x0000000705000000| Untracked 
|  34|0x0000000705200000, 0x0000000705400000, 0x0000000705400000|100%| S|CS|TAMS 0x0000000705200000| PB 0x0000000705200000| Complete 
|  35|0x0000000705400000, 0x0000000705600000, 0x0000000705600000|100%| S|CS|TAMS 0x0000000705400000| PB 0x0000000705400000| Complete 
|  36|0x0000000705600000, 0x0000000705600000, 0x0000000705800000|  0%| F|  |TAMS 0x0000000705600000| PB 0x0000000705600000| Untracked 
|  37|0x0000000705800000, 0x0000000705800000, 0x0000000705a00000|  0%| F|  |TAMS 0x0000000705800000| PB 0x0000000705800000| Untracked 
|  38|0x0000000705a00000, 0x0000000705a00000, 0x0000000705c00000|  0%| F|  |TAMS 0x0000000705a00000| PB 0x0000000705a00000| Untracked 
|  39|0x0000000705c00000, 0x0000000705c00000, 0x0000000705e00000|  0%| F|  |TAMS 0x0000000705c00000| PB 0x0000000705c00000| Untracked 
|  40|0x0000000705e00000, 0x0000000705e00000, 0x0000000706000000|  0%| F|  |TAMS 0x0000000705e00000| PB 0x0000000705e00000| Untracked 
|  41|0x0000000706000000, 0x0000000706000000, 0x0000000706200000|  0%| F|  |TAMS 0x0000000706000000| PB 0x0000000706000000| Untracked 
|  42|0x0000000706200000, 0x0000000706200000, 0x0000000706400000|  0%| F|  |TAMS 0x0000000706200000| PB 0x0000000706200000| Untracked 
|  43|0x0000000706400000, 0x0000000706400000, 0x0000000706600000|  0%| F|  |TAMS 0x0000000706400000| PB 0x0000000706400000| Untracked 
|  44|0x0000000706600000, 0x0000000706600000, 0x0000000706800000|  0%| F|  |TAMS 0x0000000706600000| PB 0x0000000706600000| Untracked 
|  45|0x0000000706800000, 0x0000000706800000, 0x0000000706a00000|  0%| F|  |TAMS 0x0000000706800000| PB 0x0000000706800000| Untracked 
|  46|0x0000000706a00000, 0x0000000706a00000, 0x0000000706c00000|  0%| F|  |TAMS 0x0000000706a00000| PB 0x0000000706a00000| Untracked 
|  47|0x0000000706c00000, 0x0000000706c00000, 0x0000000706e00000|  0%| F|  |TAMS 0x0000000706c00000| PB 0x0000000706c00000| Untracked 
|  48|0x0000000706e00000, 0x0000000706e00000, 0x0000000707000000|  0%| F|  |TAMS 0x0000000706e00000| PB 0x0000000706e00000| Untracked 
|  49|0x0000000707000000, 0x0000000707000000, 0x0000000707200000|  0%| F|  |TAMS 0x0000000707000000| PB 0x0000000707000000| Untracked 
|  50|0x0000000707200000, 0x0000000707200000, 0x0000000707400000|  0%| F|  |TAMS 0x0000000707200000| PB 0x0000000707200000| Untracked 
|  51|0x0000000707400000, 0x0000000707400000, 0x0000000707600000|  0%| F|  |TAMS 0x0000000707400000| PB 0x0000000707400000| Untracked 
|  52|0x0000000707600000, 0x0000000707600000, 0x0000000707800000|  0%| F|  |TAMS 0x0000000707600000| PB 0x0000000707600000| Untracked 
|  53|0x0000000707800000, 0x0000000707800000, 0x0000000707a00000|  0%| F|  |TAMS 0x0000000707800000| PB 0x0000000707800000| Untracked 
|  54|0x0000000707a00000, 0x0000000707a00a58, 0x0000000707c00000|  0%| E|  |TAMS 0x0000000707a00000| PB 0x0000000707a00000| Complete 
|  55|0x0000000707c00000, 0x0000000707e00000, 0x0000000707e00000|100%| E|CS|TAMS 0x0000000707c00000| PB 0x0000000707c00000| Complete 
|  56|0x0000000707e00000, 0x0000000708000000, 0x0000000708000000|100%| E|CS|TAMS 0x0000000707e00000| PB 0x0000000707e00000| Complete 
|  57|0x0000000708000000, 0x0000000708200000, 0x0000000708200000|100%| E|CS|TAMS 0x0000000708000000| PB 0x0000000708000000| Complete 
|  58|0x0000000708200000, 0x0000000708400000, 0x0000000708400000|100%| E|CS|TAMS 0x0000000708200000| PB 0x0000000708200000| Complete 
|  59|0x0000000708400000, 0x0000000708600000, 0x0000000708600000|100%| E|CS|TAMS 0x0000000708400000| PB 0x0000000708400000| Complete 
|  92|0x000000070c600000, 0x000000070c800000, 0x000000070c800000|100%| E|CS|TAMS 0x000000070c600000| PB 0x000000070c600000| Complete 
|  93|0x000000070c800000, 0x000000070ca00000, 0x000000070ca00000|100%| E|CS|TAMS 0x000000070c800000| PB 0x000000070c800000| Complete 
|  94|0x000000070ca00000, 0x000000070cc00000, 0x000000070cc00000|100%| E|CS|TAMS 0x000000070ca00000| PB 0x000000070ca00000| Complete 
|  95|0x000000070cc00000, 0x000000070ce00000, 0x000000070ce00000|100%| E|CS|TAMS 0x000000070cc00000| PB 0x000000070cc00000| Complete 
| 127|0x0000000710c00000, 0x0000000710e00000, 0x0000000710e00000|100%| E|CS|TAMS 0x0000000710c00000| PB 0x0000000710c00000| Complete 

Card table byte_map: [0x00000224f4eb0000,0x00000224f56b0000] _byte_map_base: 0x00000224f16a9000

Marking Bits: (CMBitMap*) 0x00000224dd163210
 Bits: [0x00000224f56b0000, 0x00000224f9678000)

Polling page: 0x00000224db040000

Metaspace:

Usage:
  Non-class:    114.63 MB used.
      Class:     15.29 MB used.
       Both:    129.92 MB used.

Virtual space:
  Non-class space:      128.00 MB reserved,     115.25 MB ( 90%) committed,  2 nodes.
      Class space:        1.00 GB reserved,      15.88 MB (  2%) committed,  1 nodes.
             Both:        1.12 GB reserved,     131.12 MB ( 11%) committed. 

Chunk freelists:
   Non-Class:  12.36 MB
       Class:  138.00 KB
        Both:  12.49 MB

MaxMetaspaceSize: unlimited
CompressedClassSpaceSize: 1.00 GB
Initial GC threshold: 21.00 MB
Current GC threshold: 217.62 MB
CDS: on
 - commit_granule_bytes: 65536.
 - commit_granule_words: 8192.
 - virtual_space_node_default_size: 8388608.
 - enlarge_chunks_in_place: 1.
 - use_allocation_guard: 0.


Internal statistics:

num_allocs_failed_limit: 9.
num_arena_births: 2076.
num_arena_deaths: 2.
num_vsnodes_births: 3.
num_vsnodes_deaths: 0.
num_space_committed: 2097.
num_space_uncommitted: 0.
num_chunks_returned_to_freelist: 11.
num_chunks_taken_from_freelist: 7183.
num_chunk_merges: 6.
num_chunk_splits: 5125.
num_chunks_enlarged: 3814.
num_inconsistent_stats: 0.

CodeHeap 'non-profiled nmethods': size=120000Kb used=9953Kb max_used=9953Kb free=110046Kb
 bounds [0x00000224ed070000, 0x00000224eda30000, 0x00000224f45a0000]
CodeHeap 'profiled nmethods': size=120000Kb used=26144Kb max_used=28001Kb free=93855Kb
 bounds [0x00000224e55a0000, 0x00000224e7100000, 0x00000224ecad0000]
CodeHeap 'non-nmethods': size=5760Kb used=1874Kb max_used=1941Kb free=3885Kb
 bounds [0x00000224ecad0000, 0x00000224ecd40000, 0x00000224ed070000]
 total_blobs=14273 nmethods=13412 adapters=763
 compilation: enabled
              stopped_count=0, restarted_count=0
 full_count=0

Compilation events (20 events):
Event: 234.052 Thread 0x00000224fbec96a0 22273       3       org.springframework.beans.factory.support.AbstractBeanFactory::getAliases (417 bytes)
Event: 234.054 Thread 0x00000224fbec96a0 nmethod 22273 0x00000224e5f05810 code [0x00000224e5f05da0, 0x00000224e5f09160]
Event: 234.054 Thread 0x00000224fbec96a0 22275       3       org.springframework.web.servlet.handler.BeanNameUrlHandlerMapping::determineUrlsForHandler (159 bytes)
Event: 234.055 Thread 0x00000224fbec96a0 nmethod 22275 0x00000224e60eb690 code [0x00000224e60eb960, 0x00000224e60ecbc8]
Event: 234.055 Thread 0x00000224fbec96a0 22270       3       org.springframework.core.SimpleAliasRegistry$$Lambda/0x00000224819f7188::<init> (20 bytes)
Event: 234.055 Thread 0x00000224fbec96a0 nmethod 22270 0x00000224e60eb190 code [0x00000224e60eb340, 0x00000224e60eb5d8]
Event: 234.055 Thread 0x00000224fbec96a0 22271       3       org.springframework.core.SimpleAliasRegistry$$Lambda/0x00000224819f7188::accept (24 bytes)
Event: 234.056 Thread 0x00000224fbec96a0 nmethod 22271 0x00000224e60eab90 code [0x00000224e60ead60, 0x00000224e60eb0b0]
Event: 234.056 Thread 0x00000224fbec96a0 22272       3       org.springframework.core.SimpleAliasRegistry::lambda$retrieveAliases$0 (65 bytes)
Event: 234.056 Thread 0x00000224fbec96a0 nmethod 22272 0x00000224e60ea410 code [0x00000224e60ea5e0, 0x00000224e60ea9c0]
Event: 234.056 Thread 0x00000224fbec96a0 22274   !   3       org.springframework.core.SimpleAliasRegistry::getAliases (66 bytes)
Event: 234.056 Thread 0x00000224fbec96a0 nmethod 22274 0x00000224e60e9990 code [0x00000224e60e9b80, 0x00000224e60ea128]
Event: 234.056 Thread 0x00000224fbec96a0 22276       3       org.springframework.context.support.AbstractApplicationContext::getAliases (24 bytes)
Event: 234.056 Thread 0x00000224fbec96a0 nmethod 22276 0x00000224e60e9310 code [0x00000224e60e94e0, 0x00000224e60e97e8]
Event: 234.087 Thread 0x00000224fbec96a0 22277       3       org.springframework.beans.factory.support.AbstractBeanFactory::registerDisposableBeanIfNecessary (212 bytes)
Event: 234.088 Thread 0x00000224fbec96a0 nmethod 22277 0x00000224e5f04010 code [0x00000224e5f042e0, 0x00000224e5f05398]
Event: 234.088 Thread 0x00000224fbec96a0 22279   !   3       org.springframework.beans.factory.support.AbstractBeanFactory::adaptBeanInstance (193 bytes)
Event: 234.088 Thread 0x00000224fbec96a0 nmethod 22279 0x00000224e5f02d10 code [0x00000224e5f02f80, 0x00000224e5f03b50]
Event: 234.089 Thread 0x00000224fbec96a0 22278       3       org.springframework.beans.factory.annotation.QualifierAnnotationAutowireCandidateResolver::getSuggestedName (136 bytes)
Event: 234.089 Thread 0x00000224fbec96a0 nmethod 22278 0x00000224e5f01f90 code [0x00000224e5f021c0, 0x00000224e5f02ab0]

GC Heap History (20 events):
Event: 221.974 GC heap before
{Heap before GC invocations=76 (full 0):
 garbage-first heap   total 110592K, used 93959K [0x0000000700e00000, 0x0000000800000000)
  region size 2048K, 23 young (47104K), 2 survivors (4096K)
 Metaspace       used 114994K, committed 116032K, reserved 1179648K
  class space    used 13529K, committed 14016K, reserved 1048576K
}
Event: 221.983 GC heap after
{Heap after GC invocations=77 (full 0):
 garbage-first heap   total 110592K, used 52652K [0x0000000700e00000, 0x0000000800000000)
  region size 2048K, 2 young (4096K), 2 survivors (4096K)
 Metaspace       used 114994K, committed 116032K, reserved 1179648K
  class space    used 13529K, committed 14016K, reserved 1048576K
}
Event: 222.647 GC heap before
{Heap before GC invocations=77 (full 0):
 garbage-first heap   total 110592K, used 93612K [0x0000000700e00000, 0x0000000800000000)
  region size 2048K, 23 young (47104K), 2 survivors (4096K)
 Metaspace       used 116967K, committed 117952K, reserved 1179648K
  class space    used 13677K, committed 14144K, reserved 1048576K
}
Event: 222.655 GC heap after
{Heap after GC invocations=78 (full 0):
 garbage-first heap   total 110592K, used 53428K [0x0000000700e00000, 0x0000000800000000)
  region size 2048K, 2 young (4096K), 2 survivors (4096K)
 Metaspace       used 116967K, committed 117952K, reserved 1179648K
  class space    used 13677K, committed 14144K, reserved 1048576K
}
Event: 223.345 GC heap before
{Heap before GC invocations=79 (full 0):
 garbage-first heap   total 110592K, used 96436K [0x0000000700e00000, 0x0000000800000000)
  region size 2048K, 23 young (47104K), 2 survivors (4096K)
 Metaspace       used 118998K, committed 120064K, reserved 1179648K
  class space    used 13969K, committed 14464K, reserved 1048576K
}
Event: 223.352 GC heap after
{Heap after GC invocations=80 (full 0):
 garbage-first heap   total 110592K, used 54168K [0x0000000700e00000, 0x0000000800000000)
  region size 2048K, 2 young (4096K), 2 survivors (4096K)
 Metaspace       used 118998K, committed 120064K, reserved 1179648K
  class space    used 13969K, committed 14464K, reserved 1048576K
}
Event: 224.102 GC heap before
{Heap before GC invocations=80 (full 0):
 garbage-first heap   total 110592K, used 97176K [0x0000000700e00000, 0x0000000800000000)
  region size 2048K, 23 young (47104K), 2 survivors (4096K)
 Metaspace       used 121495K, committed 122560K, reserved 1179648K
  class space    used 14308K, committed 14784K, reserved 1048576K
}
Event: 224.114 GC heap after
{Heap after GC invocations=81 (full 0):
 garbage-first heap   total 110592K, used 55417K [0x0000000700e00000, 0x0000000800000000)
  region size 2048K, 3 young (6144K), 3 survivors (6144K)
 Metaspace       used 121495K, committed 122560K, reserved 1179648K
  class space    used 14308K, committed 14784K, reserved 1048576K
}
Event: 225.027 GC heap before
{Heap before GC invocations=81 (full 0):
 garbage-first heap   total 110592K, used 94329K [0x0000000700e00000, 0x0000000800000000)
  region size 2048K, 22 young (45056K), 3 survivors (6144K)
 Metaspace       used 123433K, committed 124480K, reserved 1179648K
  class space    used 14573K, committed 15040K, reserved 1048576K
}
Event: 225.039 GC heap after
{Heap after GC invocations=82 (full 0):
 garbage-first heap   total 110592K, used 56196K [0x0000000700e00000, 0x0000000800000000)
  region size 2048K, 2 young (4096K), 2 survivors (4096K)
 Metaspace       used 123433K, committed 124480K, reserved 1179648K
  class space    used 14573K, committed 15040K, reserved 1048576K
}
Event: 225.956 GC heap before
{Heap before GC invocations=83 (full 0):
 garbage-first heap   total 110592K, used 97156K [0x0000000700e00000, 0x0000000800000000)
  region size 2048K, 22 young (45056K), 2 survivors (4096K)
 Metaspace       used 124980K, committed 126080K, reserved 1179648K
  class space    used 14711K, committed 15232K, reserved 1048576K
}
Event: 225.966 GC heap after
{Heap after GC invocations=84 (full 0):
 garbage-first heap   total 110592K, used 57052K [0x0000000700e00000, 0x0000000800000000)
  region size 2048K, 2 young (4096K), 2 survivors (4096K)
 Metaspace       used 124980K, committed 126080K, reserved 1179648K
  class space    used 14711K, committed 15232K, reserved 1048576K
}
Event: 227.229 GC heap before
{Heap before GC invocations=84 (full 0):
 garbage-first heap   total 110592K, used 98012K [0x0000000700e00000, 0x0000000800000000)
  region size 2048K, 22 young (45056K), 2 survivors (4096K)
 Metaspace       used 126279K, committed 127424K, reserved 1179648K
  class space    used 14856K, committed 15424K, reserved 1048576K
}
Event: 227.245 GC heap after
{Heap after GC invocations=85 (full 0):
 garbage-first heap   total 133120K, used 59147K [0x0000000700e00000, 0x0000000800000000)
  region size 2048K, 3 young (6144K), 3 survivors (6144K)
 Metaspace       used 126279K, committed 127424K, reserved 1179648K
  class space    used 14856K, committed 15424K, reserved 1048576K
}
Event: 229.384 GC heap before
{Heap before GC invocations=85 (full 0):
 garbage-first heap   total 133120K, used 116491K [0x0000000700e00000, 0x0000000800000000)
  region size 2048K, 31 young (63488K), 3 survivors (6144K)
 Metaspace       used 127921K, committed 129152K, reserved 1179648K
  class space    used 15001K, committed 15616K, reserved 1048576K
}
Event: 229.395 GC heap after
{Heap after GC invocations=86 (full 0):
 garbage-first heap   total 133120K, used 61415K [0x0000000700e00000, 0x0000000800000000)
  region size 2048K, 4 young (8192K), 4 survivors (8192K)
 Metaspace       used 127921K, committed 129152K, reserved 1179648K
  class space    used 15001K, committed 15616K, reserved 1048576K
}
Event: 232.321 GC heap before
{Heap before GC invocations=86 (full 0):
 garbage-first heap   total 133120K, used 114663K [0x0000000700e00000, 0x0000000800000000)
  region size 2048K, 30 young (61440K), 4 survivors (8192K)
 Metaspace       used 130263K, committed 131520K, reserved 1179648K
  class space    used 15291K, committed 15872K, reserved 1048576K
}
Event: 232.331 GC heap after
{Heap after GC invocations=87 (full 0):
 garbage-first heap   total 133120K, used 62374K [0x0000000700e00000, 0x0000000800000000)
  region size 2048K, 3 young (6144K), 3 survivors (6144K)
 Metaspace       used 130263K, committed 131520K, reserved 1179648K
  class space    used 15291K, committed 15872K, reserved 1048576K
}
Event: 233.445 GC heap before
{Heap before GC invocations=87 (full 0):
 garbage-first heap   total 133120K, used 117670K [0x0000000700e00000, 0x0000000800000000)
  region size 2048K, 30 young (61440K), 3 survivors (6144K)
 Metaspace       used 132353K, committed 133632K, reserved 1179648K
  class space    used 15559K, committed 16192K, reserved 1048576K
}
Event: 233.453 GC heap after
{Heap after GC invocations=88 (full 0):
 garbage-first heap   total 133120K, used 63962K [0x0000000700e00000, 0x0000000800000000)
  region size 2048K, 3 young (6144K), 3 survivors (6144K)
 Metaspace       used 132353K, committed 133632K, reserved 1179648K
  class space    used 15559K, committed 16192K, reserved 1048576K
}

Dll operation events (14 events):
Event: 0.039 Loaded shared library C:\Program Files\Java\jdk-21\bin\java.dll
Event: 0.188 Loaded shared library C:\Program Files\Java\jdk-21\bin\jsvml.dll
Event: 0.282 Loaded shared library C:\Program Files\Java\jdk-21\bin\zip.dll
Event: 0.326 Loaded shared library C:\Program Files\Java\jdk-21\bin\instrument.dll
Event: 0.381 Loaded shared library C:\Program Files\Java\jdk-21\bin\net.dll
Event: 0.449 Loaded shared library C:\Program Files\Java\jdk-21\bin\nio.dll
Event: 0.470 Loaded shared library C:\Program Files\Java\jdk-21\bin\zip.dll
Event: 2.654 Loaded shared library C:\Program Files\Java\jdk-21\bin\verify.dll
Event: 2.718 Loaded shared library C:\Program Files\Java\jdk-21\bin\jimage.dll
Event: 3.660 Loaded shared library C:\Program Files\Java\jdk-21\bin\management.dll
Event: 3.678 Loaded shared library C:\Program Files\Java\jdk-21\bin\management_ext.dll
Event: 17.767 Loaded shared library C:\Program Files\Java\jdk-21\bin\instrument.dll
Event: 57.589 Loaded shared library C:\Program Files\Java\jdk-21\bin\extnet.dll
Event: 158.501 Loaded shared library C:\Program Files\Java\jdk-21\bin\sunmscapi.dll

Deoptimization events (20 events):
Event: 233.987 Thread 0x00000224dd0f9e70 Uncommon trap: trap_request=0xffffffbe fr.pc=0x00000224ed41f448 relative=0x00000000000008e8
Event: 233.987 Thread 0x00000224dd0f9e70 Uncommon trap: reason=profile_predicate action=maybe_recompile pc=0x00000224ed41f448 method=org.springframework.boot.context.properties.source.ConfigurationPropertyName$Elements.canShortcutWithSource(Lorg/springframework/boot/context/properties/source/Con
Event: 233.987 Thread 0x00000224dd0f9e70 DEOPT PACKING pc=0x00000224ed41f448 sp=0x00000053743f9620
Event: 233.987 Thread 0x00000224dd0f9e70 DEOPT UNPACKING pc=0x00000224ecb246a2 sp=0x00000053743f92f8 mode 2
Event: 233.987 Thread 0x00000224dd0f9e70 Uncommon trap: trap_request=0xffffffbe fr.pc=0x00000224ed41f448 relative=0x00000000000008e8
Event: 233.987 Thread 0x00000224dd0f9e70 Uncommon trap: reason=profile_predicate action=maybe_recompile pc=0x00000224ed41f448 method=org.springframework.boot.context.properties.source.ConfigurationPropertyName$Elements.canShortcutWithSource(Lorg/springframework/boot/context/properties/source/Con
Event: 233.987 Thread 0x00000224dd0f9e70 DEOPT PACKING pc=0x00000224ed41f448 sp=0x00000053743f9480
Event: 233.987 Thread 0x00000224dd0f9e70 DEOPT UNPACKING pc=0x00000224ecb246a2 sp=0x00000053743f9158 mode 2
Event: 233.988 Thread 0x00000224dd0f9e70 Uncommon trap: trap_request=0xffffff45 fr.pc=0x00000224ed0ba9e8 relative=0x0000000000000128
Event: 233.988 Thread 0x00000224dd0f9e70 Uncommon trap: reason=unstable_if action=reinterpret pc=0x00000224ed0ba9e8 method=org.springframework.boot.context.properties.source.ConfigurationPropertyName$ElementsParser.isAlpha(C)Z @ 23 c2
Event: 233.989 Thread 0x00000224dd0f9e70 DEOPT PACKING pc=0x00000224ed0ba9e8 sp=0x00000053743f9430
Event: 233.989 Thread 0x00000224dd0f9e70 DEOPT UNPACKING pc=0x00000224ecb246a2 sp=0x00000053743f9338 mode 2
Event: 233.989 Thread 0x00000224dd0f9e70 Uncommon trap: trap_request=0xffffff45 fr.pc=0x00000224ed081b8c relative=0x000000000000006c
Event: 233.989 Thread 0x00000224dd0f9e70 Uncommon trap: reason=unstable_if action=reinterpret pc=0x00000224ed081b8c method=org.springframework.boot.context.properties.source.ConfigurationPropertyName$ElementsParser.isAlpha(C)Z @ 23 c2
Event: 233.989 Thread 0x00000224dd0f9e70 DEOPT PACKING pc=0x00000224ed081b8c sp=0x00000053743f93c0
Event: 233.989 Thread 0x00000224dd0f9e70 DEOPT UNPACKING pc=0x00000224ecb246a2 sp=0x00000053743f9338 mode 2
Event: 233.989 Thread 0x00000224dd0f9e70 Uncommon trap: trap_request=0xffffffbe fr.pc=0x00000224ed4188ec relative=0x000000000000092c
Event: 233.989 Thread 0x00000224dd0f9e70 Uncommon trap: reason=profile_predicate action=maybe_recompile pc=0x00000224ed4188ec method=org.springframework.boot.context.properties.source.ConfigurationPropertyName$Elements.canShortcutWithSource(Lorg/springframework/boot/context/properties/source/Con
Event: 233.989 Thread 0x00000224dd0f9e70 DEOPT PACKING pc=0x00000224ed4188ec sp=0x00000053743f9510
Event: 233.989 Thread 0x00000224dd0f9e70 DEOPT UNPACKING pc=0x00000224ecb246a2 sp=0x00000053743f9270 mode 2

Classes loaded (20 events):
Event: 234.096 Loading class org/springframework/boot/autoconfigure/web/WebProperties$Resources$Cache$Cachecontrol
Event: 234.096 Loading class org/springframework/boot/autoconfigure/web/WebProperties$Resources$Cache$Cachecontrol done
Event: 234.096 Loading class org/springframework/http/CacheControl
Event: 234.096 Loading class org/springframework/http/CacheControl done
Event: 234.096 Loading class org/springframework/http/CacheControl
Event: 234.096 Loading class org/springframework/http/CacheControl done
Event: 234.096 Loading class org/springframework/boot/autoconfigure/web/WebProperties$Resources$Cache$Cachecontrol
Event: 234.096 Loading class org/springframework/boot/autoconfigure/web/WebProperties$Resources$Cache$Cachecontrol done
Event: 234.097 Loading class org/springframework/http/CacheControl
Event: 234.097 Loading class org/springframework/http/CacheControl done
Event: 234.097 Loading class org/springframework/http/CacheControl
Event: 234.097 Loading class org/springframework/http/CacheControl done
Event: 234.097 Loading class org/springframework/boot/autoconfigure/web/WebProperties$Resources$Cache$Cachecontrol
Event: 234.097 Loading class org/springframework/boot/autoconfigure/web/WebProperties$Resources$Cache$Cachecontrol done
Event: 234.097 Loading class org/springframework/http/CacheControl
Event: 234.097 Loading class org/springframework/http/CacheControl done
Event: 234.097 Loading class org/springframework/http/CacheControl
Event: 234.097 Loading class org/springframework/http/CacheControl done
Event: 234.097 Loading class org/springframework/cache/concurrent/ConcurrentMapCache
Event: 234.097 Loading class org/springframework/cache/concurrent/ConcurrentMapCache done

Classes unloaded (1 events):
Event: 154.514 Thread 0x00000224fbe7d920 Unloading class 0x000002248141c000 'java/lang/invoke/LambdaForm$MH+0x000002248141c000'

Classes redefined (20 events):
Event: 31.620 Thread 0x00000224fbe7d920 redefined class name=com.clinica.practica01.feature.appointment.notification.AppointmentNotifier, count=2
Event: 31.674 Thread 0x00000224fbe7d920 redefined class name=com.clinica.practica01.feature.calendar.notification.CalendarNotifier, count=2
Event: 31.815 Thread 0x00000224fbe7d920 redefined class name=com.clinica.practica01.feature.medicalrecord.service.MedicalRecordService, count=2
Event: 31.926 Thread 0x00000224fbe7d920 redefined class name=com.clinica.practica01.core.security.PermissionChecker, count=2
Event: 34.329 Thread 0x00000224fbe7d920 redefined class name=org.springframework.security.authentication.AuthenticationManager, count=1
Event: 34.685 Thread 0x00000224fbe7d920 redefined class name=com.clinica.practica01.core.security.JwtService, count=2
Event: 34.774 Thread 0x00000224fbe7d920 redefined class name=com.clinica.practica01.feature.role.repository.RoleRepository, count=1
Event: 35.196 Thread 0x00000224fbe7d920 redefined class name=org.springframework.security.crypto.password.PasswordEncoder, count=1
Event: 35.427 Thread 0x00000224fbe7d920 redefined class name=com.clinica.practica01.feature.user.service.UsernameGenerator, count=1
Event: 36.387 Thread 0x00000224fbe7d920 redefined class name=com.clinica.practica01.feature.speciality.repository.SpecialityRepository, count=1
Event: 36.771 Thread 0x00000224fbe7d920 redefined class name=com.clinica.practica01.feature.product.repository.ProductRepository, count=1
Event: 38.611 Thread 0x00000224fbe7d920 redefined class name=com.clinica.practica01.feature.menu.repository.MenuRepository, count=1
Event: 39.339 Thread 0x00000224fbe7d920 redefined class name=com.clinica.practica01.feature.permission.repository.PermissionRepository, count=1
Event: 40.252 Thread 0x00000224fbe7d920 redefined class name=com.clinica.practica01.feature.medicalrecord.repository.MedicalRecordRepository, count=1
Event: 40.597 Thread 0x00000224fbe7d920 redefined class name=com.clinica.practica01.feature.medicalrecord.repository.MedicalRecordEntryRepository, count=1
Event: 42.359 Thread 0x00000224fbe7d920 redefined class name=com.clinica.practica01.feature.availability.repository.DoctorAvailabilityRepository, count=1
Event: 43.048 Thread 0x00000224fbe7d920 redefined class name=com.clinica.practica01.feature.absence.repository.DoctorAbsenceRepository, count=1
Event: 44.527 Thread 0x00000224fbe7d920 redefined class name=com.clinica.practica01.feature.doctor.mapper.DoctorMapper, count=1
Event: 44.751 Thread 0x00000224fbe7d920 redefined class name=com.clinica.practica01.feature.user.service.AccountProvisioner, count=1
Event: 45.178 Thread 0x00000224fbe7d920 redefined class name=com.clinica.practica01.feature.order.repository.OrderRepository, count=1

Internal exceptions (20 events):
Event: 223.073 Thread 0x00000224dd0f9e70 Exception <a 'java/lang/NoSuchMethodError'{0x0000000706408bc8}: 'void java.lang.invoke.DirectMethodHandle$Holder.invokeSpecial(java.lang.Object, java.lang.Object, java.lang.Object, java.lang.Object, java.lang.Object, java.lang.Object, java.lang.Object, java.lang.Object)'> (0x0000000706408bc8) 
thrown [s\open\src\hotspot\share\interpreter\linkResolver.cpp, line 773]
Event: 223.094 Thread 0x00000224dd0f9e70 Exception <a 'java/lang/IncompatibleClassChangeError'{0x00000007065423c8}: Found class java.lang.Object, but interface was expected> (0x00000007065423c8) 
thrown [s\open\src\hotspot\share\interpreter\linkResolver.cpp, line 840]
Event: 223.240 Thread 0x00000224dd0f9e70 Exception <a 'java/lang/NoSuchMethodError'{0x00000007054ec580}: 'int java.lang.invoke.DirectMethodHandle$Holder.invokeStatic(java.lang.Object, int, java.lang.Object)'> (0x00000007054ec580) 
thrown [s\open\src\hotspot\share\interpreter\linkResolver.cpp, line 773]
Event: 223.258 Thread 0x00000224dd0f9e70 Exception <a 'java/lang/NoSuchMethodError'{0x00000007055643e8}: 'java.lang.Object java.lang.invoke.DirectMethodHandle$Holder.newInvokeSpecial(java.lang.Object, java.lang.Object, java.lang.Object, java.lang.Object, java.lang.Object, java.lang.Object, java.lang.Object, java.lang.Object, java.lang.Object, java.lang.Object, java.lang.Object, java.lang.Object)'> (0x00000007055643e8) 
thrown [s\open\src\hotspot\share\interpreter\linkResolver.cpp, line 773]
Event: 223.259 Thread 0x00000224dd0f9e70 Exception <a 'java/lang/NoSuchMethodError'{0x0000000705569460}: 'java.lang.Object java.lang.invoke.DirectMethodHandle$Holder.invokeSpecial(java.lang.Object, java.lang.Object, java.lang.Object, java.lang.Object, java.lang.Object, java.lang.Object, java.lang.Object, java.lang.Object, java.lang.Object, java.lang.Object, java.lang.Object, java.lang.Object, java.lang.Object)'> (0x0000000705569460) 
thrown [s\open\src\hotspot\share\interpreter\linkResolver.cpp, line 773]
Event: 223.259 Thread 0x00000224dd0f9e70 Exception <a 'java/lang/NoSuchMethodError'{0x000000070556dcb0}: 'java.lang.Object java.lang.invoke.Invokers$Holder.linkToTargetMethod(java.lang.Object, java.lang.Object, java.lang.Object, java.lang.Object, java.lang.Object, java.lang.Object, java.lang.Object, java.lang.Object, java.lang.Object, java.lang.Object, java.lang.Object, java.lang.Object)'> (0x000000070556dcb0) 
thrown [s\open\src\hotspot\share\interpreter\linkResolver.cpp, line 773]
Event: 223.399 Thread 0x00000224dd0f9e70 Exception <a 'java/lang/IncompatibleClassChangeError'{0x000000070ca12c50}: Found class java.lang.Object, but interface was expected> (0x000000070ca12c50) 
thrown [s\open\src\hotspot\share\interpreter\linkResolver.cpp, line 840]
Event: 223.442 Thread 0x00000224dd0f9e70 Exception <a 'java/lang/NoSuchMethodError'{0x000000070c86f5e0}: 'java.lang.Object java.lang.invoke.DirectMethodHandle$Holder.newInvokeSpecial(java.lang.Object, java.lang.Object, int, java.lang.Object, int, java.lang.Object, java.lang.Object)'> (0x000000070c86f5e0) 
thrown [s\open\src\hotspot\share\interpreter\linkResolver.cpp, line 773]
Event: 223.882 Thread 0x00000224dd0f9e70 Exception <a 'java/lang/NoSuchMethodError'{0x0000000705888070}: 'void java.lang.invoke.DirectMethodHandle$Holder.invokeStatic(java.lang.Object, java.lang.Object, java.lang.Object, java.lang.Object, java.lang.Object, java.lang.Object, java.lang.Object, java.lang.Object, java.lang.Object)'> (0x0000000705888070) 
thrown [s\open\src\hotspot\share\interpreter\linkResolver.cpp, line 773]
Event: 224.282 Thread 0x00000224dd0f9e70 Exception <a 'java/lang/IncompatibleClassChangeError'{0x000000070cbafbb0}: Found class java.lang.Object, but interface was expected> (0x000000070cbafbb0) 
thrown [s\open\src\hotspot\share\interpreter\linkResolver.cpp, line 840]
Event: 224.501 Thread 0x00000224dd0f9e70 Exception <a 'java/lang/IncompatibleClassChangeError'{0x0000000706d628d8}: Found class java.lang.Object, but interface was expected> (0x0000000706d628d8) 
thrown [s\open\src\hotspot\share\interpreter\linkResolver.cpp, line 840]
Event: 225.465 Thread 0x00000224dd0f9e70 Exception <a 'java/lang/IncompatibleClassChangeError'{0x0000000705c0ca18}: Found class java.lang.Object, but interface was expected> (0x0000000705c0ca18) 
thrown [s\open\src\hotspot\share\interpreter\linkResolver.cpp, line 840]
Event: 226.037 Thread 0x00000224dd0f9e70 Exception <a 'java/lang/NoSuchMethodError'{0x000000070cc56a00}: 'int java.lang.invoke.DirectMethodHandle$Holder.invokeStaticInit(java.lang.Object, int, java.lang.Object, java.lang.Object, java.lang.Object, java.lang.Object)'> (0x000000070cc56a00) 
thrown [s\open\src\hotspot\share\interpreter\linkResolver.cpp, line 773]
Event: 227.013 Thread 0x00000224dd0f9e70 Exception <a 'java/lang/NoSuchMethodError'{0x0000000705b1cc08}: 'java.lang.Object java.lang.invoke.DirectMethodHandle$Holder.invokeVirtual(java.lang.Object, java.lang.Object, java.lang.Object, int)'> (0x0000000705b1cc08) 
thrown [s\open\src\hotspot\share\interpreter\linkResolver.cpp, line 773]
Event: 229.604 Thread 0x00000224dd0f9e70 Exception <a 'java/lang/NoSuchMethodError'{0x000000070c9e5058}: 'java.lang.Object java.lang.invoke.DirectMethodHandle$Holder.invokeVirtual(java.lang.Object, java.lang.Object, java.lang.Object, java.lang.Object, java.lang.Object, java.lang.Object, java.lang.Object, java.lang.Object)'> (0x000000070c9e5058) 
thrown [s\open\src\hotspot\share\interpreter\linkResolver.cpp, line 773]
Event: 230.031 Thread 0x00000224dd0f9e70 Exception <a 'java/lang/NoSuchMethodError'{0x0000000707c5c408}: 'void java.lang.invoke.DirectMethodHandle$Holder.invokeSpecialIFC(java.lang.Object, java.lang.Object, java.lang.Object, java.lang.Object)'> (0x0000000707c5c408) 
thrown [s\open\src\hotspot\share\interpreter\linkResolver.cpp, line 773]
Event: 232.339 Thread 0x00000224dd0f9e70 Exception <a 'java/lang/IncompatibleClassChangeError'{0x0000000710c7ed78}: Found class java.lang.Object, but interface was expected> (0x0000000710c7ed78) 
thrown [s\open\src\hotspot\share\interpreter\linkResolver.cpp, line 840]
Event: 232.340 Thread 0x00000224dd0f9e70 Exception <a 'java/lang/IncompatibleClassChangeError'{0x0000000710c8e4d8}: Found class java.lang.Object, but interface was expected> (0x0000000710c8e4d8) 
thrown [s\open\src\hotspot\share\interpreter\linkResolver.cpp, line 840]
Event: 233.140 Thread 0x00000224dd0f9e70 Exception <a 'java/lang/NoSuchMethodError'{0x00000007069866b0}: 'java.lang.Object java.lang.invoke.DirectMethodHandle$Holder.invokeVirtual(java.lang.Object, java.lang.Object, java.lang.Object, java.lang.Object, java.lang.Object, java.lang.Object, java.lang.Object)'> (0x00000007069866b0) 
thrown [s\open\src\hotspot\share\interpreter\linkResolver.cpp, line 773]
Event: 234.065 Thread 0x00000224dd0f9e70 Exception <a 'java/lang/IncompatibleClassChangeError'{0x0000000707cb5bc0}: Found class java.lang.Object, but interface was expected> (0x0000000707cb5bc0) 
thrown [s\open\src\hotspot\share\interpreter\linkResolver.cpp, line 840]

ZGC Phase Switch (0 events):
No events

VM Operations (20 events):
Event: 232.321 Executing VM operation: G1CollectForAllocation (G1 Evacuation Pause)
Event: 232.332 Executing VM operation: G1CollectForAllocation (G1 Evacuation Pause) done
Event: 233.033 Executing VM operation: HandshakeAllThreads (Deoptimize)
Event: 233.033 Executing VM operation: HandshakeAllThreads (Deoptimize) done
Event: 233.398 Executing VM operation: HandshakeAllThreads (Deoptimize)
Event: 233.398 Executing VM operation: HandshakeAllThreads (Deoptimize) done
Event: 233.398 Executing VM operation: Cleanup
Event: 233.398 Executing VM operation: Cleanup done
Event: 233.445 Executing VM operation: G1CollectForAllocation (G1 Evacuation Pause)
Event: 233.459 Executing VM operation: G1CollectForAllocation (G1 Evacuation Pause) done
Event: 233.510 Executing VM operation: G1PauseRemark
Event: 233.523 Executing VM operation: G1PauseRemark done
Event: 233.544 Executing VM operation: G1PauseCleanup
Event: 233.544 Executing VM operation: G1PauseCleanup done
Event: 233.551 Executing VM operation: HandshakeAllThreads (Deoptimize)
Event: 233.551 Executing VM operation: HandshakeAllThreads (Deoptimize) done
Event: 233.722 Executing VM operation: HandshakeAllThreads (Deoptimize)
Event: 233.722 Executing VM operation: HandshakeAllThreads (Deoptimize) done
Event: 233.727 Executing VM operation: HandshakeAllThreads (Deoptimize)
Event: 233.728 Executing VM operation: HandshakeAllThreads (Deoptimize) done

Events (20 events):
Event: 233.522 Thread 0x00000224fbe7d920 flushing nmethod 0x00000224e618a090
Event: 233.522 Thread 0x00000224fbe7d920 flushing nmethod 0x00000224e6302790
Event: 233.522 Thread 0x00000224fbe7d920 flushing nmethod 0x00000224e6320b10
Event: 233.522 Thread 0x00000224fbe7d920 flushing nmethod 0x00000224e633d310
Event: 233.522 Thread 0x00000224fbe7d920 flushing nmethod 0x00000224e6368610
Event: 233.522 Thread 0x00000224fbe7d920 flushing nmethod 0x00000224e6374b10
Event: 233.522 Thread 0x00000224fbe7d920 flushing nmethod 0x00000224e6410f90
Event: 233.522 Thread 0x00000224fbe7d920 flushing nmethod 0x00000224e64ad290
Event: 233.522 Thread 0x00000224fbe7d920 flushing nmethod 0x00000224e656f090
Event: 233.522 Thread 0x00000224fbe7d920 flushing nmethod 0x00000224e67c1c90
Event: 233.522 Thread 0x00000224fbe7d920 flushing nmethod 0x00000224e6821190
Event: 233.522 Thread 0x00000224fbe7d920 flushing nmethod 0x00000224e6a4e210
Event: 233.522 Thread 0x00000224fbe7d920 flushing nmethod 0x00000224e6a4e590
Event: 233.522 Thread 0x00000224fbe7d920 flushing nmethod 0x00000224e6a4f910
Event: 233.522 Thread 0x00000224fbe7d920 flushing nmethod 0x00000224e6a4fe10
Event: 233.522 Thread 0x00000224fbe7d920 flushing nmethod 0x00000224e6b04310
Event: 233.522 Thread 0x00000224fbe7d920 flushing nmethod 0x00000224e6b71110
Event: 233.522 Thread 0x00000224fbe7d920 flushing nmethod 0x00000224e6c1cd10
Event: 233.522 Thread 0x00000224fbe7d920 flushing nmethod 0x00000224e6cb2d90
Event: 233.522 Thread 0x00000224fbe7d920 flushing nmethod 0x00000224e6d37c10


Dynamic libraries:
0x00007ff717300000 - 0x00007ff717310000 	C:\Program Files\Java\jdk-21\bin\java.exe
0x00007ffe251c0000 - 0x00007ffe25426000 	C:\WINDOWS\SYSTEM32\ntdll.dll
0x00007ffe23990000 - 0x00007ffe23a59000 	C:\WINDOWS\System32\KERNEL32.DLL
0x00007ffe22a20000 - 0x00007ffe22e1f000 	C:\WINDOWS\System32\KERNELBASE.dll
0x00007ffe22620000 - 0x00007ffe2276c000 	C:\WINDOWS\System32\ucrtbase.dll
0x00007ffda2600000 - 0x00007ffda2619000 	C:\Program Files\Java\jdk-21\bin\jli.dll
0x00007ffe235a0000 - 0x00007ffe2365c000 	C:\WINDOWS\System32\ADVAPI32.dll
0x00007ffe236a0000 - 0x00007ffe23749000 	C:\WINDOWS\System32\msvcrt.dll
0x00007ffe238b0000 - 0x00007ffe2395a000 	C:\WINDOWS\System32\sechost.dll
0x00007ffe23df0000 - 0x00007ffe23f08000 	C:\WINDOWS\System32\RPCRT4.dll
0x00007ffe23f20000 - 0x00007ffe240e6000 	C:\WINDOWS\System32\USER32.dll
0x00007ffe22830000 - 0x00007ffe22857000 	C:\WINDOWS\System32\win32u.dll
0x00007ffe23670000 - 0x00007ffe2369b000 	C:\WINDOWS\System32\GDI32.dll
0x00007ffe228f0000 - 0x00007ffe22a19000 	C:\WINDOWS\System32\gdi32full.dll
0x00007ffe22780000 - 0x00007ffe22823000 	C:\WINDOWS\System32\msvcp_win.dll
0x00007ffda1510000 - 0x00007ffda152b000 	C:\Program Files\Java\jdk-21\bin\VCRUNTIME140.dll
0x00007ffe09910000 - 0x00007ffe09ba1000 	C:\WINDOWS\WinSxS\amd64_microsoft.windows.common-controls_6595b64144ccf1df_6.0.26100.8972_none_3e0da176e32f9d4b\COMCTL32.dll
0x00007ffe1b590000 - 0x00007ffe1b59b000 	C:\WINDOWS\SYSTEM32\VERSION.dll
0x00007ffe23870000 - 0x00007ffe238a2000 	C:\WINDOWS\System32\IMM32.DLL
0x00007ffdff980000 - 0x00007ffdff98c000 	C:\Program Files\Java\jdk-21\bin\vcruntime140_1.dll
0x00007ffd6bbd0000 - 0x00007ffd6bc5e000 	C:\Program Files\Java\jdk-21\bin\msvcp140.dll
0x00007ffce55b0000 - 0x00007ffce62cd000 	C:\Program Files\Java\jdk-21\bin\server\jvm.dll
0x00007ffe248f0000 - 0x00007ffe24972000 	C:\WINDOWS\System32\WS2_32.dll
0x00007ffe22230000 - 0x00007ffe2228e000 	C:\WINDOWS\SYSTEM32\POWRPROF.dll
0x00007ffe158e0000 - 0x00007ffe15916000 	C:\WINDOWS\SYSTEM32\WINMM.dll
0x00007ffe22210000 - 0x00007ffe22225000 	C:\WINDOWS\SYSTEM32\UMPDC.dll
0x00007ffe21080000 - 0x00007ffe2109b000 	C:\WINDOWS\SYSTEM32\kernel.appcore.dll
0x00007ffdf9650000 - 0x00007ffdf965a000 	C:\Program Files\Java\jdk-21\bin\jimage.dll
0x00007ffe0cc80000 - 0x00007ffe0cec2000 	C:\WINDOWS\SYSTEM32\DBGHELP.DLL
0x00007ffe23a60000 - 0x00007ffe23de5000 	C:\WINDOWS\System32\combase.dll
0x00007ffe23230000 - 0x00007ffe23309000 	C:\WINDOWS\System32\OLEAUT32.dll
0x00007ffe021c0000 - 0x00007ffe021fb000 	C:\WINDOWS\SYSTEM32\dbgcore.DLL
0x00007ffe223d0000 - 0x00007ffe2247c000 	C:\WINDOWS\System32\bcryptPrimitives.dll
0x00007ffdf7c80000 - 0x00007ffdf7c8f000 	C:\Program Files\Java\jdk-21\bin\instrument.dll
0x00007ffda14f0000 - 0x00007ffda150f000 	C:\Program Files\Java\jdk-21\bin\java.dll
0x00007ffe240f0000 - 0x00007ffe24878000 	C:\WINDOWS\System32\SHELL32.dll
0x00007ffe1fe60000 - 0x00007ffe206fb000 	C:\WINDOWS\SYSTEM32\windows.storage.dll
0x00007ffe24980000 - 0x00007ffe24a79000 	C:\WINDOWS\System32\SHCORE.dll
0x00007ffe24880000 - 0x00007ffe248e6000 	C:\WINDOWS\System32\shlwapi.dll
0x00007ffe222f0000 - 0x00007ffe22319000 	C:\WINDOWS\SYSTEM32\profapi.dll
0x00007ffd56780000 - 0x00007ffd56857000 	C:\Program Files\Java\jdk-21\bin\jsvml.dll
0x00007ffda1400000 - 0x00007ffda1418000 	C:\Program Files\Java\jdk-21\bin\zip.dll
0x00007ffdf8350000 - 0x00007ffdf8360000 	C:\Program Files\Java\jdk-21\bin\net.dll
0x00007ffe1b170000 - 0x00007ffe1b298000 	C:\WINDOWS\SYSTEM32\WINHTTP.dll
0x00007ffe21610000 - 0x00007ffe2167c000 	C:\WINDOWS\system32\mswsock.dll
0x00007ffda1420000 - 0x00007ffda1436000 	C:\Program Files\Java\jdk-21\bin\nio.dll
0x00007ffdf7f30000 - 0x00007ffdf7f40000 	C:\Program Files\Java\jdk-21\bin\verify.dll
0x00007ffdade50000 - 0x00007ffdade68000 	C:\WINDOWS\system32\napinsp.dll
0x00007ffe20a70000 - 0x00007ffe20bc8000 	C:\WINDOWS\SYSTEM32\DNSAPI.dll
0x00007ffe21430000 - 0x00007ffe2143d000 	C:\WINDOWS\SYSTEM32\DSPARSE.dll
0x00007ffe20a30000 - 0x00007ffe20a63000 	C:\WINDOWS\SYSTEM32\IPHLPAPI.DLL
0x00007ffe23980000 - 0x00007ffe2398a000 	C:\WINDOWS\System32\NSI.dll
0x00007ffdade30000 - 0x00007ffdade43000 	C:\WINDOWS\System32\winrnr.dll
0x00007ffe1cb40000 - 0x00007ffe1cb62000 	C:\WINDOWS\system32\nlansp_c.dll
0x00007ffdfbb00000 - 0x00007ffdfbb16000 	C:\WINDOWS\system32\wshbth.dll
0x00007ffe1a4f0000 - 0x00007ffe1a4fb000 	C:\Windows\System32\rasadhlp.dll
0x00007ffe1a6e0000 - 0x00007ffe1a766000 	C:\WINDOWS\System32\fwpuclnt.dll
0x00007ffdeb160000 - 0x00007ffdeb16a000 	C:\Program Files\Java\jdk-21\bin\management.dll
0x00007ffde9e30000 - 0x00007ffde9e3b000 	C:\Program Files\Java\jdk-21\bin\management_ext.dll
0x00007ffe23f10000 - 0x00007ffe23f18000 	C:\WINDOWS\System32\PSAPI.DLL
0x00007ffe21a30000 - 0x00007ffe21a4b000 	C:\WINDOWS\SYSTEM32\CRYPTSP.dll
0x00007ffe20fe0000 - 0x00007ffe21019000 	C:\WINDOWS\system32\rsaenh.dll
0x00007ffe216c0000 - 0x00007ffe216f2000 	C:\WINDOWS\SYSTEM32\USERENV.dll
0x00007ffe222c0000 - 0x00007ffe222ea000 	C:\WINDOWS\SYSTEM32\bcrypt.dll
0x00007ffe21870000 - 0x00007ffe2187c000 	C:\WINDOWS\SYSTEM32\CRYPTBASE.dll
0x00007ffde65b0000 - 0x00007ffde65b9000 	C:\Program Files\Java\jdk-21\bin\extnet.dll
0x00007ffddf8f0000 - 0x00007ffddf8fe000 	C:\Program Files\Java\jdk-21\bin\sunmscapi.dll
0x00007ffe22490000 - 0x00007ffe2260e000 	C:\WINDOWS\System32\CRYPT32.dll
0x00007ffe21ba0000 - 0x00007ffe21bd0000 	C:\WINDOWS\SYSTEM32\ncrypt.dll
0x00007ffe21b50000 - 0x00007ffe21b8f000 	C:\WINDOWS\SYSTEM32\NTASN1.dll

dbghelp: loaded successfully - version: 4.0.5 - missing functions: none
symbol engine: initialized successfully - sym options: 0x614 - pdb path: .;C:\Program Files\Java\jdk-21\bin;C:\WINDOWS\SYSTEM32;C:\WINDOWS\WinSxS\amd64_microsoft.windows.common-controls_6595b64144ccf1df_6.0.26100.8972_none_3e0da176e32f9d4b;C:\Program Files\Java\jdk-21\bin\server

VM Arguments:
jvm_args: -javaagent:C:\\Users\\lmart\\.m2\\repository\\org\\jacoco\\org.jacoco.agent\\0.8.12\\org.jacoco.agent-0.8.12-runtime.jar=destfile=C:\\Users\\lmart\\Documents\\dev\\clinica_Backend\\target\\jacoco.exec,excludes=**/ClinicaApplication.*:**/config/**:**/dto/**:**/entity/**:**/*Request.*:**/*Response.* 
java_command: C:\Users\lmart\AppData\Local\Temp\surefire17812199034589778080\surefirebooter-20260904151303121_3.jar C:\Users\lmart\AppData\Local\Temp\surefire17812199034589778080 2026-09-04T15-13-02_241-jvmRun1 surefire-20260904151303121_1tmp surefire_0-20260904151303121_2tmp
java_class_path (initial): C:\Users\lmart\AppData\Local\Temp\surefire17812199034589778080\surefirebooter-20260904151303121_3.jar
Launcher Type: SUN_STANDARD

[Global flags]
     intx CICompilerCount                          = 3                                         {product} {ergonomic}
     uint ConcGCThreads                            = 2                                         {product} {ergonomic}
     uint G1ConcRefinementThreads                  = 6                                         {product} {ergonomic}
   size_t G1HeapRegionSize                         = 2097152                                   {product} {ergonomic}
    uintx GCDrainStackTargetSize                   = 64                                        {product} {ergonomic}
   size_t InitialHeapSize                          = 268435456                                 {product} {ergonomic}
   size_t MarkStackSize                            = 4194304                                   {product} {ergonomic}
   size_t MaxHeapSize                              = 4280287232                                {product} {ergonomic}
   size_t MaxNewSize                               = 2566914048                                {product} {ergonomic}
   size_t MinHeapDeltaBytes                        = 2097152                                   {product} {ergonomic}
   size_t MinHeapSize                              = 8388608                                   {product} {ergonomic}
    uintx NonNMethodCodeHeapSize                   = 5832780                                {pd product} {ergonomic}
    uintx NonProfiledCodeHeapSize                  = 122912730                              {pd product} {ergonomic}
    uintx ProfiledCodeHeapSize                     = 122912730                              {pd product} {ergonomic}
    uintx ReservedCodeCacheSize                    = 251658240                              {pd product} {ergonomic}
     bool SegmentedCodeCache                       = true                                      {product} {ergonomic}
   size_t SoftMaxHeapSize                          = 4280287232                             {manageable} {ergonomic}
     bool UseCompressedOops                        = true                           {product lp64_product} {ergonomic}
     bool UseG1GC                                  = true                                      {product} {ergonomic}
     bool UseLargePagesIndividualAllocation        = false                                  {pd product} {ergonomic}

Logging:
Log output configuration:
 #0: stdout all=warning uptime,level,tags foldmultilines=false
 #1: stderr all=off uptime,level,tags foldmultilines=false

Environment Variables:
PATH=C:\Users\lmart\.cache\codex-runtimes\codex-primary-runtime\dependencies\native\powershell;C:\Users\lmart\.codex\tmp\arg0\codex-arg0bd9q3Y;C:\Users\lmart\.cache\codex-runtimes\codex-primary-runtime\dependencies\native\libheif\libheif\bin;C:\Users\lmart\.cache\codex-runtimes\codex-primary-runtime\dependencies\native\jxrlib\jxrlib\bin;C:\Users\lmart\.cache\codex-runtimes\codex-primary-runtime\dependencies\native\poppler\Library\bin;C:\Users\lmart\.cache\codex-runtimes\codex-primary-runtime\dependencies\bin\override;C:\Program Files (x86)\VMware\VMware Workstation\bin\;C:\Program Files\Microsoft MPI\Bin\;C:\Program Files\Common Files\Oracle\Java\javapath;C:\WINDOWS\system32;C:\WINDOWS;C:\WINDOWS\System32\Wbem;C:\WINDOWS\System32\WindowsPowerShell\v1.0\;C:\WINDOWS\System32\OpenSSH\;C:\Program Files (x86)\NVIDIA Corporation\PhysX\Common;C:\Program Files\nodejs\;C:\Program Files\Git\cmd;C:\Program Files\Docker\Docker\resources\bin;C:\Src\flutter\bin;C:\Program Files\Tailscale\;C:\Users\lmart\.local\bin;C:\Program Files\Microsoft SQL Server\170\DTS\Binn\;C:\Program Files (x86)\Microsoft SQL Server\170\Tools\Binn\;C:\Program Files\Microsoft SQL Server\170\Tools\Binn\;C:\Program Files\Microsoft SQL Server\Client SDK\ODBC\180\Tools\Binn\;C:\Program Files\dotnet\;C:\Users\lmart\AppData\Local\Programs\Python\Python314\Scripts\;C:\Users\lmart\AppData\Local\Programs\Python\Python314\;C:\Users\lmart\AppData\Local\Programs\Python\Launcher\;C:\Users\lmart\AppData\Local\agy\bin;C:\Users\lmart\.cache\codex-runtimes\codex-primary-runtime\dependencies\native\powershell;C:\Users\lmart\AppData\Local\Microsoft\WindowsApps;C:\Users\lmart\AppData\Roaming\npm;C:\Users\lmart\AppData\Local\Programs\Antigravity\bin;C:\Users\lmart\AppData\Local\Programs\cursor\resources\app\bin;C:\Users\lmart\AppData\Local\Programs\Warp\bin;C:\Users\lmart\AppData\Local\Microsoft\WinGet\Packages\MinIO.Client_Microsoft.Winget.Source_8wekyb3d8bbwe;C:\Users\lmart\AppData\Local\Programs\Microsoft VS Code\bin;C:\Users\lmart\.cache\codex-runtimes\codex-primary-runtime\dependencies\bin\fallback;C:\Users\lmart\.cache\codex-runtimes\codex-primary-runtime\dependencies\native\git\cmd;C:\Users\lmart\AppData\Local\OpenAI\Codex\bin\dff388841ed7a921;C:\Users\lmart\AppData\Local\OpenAI\Codex\bin\7537f22ba194f7c1
USERNAME=lmart
LANG=C.UTF-8
LC_ALL=C.UTF-8
LC_CTYPE=C.UTF-8
TERM=dumb
OS=Windows_NT
PROCESSOR_IDENTIFIER=Intel64 Family 6 Model 158 Stepping 10, GenuineIntel
TMP=C:\Users\lmart\AppData\Local\Temp
TEMP=C:\Users\lmart\AppData\Local\Temp




Periodic native trim disabled

---------------  S Y S T E M  ---------------

OS:
 Windows 11 , 64 bit Build 26100 (10.0.26100.9168)
OS uptime: 2 days 2:34 hours
Hyper-V role detected

CPU: total 6 (initial active 6) (6 cores per cpu, 1 threads per core) family 6 model 158 stepping 10 microcode 0xde, cx8, cmov, fxsr, mmx, 3dnowpref, sse, sse2, sse3, ssse3, sse4.1, sse4.2, popcnt, lzcnt, tsc, tscinvbit, avx, avx2, aes, erms, clmul, bmi1, bmi2, adx, fma, vzeroupper, clflush, clflushopt, hv, rdtscp, f16c
Processor Information for all 6 processors :
  Max Mhz: 2808, Current Mhz: 2808, Mhz Limit: 2808

Memory: 4k page, system-wide physical 16320M (378M free)
TotalPageFile size 39733M (AvailPageFile size 120M)
current process WorkingSet (physical memory assigned to process): 442M, peak: 442M
current process commit charge ("private bytes"): 471M, peak: 472M

vm_info: Java HotSpot(TM) 64-Bit Server VM (21.0.9+7-LTS-338) for windows-amd64 JRE (21.0.9+7-LTS-338), built on 2025-09-26T06:33:49Z by "mach5run" with MS VC++ 17.6 (VS2022)

END.
